img_id,scan_name,classname,gt_index,has_pred_bbox,spatial_zone
0,scene0207_01,counter,0,True,3
0,scene0207_01,bed,1,True,3
0,scene0207_01,door,2,True,4
0,scene0207_01,door,3,True,3
0,scene0207_01,door,4,True,2
0,scene0207_01,cabinet,5,True,4
0,scene0207_01,cabinet,6,True,4
0,scene0207_01,cabinet,7,True,4
0,scene0207_01,bathtub,8,True,4
0,scene0207_01,chair,9,False,3
1,scene0663_02,chair,0,True,4
1,scene0663_02,chair,1,True,3
1,scene0663_02,chair,2,True,3
1,scene0663_02,door,3,True,3
1,scene0663_02,cabinet,4,True,3
1,scene0663_02,cabinet,5,False,3
1,scene0663_02,cabinet,6,True,3
1,scene0663_02,desk,7,True,4
2,scene0412_01,door,0,True,4
2,scene0412_01,counter,1,False,3
3,scene0702_01,door,0,True,4
3,scene0702_01,door,1,True,2
3,scene0702_01,cabinet,2,False,3
3,scene0702_01,bathtub,3,True,3
4,scene0423_02,chair,0,True,3
4,scene0423_02,chair,1,True,1
4,scene0423_02,chair,2,True,3
4,scene0423_02,chair,3,True,2
5,scene0700_01,chair,0,True,4
5,scene0700_01,chair,1,True,4
5,scene0700_01,chair,2,True,4
5,scene0700_01,chair,3,True,3
5,scene0700_01,desk,4,True,3
5,scene0700_01,bookshelf,5,True,3
5,scene0700_01,door,6,True,2
5,scene0700_01,cabinet,7,True,3
5,scene0700_01,cabinet,8,False,4
6,scene0653_00,cabinet,0,True,4
6,scene0653_00,cabinet,1,True,4
6,scene0653_00,cabinet,2,True,3
6,scene0653_00,cabinet,3,True,3
6,scene0653_00,cabinet,4,True,4
6,scene0653_00,cabinet,5,False,3
6,scene0653_00,chair,6,True,3
6,scene0653_00,chair,7,True,3
6,scene0653_00,chair,8,True,3
6,scene0653_00,chair,9,True,4
6,scene0653_00,chair,10,True,3
6,scene0653_00,chair,11,True,4
6,scene0653_00,chair,12,True,4
6,scene0653_00,chair,13,True,4
6,scene0653_00,desk,14,True,4
6,scene0653_00,desk,15,True,4
6,scene0653_00,desk,16,True,4
6,scene0653_00,desk,17,True,3
6,scene0653_00,desk,18,True,4
6,scene0653_00,desk,19,True,4
6,scene0653_00,door,20,False,3
7,scene0131_01,desk,0,False,2
7,scene0131_01,chair,1,True,4
7,scene0131_01,chair,2,True,2
7,scene0131_01,chair,3,True,3
7,scene0131_01,chair,4,True,3
7,scene0131_01,chair,5,True,3
7,scene0131_01,chair,6,True,2
7,scene0131_01,chair,7,True,3
7,scene0131_01,chair,8,True,3
7,scene0131_01,chair,9,True,4
9,scene0609_02,chair,0,True,3
9,scene0609_02,chair,1,True,2
9,scene0609_02,chair,2,True,2
9,scene0609_02,chair,3,True,2
9,scene0609_02,chair,4,True,2
9,scene0609_02,chair,5,True,3
9,scene0609_02,chair,6,True,3
9,scene0609_02,chair,7,True,3
9,scene0609_02,chair,8,True,3
9,scene0609_02,chair,9,True,3
9,scene0609_02,chair,10,True,3
9,scene0609_02,chair,11,False,2
10,scene0490_00,chair,0,True,4
10,scene0490_00,chair,1,True,4
10,scene0490_00,chair,2,True,2
10,scene0490_00,chair,3,True,3
10,scene0490_00,chair,4,True,3
10,scene0490_00,chair,5,True,3
10,scene0490_00,chair,6,True,3
10,scene0490_00,chair,7,True,4
10,scene0490_00,chair,8,True,3
10,scene0490_00,chair,9,True,3
11,scene0307_01,door,0,False,4
11,scene0307_01,door,1,True,2
11,scene0307_01,door,2,True,3
11,scene0307_01,door,3,True,3
11,scene0307_01,door,4,False,4
11,scene0307_01,door,5,True,2
11,scene0307_01,chair,6,True,3
11,scene0307_01,cabinet,7,True,3
12,scene0277_01,bed,0,True,3
12,scene0277_01,desk,1,True,4
12,scene0277_01,cabinet,2,False,4
12,scene0277_01,chair,3,True,3
12,scene0277_01,door,4,True,3
13,scene0084_01,counter,0,True,3
13,scene0084_01,door,1,True,2
13,scene0084_01,door,2,True,4
14,scene0608_01,chair,0,True,4
14,scene0608_01,chair,1,True,3
14,scene0608_01,chair,2,True,3
14,scene0608_01,curtain,3,True,3
14,scene0608_01,door,4,False,3
15,scene0663_01,desk,0,True,3
15,scene0663_01,desk,1,True,3
15,scene0663_01,chair,2,True,3
15,scene0663_01,chair,3,False,4
15,scene0663_01,chair,4,True,4
15,scene0663_01,cabinet,5,True,4
15,scene0663_01,cabinet,6,False,3
15,scene0663_01,cabinet,7,False,4
15,scene0663_01,door,8,True,4
16,scene0307_02,cabinet,0,True,4
16,scene0307_02,cabinet,1,True,3
16,scene0307_02,cabinet,2,True,4
16,scene0307_02,door,3,True,3
16,scene0307_02,door,4,False,1
16,scene0307_02,door,5,False,3
16,scene0307_02,door,6,False,2
16,scene0307_02,door,7,True,3
16,scene0307_02,door,8,True,3
16,scene0307_02,door,9,True,3
16,scene0307_02,chair,10,True,4
17,scene0088_00,chair,0,True,2
17,scene0088_00,chair,1,True,2
17,scene0088_00,chair,2,True,2
17,scene0088_00,chair,3,True,2
17,scene0088_00,chair,4,True,3
17,scene0088_00,chair,5,True,2
17,scene0088_00,chair,6,True,3
17,scene0088_00,chair,7,True,3
17,scene0088_00,chair,8,True,2
17,scene0088_00,chair,9,True,3
17,scene0088_00,chair,10,True,4
17,scene0088_00,chair,11,True,3
17,scene0088_00,chair,12,True,1
17,scene0088_00,chair,13,True,4
17,scene0088_00,chair,14,True,4
17,scene0088_00,chair,15,True,3
17,scene0088_00,chair,16,True,4
17,scene0088_00,chair,17,False,3
17,scene0088_00,chair,18,False,4
17,scene0088_00,chair,19,True,3
17,scene0088_00,chair,20,False,3
17,scene0088_00,chair,21,True,4
17,scene0088_00,chair,22,True,3
17,scene0088_00,chair,23,False,3
17,scene0088_00,chair,24,True,1
17,scene0088_00,door,25,True,4
17,scene0088_00,door,26,False,4
18,scene0249_00,chair,0,True,4
18,scene0249_00,chair,1,True,4
18,scene0249_00,chair,2,True,4
18,scene0249_00,chair,3,True,3
18,scene0249_00,chair,4,True,4
18,scene0249_00,chair,5,True,3
18,scene0249_00,chair,6,True,3
18,scene0249_00,chair,7,True,3
18,scene0249_00,chair,8,True,4
18,scene0249_00,chair,9,True,4
18,scene0249_00,chair,10,True,4
18,scene0249_00,chair,11,True,3
18,scene0249_00,chair,12,False,2
18,scene0249_00,chair,13,True,2
18,scene0249_00,chair,14,True,4
18,scene0249_00,chair,15,True,3
18,scene0249_00,chair,16,True,4
18,scene0249_00,chair,17,True,2
18,scene0249_00,chair,18,True,3
18,scene0249_00,chair,19,False,4
18,scene0249_00,chair,20,True,3
18,scene0249_00,chair,21,True,3
18,scene0249_00,chair,22,True,3
18,scene0249_00,chair,23,True,4
18,scene0249_00,chair,24,True,4
18,scene0249_00,chair,25,True,4
18,scene0249_00,chair,26,True,3
18,scene0249_00,chair,27,False,3
18,scene0249_00,chair,28,False,2
18,scene0249_00,chair,29,False,2
18,scene0249_00,chair,30,True,2
18,scene0249_00,chair,31,True,4
18,scene0249_00,chair,32,True,3
19,scene0414_00,chair,0,True,4
19,scene0414_00,chair,1,False,4
19,scene0414_00,chair,2,True,4
19,scene0414_00,chair,3,True,4
19,scene0414_00,chair,4,True,3
19,scene0414_00,chair,5,True,4
19,scene0414_00,chair,6,True,4
19,scene0414_00,chair,7,True,4
19,scene0414_00,chair,8,True,2
19,scene0414_00,chair,9,True,4
19,scene0414_00,chair,10,True,4
19,scene0414_00,chair,11,True,3
19,scene0414_00,chair,12,True,2
19,scene0414_00,chair,13,True,4
19,scene0414_00,chair,14,True,4
19,scene0414_00,chair,15,True,4
19,scene0414_00,chair,16,False,4
19,scene0414_00,chair,17,True,4
19,scene0414_00,chair,18,True,4
19,scene0414_00,chair,19,True,4
19,scene0414_00,chair,20,True,4
19,scene0414_00,chair,21,False,4
19,scene0414_00,chair,22,True,3
19,scene0414_00,chair,23,True,2
19,scene0414_00,chair,24,True,2
19,scene0414_00,chair,25,True,2
19,scene0414_00,chair,26,True,4
19,scene0414_00,cabinet,27,True,3
20,scene0353_00,chair,0,True,3
20,scene0353_00,chair,1,True,4
20,scene0353_00,chair,2,True,3
20,scene0353_00,curtain,3,False,4
20,scene0353_00,bookshelf,4,True,3
20,scene0353_00,desk,5,True,3
20,scene0353_00,desk,6,False,3
20,scene0353_00,door,7,False,3
20,scene0353_00,door,8,True,4
20,scene0353_00,bed,9,True,3
21,scene0608_02,chair,0,True,4
21,scene0608_02,chair,1,True,4
21,scene0608_02,chair,2,True,3
21,scene0608_02,door,3,True,3
21,scene0608_02,door,4,True,3
21,scene0608_02,door,5,False,4
21,scene0608_02,cabinet,6,False,4
21,scene0608_02,counter,7,False,4
22,scene0593_01,door,0,True,4
22,scene0593_01,door,1,True,3
22,scene0593_01,cabinet,2,True,4
22,scene0593_01,cabinet,3,True,3
22,scene0593_01,cabinet,4,True,4
22,scene0593_01,cabinet,5,False,3
24,scene0342_00,chair,0,True,3
24,scene0342_00,chair,1,True,4
24,scene0342_00,chair,2,True,3
24,scene0342_00,chair,3,True,2
24,scene0342_00,chair,4,True,3
24,scene0342_00,chair,5,False,3
24,scene0342_00,chair,6,True,3
24,scene0342_00,chair,7,True,2
24,scene0342_00,chair,8,True,2
24,scene0342_00,chair,9,True,2
24,scene0342_00,chair,10,True,2
24,scene0342_00,chair,11,True,3
24,scene0342_00,chair,12,True,3
24,scene0342_00,chair,13,True,2
24,scene0342_00,chair,14,False,2
24,scene0342_00,chair,15,False,4
24,scene0342_00,chair,16,True,3
24,scene0342_00,chair,17,True,3
24,scene0342_00,chair,18,True,3
24,scene0342_00,chair,19,True,4
25,scene0696_02,chair,0,True,4
25,scene0696_02,chair,1,True,3
25,scene0696_02,chair,2,True,3
25,scene0696_02,chair,3,True,4
25,scene0696_02,chair,4,False,4
25,scene0696_02,chair,5,True,4
25,scene0696_02,chair,6,True,4
25,scene0696_02,chair,7,True,4
25,scene0696_02,chair,8,True,3
25,scene0696_02,chair,9,True,4
25,scene0696_02,chair,10,False,4
25,scene0696_02,curtain,11,True,4
25,scene0696_02,curtain,12,True,3
25,scene0696_02,cabinet,13,False,3
25,scene0696_02,cabinet,14,True,3
25,scene0696_02,cabinet,15,True,3
25,scene0696_02,cabinet,16,False,3
25,scene0696_02,door,17,True,3
25,scene0696_02,bed,18,True,3
26,scene0643_00,desk,0,True,3
26,scene0643_00,desk,1,True,3
26,scene0643_00,desk,2,True,3
26,scene0643_00,desk,3,True,3
26,scene0643_00,chair,4,True,3
26,scene0643_00,chair,5,True,3
26,scene0643_00,chair,6,True,3
26,scene0643_00,chair,7,True,3
26,scene0643_00,chair,8,True,2
26,scene0643_00,door,9,True,4
26,scene0643_00,door,10,True,2
26,scene0643_00,bookshelf,11,True,3
27,scene0329_01,door,0,True,4
27,scene0329_01,door,1,True,4
27,scene0329_01,door,2,True,4
27,scene0329_01,door,3,True,4
27,scene0329_01,door,4,True,4
27,scene0329_01,door,5,True,4
27,scene0329_01,door,6,True,4
27,scene0329_01,door,7,True,4
27,scene0329_01,cabinet,8,False,3
27,scene0329_01,cabinet,9,False,4
27,scene0329_01,chair,10,True,3
27,scene0329_01,chair,11,True,3
27,scene0329_01,chair,12,True,4
27,scene0329_01,chair,13,True,4
28,scene0658_00,desk,0,True,4
28,scene0658_00,cabinet,1,True,3
28,scene0658_00,cabinet,2,False,4
28,scene0658_00,door,3,True,3
28,scene0658_00,bed,4,True,3
28,scene0658_00,chair,5,True,4
29,scene0144_00,bed,0,True,3
29,scene0144_00,curtain,1,True,4
29,scene0144_00,curtain,2,False,4
29,scene0144_00,chair,3,True,3
29,scene0144_00,chair,4,True,3
29,scene0144_00,chair,5,True,4
29,scene0144_00,door,6,True,4
29,scene0144_00,door,7,True,3
29,scene0144_00,door,8,False,4
30,scene0583_02,door,0,True,4
30,scene0583_02,door,1,True,3
30,scene0583_02,bathtub,2,True,3
31,scene0488_01,cabinet,0,True,3
31,scene0488_01,cabinet,1,False,3
31,scene0488_01,cabinet,2,False,2
31,scene0488_01,cabinet,3,False,3
31,scene0488_01,cabinet,4,True,3
31,scene0488_01,cabinet,5,False,3
31,scene0488_01,cabinet,6,True,3
31,scene0488_01,cabinet,7,True,3
31,scene0488_01,cabinet,8,True,3
31,scene0488_01,cabinet,9,True,2
31,scene0488_01,counter,10,True,3
31,scene0488_01,counter,11,True,3
32,scene0552_01,cabinet,0,True,3
32,scene0552_01,cabinet,1,True,4
32,scene0552_01,cabinet,2,True,4
32,scene0552_01,chair,3,True,4
32,scene0552_01,chair,4,True,2
32,scene0552_01,chair,5,True,4
32,scene0552_01,chair,6,True,4
32,scene0552_01,chair,7,True,4
32,scene0552_01,chair,8,True,3
32,scene0552_01,counter,9,True,3
33,scene0670_01,cabinet,0,True,4
33,scene0670_01,cabinet,1,True,2
33,scene0670_01,cabinet,2,False,4
33,scene0670_01,cabinet,3,False,3
33,scene0670_01,cabinet,4,False,4
33,scene0670_01,counter,5,True,2
33,scene0670_01,counter,6,True,4
33,scene0670_01,door,7,True,4
33,scene0670_01,door,8,True,4
33,scene0670_01,chair,9,True,4
33,scene0670_01,chair,10,True,3
33,scene0670_01,chair,11,True,3
34,scene0696_01,chair,0,True,4
34,scene0696_01,chair,1,True,3
34,scene0696_01,chair,2,True,3
34,scene0696_01,chair,3,False,3
34,scene0696_01,chair,4,True,3
34,scene0696_01,chair,5,True,4
34,scene0696_01,chair,6,True,3
34,scene0696_01,chair,7,True,4
34,scene0696_01,chair,8,True,3
34,scene0696_01,chair,9,True,4
34,scene0696_01,door,10,True,3
34,scene0696_01,bed,11,True,3
34,scene0696_01,cabinet,12,True,2
34,scene0696_01,cabinet,13,False,2
34,scene0696_01,cabinet,14,False,3
34,scene0696_01,cabinet,15,True,3
34,scene0696_01,curtain,16,True,4
34,scene0696_01,curtain,17,True,4
35,scene0304_00,door,0,True,4
35,scene0304_00,cabinet,1,True,2
36,scene0660_00,chair,0,True,2
36,scene0660_00,chair,1,True,1
36,scene0660_00,chair,2,True,3
36,scene0660_00,chair,3,True,3
36,scene0660_00,chair,4,True,3
36,scene0660_00,chair,5,True,2
36,scene0660_00,chair,6,True,3
37,scene0474_03,chair,0,True,3
37,scene0474_03,chair,1,True,3
37,scene0474_03,chair,2,True,4
37,scene0474_03,bookshelf,3,True,4
37,scene0474_03,cabinet,4,True,3
37,scene0474_03,cabinet,5,True,4
37,scene0474_03,door,6,False,4
37,scene0474_03,door,7,True,3
37,scene0474_03,desk,8,True,3
37,scene0474_03,desk,9,True,3
38,scene0580_01,bed,0,True,2
38,scene0580_01,bookshelf,1,True,4
38,scene0580_01,curtain,2,True,4
38,scene0580_01,cabinet,3,False,3
38,scene0580_01,chair,4,False,3
38,scene0580_01,door,5,False,4
38,scene0580_01,door,6,True,3
39,scene0549_00,chair,0,True,4
39,scene0549_00,chair,1,True,2
39,scene0549_00,chair,2,True,3
39,scene0549_00,chair,3,True,3
39,scene0549_00,door,4,False,2
39,scene0549_00,door,5,True,2
39,scene0549_00,door,6,True,4
40,scene0316_00,chair,0,True,4
40,scene0316_00,chair,1,True,3
40,scene0316_00,door,2,True,3
40,scene0316_00,door,3,True,4
41,scene0256_01,chair,0,True,3
41,scene0256_01,curtain,1,True,4
41,scene0256_01,curtain,2,True,3
42,scene0686_01,door,0,True,2
42,scene0686_01,door,1,True,4
43,scene0645_00,door,0,False,3
43,scene0645_00,door,1,True,4
43,scene0645_00,door,2,True,4
43,scene0645_00,door,3,True,4
43,scene0645_00,desk,4,True,3
43,scene0645_00,curtain,5,True,4
43,scene0645_00,curtain,6,False,3
43,scene0645_00,curtain,7,False,3
43,scene0645_00,bathtub,8,True,3
43,scene0645_00,bed,9,True,3
43,scene0645_00,bed,10,True,3
43,scene0645_00,chair,11,True,3
43,scene0645_00,chair,12,True,4
43,scene0645_00,chair,13,True,4
43,scene0645_00,cabinet,14,True,3
43,scene0645_00,cabinet,15,True,3
44,scene0164_03,counter,0,True,2
44,scene0164_03,cabinet,1,True,3
44,scene0164_03,cabinet,2,True,3
44,scene0164_03,cabinet,3,True,4
44,scene0164_03,door,4,True,4
45,scene0208_00,bookshelf,0,True,4
45,scene0208_00,bookshelf,1,True,3
45,scene0208_00,bookshelf,2,True,2
45,scene0208_00,bookshelf,3,True,2
45,scene0208_00,bookshelf,4,True,3
46,scene0550_00,door,0,True,1
46,scene0550_00,door,1,True,4
46,scene0550_00,door,2,True,3
46,scene0550_00,cabinet,3,True,4
47,scene0406_01,bathtub,0,True,3
47,scene0406_01,cabinet,1,True,4
47,scene0406_01,door,2,True,3
47,scene0406_01,door,3,True,2
48,scene0377_02,chair,0,True,4
49,scene0553_00,door,0,True,3
50,scene0574_02,cabinet,0,True,3
50,scene0574_02,door,1,False,2
50,scene0574_02,door,2,True,4
50,scene0574_02,door,3,False,4
51,scene0025_02,door,0,True,4
51,scene0025_02,desk,1,True,4
51,scene0025_02,desk,2,True,3
51,scene0025_02,cabinet,3,True,3
51,scene0025_02,cabinet,4,True,4
51,scene0025_02,cabinet,5,True,3
51,scene0025_02,cabinet,6,False,4
51,scene0025_02,chair,7,True,4
51,scene0025_02,chair,8,True,4
52,scene0693_01,cabinet,0,True,3
52,scene0693_01,bathtub,1,True,4
52,scene0693_01,door,2,True,3
52,scene0693_01,door,3,False,3
53,scene0608_00,door,0,False,4
53,scene0608_00,curtain,1,True,4
53,scene0608_00,chair,2,True,4
53,scene0608_00,chair,3,True,4
53,scene0608_00,chair,4,True,3
54,scene0647_01,chair,0,True,3
54,scene0647_01,door,1,False,3
54,scene0647_01,door,2,False,3
55,scene0651_01,cabinet,0,True,4
55,scene0651_01,cabinet,1,True,3
55,scene0651_01,cabinet,2,True,3
55,scene0651_01,cabinet,3,True,3
55,scene0651_01,chair,4,True,4
55,scene0651_01,chair,5,True,4
55,scene0651_01,chair,6,True,4
55,scene0651_01,chair,7,True,4
55,scene0651_01,counter,8,True,3
56,scene0665_01,chair,0,False,4
56,scene0665_01,chair,1,True,4
56,scene0665_01,chair,2,True,4
56,scene0665_01,chair,3,True,4
56,scene0665_01,chair,4,True,2
56,scene0665_01,chair,5,True,3
56,scene0665_01,chair,6,True,3
56,scene0665_01,chair,7,False,4
56,scene0665_01,chair,8,True,3
56,scene0665_01,chair,9,True,3
56,scene0665_01,chair,10,True,3
56,scene0665_01,chair,11,True,3
56,scene0665_01,chair,12,True,3
56,scene0665_01,chair,13,False,3
56,scene0665_01,chair,14,True,4
56,scene0665_01,desk,15,True,2
56,scene0665_01,desk,16,False,2
56,scene0665_01,desk,17,True,3
56,scene0665_01,door,18,True,2
56,scene0665_01,door,19,True,4
57,scene0609_01,chair,0,True,2
57,scene0609_01,chair,1,True,2
57,scene0609_01,chair,2,True,2
57,scene0609_01,chair,3,True,2
57,scene0609_01,chair,4,True,2
57,scene0609_01,chair,5,True,2
57,scene0609_01,chair,6,True,3
58,scene0578_00,chair,0,True,3
58,scene0578_00,chair,1,True,3
58,scene0578_00,chair,2,True,3
58,scene0578_00,chair,3,False,3
58,scene0578_00,door,4,True,4
59,scene0077_00,cabinet,0,True,4
59,scene0077_00,door,1,True,3
59,scene0077_00,door,2,False,4
59,scene0077_00,door,3,False,4
59,scene0077_00,door,4,True,3
59,scene0077_00,counter,5,True,4
60,scene0474_04,door,0,True,4
60,scene0474_04,door,1,True,2
60,scene0474_04,bookshelf,2,True,3
60,scene0474_04,desk,3,True,3
60,scene0474_04,chair,4,True,4
60,scene0474_04,chair,5,True,2
60,scene0474_04,chair,6,True,3
60,scene0474_04,chair,7,True,3
60,scene0474_04,cabinet,8,False,2
60,scene0474_04,cabinet,9,False,3
61,scene0664_01,counter,0,True,3
61,scene0664_01,bathtub,1,True,4
61,scene0664_01,door,2,True,3
61,scene0664_01,door,3,True,2
62,scene0338_00,cabinet,0,True,3
62,scene0338_00,cabinet,1,False,4
62,scene0338_00,cabinet,2,True,4
62,scene0338_00,counter,3,True,3
62,scene0338_00,door,4,True,3
63,scene0568_02,curtain,0,True,4
63,scene0568_02,bookshelf,1,True,4
63,scene0568_02,chair,2,False,3
63,scene0568_02,chair,3,False,4
63,scene0568_02,chair,4,False,4
63,scene0568_02,chair,5,False,4
64,scene0430_00,chair,0,True,4
64,scene0430_00,chair,1,True,4
64,scene0430_00,chair,2,True,3
64,scene0430_00,chair,3,True,3
64,scene0430_00,chair,4,True,3
64,scene0430_00,chair,5,True,4
64,scene0430_00,chair,6,True,3
64,scene0430_00,chair,7,True,3
64,scene0430_00,chair,8,True,4
64,scene0430_00,chair,9,True,2
64,scene0430_00,chair,10,True,3
64,scene0430_00,chair,11,True,4
64,scene0430_00,chair,12,True,3
64,scene0430_00,chair,13,True,3
64,scene0430_00,chair,14,True,3
64,scene0430_00,chair,15,True,3
64,scene0430_00,chair,16,True,4
64,scene0430_00,chair,17,True,4
64,scene0430_00,chair,18,False,4
64,scene0430_00,door,19,False,3
65,scene0131_00,chair,0,True,2
65,scene0131_00,chair,1,True,3
65,scene0131_00,chair,2,True,4
65,scene0131_00,chair,3,True,3
65,scene0131_00,chair,4,True,3
65,scene0131_00,chair,5,True,3
65,scene0131_00,chair,6,True,3
65,scene0131_00,chair,7,True,2
65,scene0131_00,chair,8,True,3
65,scene0131_00,desk,9,False,2
66,scene0435_00,desk,0,True,4
66,scene0435_00,curtain,1,True,4
66,scene0435_00,curtain,2,False,4
66,scene0435_00,chair,3,True,2
66,scene0435_00,chair,4,True,4
66,scene0435_00,cabinet,5,True,2
66,scene0435_00,cabinet,6,True,2
66,scene0435_00,bathtub,7,True,3
66,scene0435_00,bed,8,True,4
66,scene0435_00,bed,9,True,3
66,scene0435_00,door,10,True,4
66,scene0435_00,door,11,False,3
66,scene0435_00,door,12,False,2
66,scene0435_00,door,13,True,3
67,scene0046_02,desk,0,True,4
67,scene0046_02,curtain,1,True,3
67,scene0046_02,curtain,2,True,4
67,scene0046_02,cabinet,3,True,4
67,scene0046_02,bed,4,True,3
67,scene0046_02,bathtub,5,True,4
67,scene0046_02,chair,6,True,3
67,scene0046_02,door,7,True,4
67,scene0046_02,door,8,True,3
67,scene0046_02,door,9,False,3
68,scene0689_00,door,0,True,3
68,scene0689_00,chair,1,True,4
68,scene0689_00,chair,2,True,3
68,scene0689_00,chair,3,True,3
68,scene0689_00,chair,4,True,2
68,scene0689_00,chair,5,True,3
68,scene0689_00,chair,6,True,3
68,scene0689_00,chair,7,True,2
68,scene0689_00,chair,8,True,2
69,scene0256_00,curtain,0,True,3
69,scene0256_00,curtain,1,True,4
69,scene0256_00,chair,2,True,3
70,scene0203_01,bookshelf,0,True,4
70,scene0203_01,chair,1,True,3
70,scene0203_01,chair,2,True,3
70,scene0203_01,door,3,True,4
70,scene0203_01,door,4,True,4
70,scene0203_01,door,5,True,4
71,scene0690_01,chair,0,True,3
71,scene0690_01,chair,1,True,3
71,scene0690_01,chair,2,True,3
71,scene0690_01,chair,3,True,3
71,scene0690_01,chair,4,True,4
71,scene0690_01,chair,5,True,4
71,scene0690_01,cabinet,6,True,4
71,scene0690_01,bookshelf,7,False,4
72,scene0257_00,chair,0,True,3
72,scene0257_00,chair,1,True,2
72,scene0257_00,chair,2,True,4
72,scene0257_00,chair,3,False,2
72,scene0257_00,chair,4,True,2
72,scene0257_00,chair,5,True,3
72,scene0257_00,chair,6,True,2
72,scene0257_00,chair,7,True,2
72,scene0257_00,chair,8,True,2
72,scene0257_00,chair,9,True,2
72,scene0257_00,chair,10,True,3
72,scene0257_00,chair,11,True,4
72,scene0257_00,chair,12,True,3
72,scene0257_00,chair,13,True,3
72,scene0257_00,chair,14,False,3
72,scene0257_00,chair,15,True,3
72,scene0257_00,chair,16,True,3
72,scene0257_00,chair,17,False,4
72,scene0257_00,chair,18,True,4
72,scene0257_00,door,19,True,4
72,scene0257_00,door,20,True,3
73,scene0203_00,door,0,True,3
73,scene0203_00,curtain,1,False,4
73,scene0203_00,bookshelf,2,True,4
73,scene0203_00,chair,3,True,4
74,scene0664_00,cabinet,0,True,3
74,scene0664_00,door,1,True,3
74,scene0664_00,door,2,True,4
74,scene0664_00,bathtub,3,True,2
75,scene0164_00,counter,0,True,2
75,scene0164_00,cabinet,1,True,3
75,scene0164_00,cabinet,2,True,3
75,scene0164_00,cabinet,3,True,4
75,scene0164_00,cabinet,4,True,4
75,scene0164_00,cabinet,5,False,3
75,scene0164_00,cabinet,6,False,4
75,scene0164_00,cabinet,7,False,3
75,scene0164_00,cabinet,8,False,3
75,scene0164_00,cabinet,9,True,4
75,scene0164_00,cabinet,10,False,3
75,scene0164_00,door,11,False,3
76,scene0690_00,cabinet,0,True,3
76,scene0690_00,chair,1,True,4
76,scene0690_00,chair,2,True,4
76,scene0690_00,chair,3,True,3
76,scene0690_00,chair,4,True,3
76,scene0690_00,chair,5,True,3
76,scene0690_00,chair,6,True,3
77,scene0684_00,door,0,True,2
77,scene0684_00,door,1,True,3
77,scene0684_00,chair,2,True,3
78,scene0086_00,door,0,True,3
78,scene0086_00,door,1,True,3
78,scene0086_00,door,2,True,4
78,scene0086_00,door,3,False,4
78,scene0086_00,door,4,True,3
78,scene0086_00,door,5,True,4
79,scene0164_02,cabinet,0,True,3
79,scene0164_02,cabinet,1,False,4
79,scene0164_02,cabinet,2,True,3
79,scene0164_02,cabinet,3,True,2
79,scene0164_02,counter,4,True,3
79,scene0164_02,door,5,True,4
80,scene0568_00,chair,0,True,4
80,scene0568_00,chair,1,True,3
80,scene0568_00,chair,2,False,4
80,scene0568_00,chair,3,False,2
80,scene0568_00,bookshelf,4,True,4
80,scene0568_00,curtain,5,True,3
81,scene0426_00,chair,0,True,3
81,scene0426_00,chair,1,True,3
81,scene0426_00,chair,2,True,3
81,scene0426_00,door,3,False,4
81,scene0426_00,door,4,True,4
81,scene0426_00,bed,5,True,4
81,scene0426_00,desk,6,True,3
82,scene0629_00,door,0,True,2
82,scene0629_00,door,1,True,4
82,scene0629_00,door,2,True,4
82,scene0629_00,door,3,True,3
82,scene0629_00,bed,4,True,4
82,scene0629_00,cabinet,5,True,2
82,scene0629_00,cabinet,6,True,3
82,scene0629_00,chair,7,True,2
82,scene0629_00,chair,8,True,4
83,scene0030_01,bookshelf,0,False,4
83,scene0030_01,bookshelf,1,True,4
83,scene0030_01,bookshelf,2,True,4
83,scene0030_01,bookshelf,3,False,3
83,scene0030_01,bookshelf,4,False,3
83,scene0030_01,chair,5,True,3
83,scene0030_01,chair,6,True,4
83,scene0030_01,chair,7,True,3
83,scene0030_01,chair,8,True,4
83,scene0030_01,chair,9,True,4
83,scene0030_01,chair,10,True,3
83,scene0030_01,chair,11,True,2
83,scene0030_01,chair,12,True,4
83,scene0030_01,chair,13,True,4
83,scene0030_01,chair,14,True,4
83,scene0030_01,chair,15,True,4
83,scene0030_01,chair,16,True,4
83,scene0030_01,chair,17,True,4
83,scene0030_01,chair,18,True,4
83,scene0030_01,chair,19,False,4
83,scene0030_01,chair,20,True,4
83,scene0030_01,door,21,True,4
83,scene0030_01,door,22,False,4
84,scene0412_00,door,0,True,3
84,scene0412_00,door,1,True,3
84,scene0412_00,door,2,True,3
85,scene0423_01,chair,0,True,2
85,scene0423_01,chair,1,True,2
85,scene0423_01,chair,2,True,3
85,scene0423_01,chair,3,True,2
86,scene0558_01,bookshelf,0,False,3
86,scene0558_01,bookshelf,1,True,2
86,scene0558_01,chair,2,True,3
86,scene0558_01,chair,3,True,3
86,scene0558_01,chair,4,True,2
87,scene0146_00,door,0,True,4
88,scene0606_02,chair,0,True,3
88,scene0606_02,chair,1,True,3
88,scene0606_02,chair,2,True,3
88,scene0606_02,chair,3,True,3
88,scene0606_02,chair,4,True,3
88,scene0606_02,chair,5,False,4
88,scene0606_02,cabinet,6,True,4
88,scene0606_02,door,7,True,4
88,scene0606_02,counter,8,True,4
89,scene0435_03,curtain,0,True,4
89,scene0435_03,curtain,1,False,4
89,scene0435_03,door,2,True,4
89,scene0435_03,desk,3,True,4
89,scene0435_03,chair,4,True,4
89,scene0435_03,chair,5,True,4
89,scene0435_03,bed,6,True,4
89,scene0435_03,bed,7,True,3
92,scene0559_01,door,0,True,3
93,scene0696_00,cabinet,0,True,4
93,scene0696_00,cabinet,1,False,2
93,scene0696_00,cabinet,2,True,4
93,scene0696_00,cabinet,3,True,4
93,scene0696_00,door,4,True,2
93,scene0696_00,curtain,5,True,3
93,scene0696_00,chair,6,True,3
93,scene0696_00,chair,7,True,3
93,scene0696_00,chair,8,True,3
93,scene0696_00,chair,9,True,2
93,scene0696_00,chair,10,True,2
93,scene0696_00,chair,11,True,3
93,scene0696_00,chair,12,True,3
93,scene0696_00,chair,13,True,3
93,scene0696_00,chair,14,True,4
93,scene0696_00,bed,15,False,4
94,scene0651_02,cabinet,0,True,4
94,scene0651_02,cabinet,1,True,4
94,scene0651_02,cabinet,2,True,4
94,scene0651_02,cabinet,3,True,3
94,scene0651_02,chair,4,True,4
94,scene0651_02,chair,5,True,4
94,scene0651_02,chair,6,True,3
94,scene0651_02,chair,7,True,3
94,scene0651_02,counter,8,True,3
95,scene0553_01,door,0,True,3
96,scene0695_02,desk,0,True,3
96,scene0695_02,bed,1,True,3
96,scene0695_02,chair,2,True,3
96,scene0695_02,chair,3,True,2
96,scene0695_02,chair,4,False,3
96,scene0695_02,bookshelf,5,True,4
96,scene0695_02,curtain,6,True,3
97,scene0203_02,bookshelf,0,True,4
97,scene0203_02,door,1,True,4
97,scene0203_02,door,2,True,4
97,scene0203_02,chair,3,True,4
97,scene0203_02,curtain,4,False,4
98,scene0221_01,chair,0,False,3
98,scene0221_01,chair,1,True,4
98,scene0221_01,chair,2,True,3
98,scene0221_01,door,3,True,4
98,scene0221_01,door,4,False,3
98,scene0221_01,bed,5,True,4
98,scene0221_01,bed,6,True,2
98,scene0221_01,desk,7,True,2
98,scene0221_01,cabinet,8,True,4
98,scene0221_01,curtain,9,True,3
99,scene0653_01,desk,0,True,3
99,scene0653_01,desk,1,True,4
99,scene0653_01,desk,2,True,3
99,scene0653_01,desk,3,True,3
99,scene0653_01,desk,4,True,3
99,scene0653_01,desk,5,True,4
99,scene0653_01,cabinet,6,True,3
99,scene0653_01,cabinet,7,True,3
99,scene0653_01,cabinet,8,True,3
99,scene0653_01,cabinet,9,True,4
99,scene0653_01,cabinet,10,True,3
99,scene0653_01,cabinet,11,False,4
99,scene0653_01,chair,12,True,4
99,scene0653_01,chair,13,True,4
99,scene0653_01,chair,14,True,4
99,scene0653_01,chair,15,True,4
99,scene0653_01,chair,16,True,4
99,scene0653_01,chair,17,True,4
99,scene0653_01,chair,18,True,4
99,scene0653_01,chair,19,True,4
99,scene0653_01,door,20,True,3
99,scene0653_01,door,21,True,3
100,scene0670_00,cabinet,0,True,3
100,scene0670_00,cabinet,1,True,4
100,scene0670_00,cabinet,2,True,4
100,scene0670_00,cabinet,3,True,4
100,scene0670_00,cabinet,4,True,3
100,scene0670_00,cabinet,5,False,3
100,scene0670_00,counter,6,True,3
101,scene0651_00,counter,0,True,3
101,scene0651_00,cabinet,1,True,4
101,scene0651_00,cabinet,2,True,3
101,scene0651_00,cabinet,3,True,4
101,scene0651_00,cabinet,4,True,4
101,scene0651_00,chair,5,True,4
101,scene0651_00,chair,6,True,3
101,scene0651_00,chair,7,False,3
101,scene0651_00,chair,8,True,3
102,scene0558_02,chair,0,True,3
102,scene0558_02,chair,1,True,3
102,scene0558_02,chair,2,True,3
102,scene0558_02,bookshelf,3,False,3
102,scene0558_02,bookshelf,4,True,2
102,scene0558_02,bookshelf,5,True,3
103,scene0685_02,door,0,True,3
104,scene0351_01,door,0,True,3
104,scene0351_01,chair,1,True,3
104,scene0351_01,chair,2,True,3
104,scene0351_01,chair,3,True,3
104,scene0351_01,chair,4,True,3
104,scene0351_01,cabinet,5,True,4
104,scene0351_01,cabinet,6,False,4
104,scene0351_01,desk,7,True,3
104,scene0351_01,desk,8,True,4
105,scene0086_02,door,0,True,4
105,scene0086_02,door,1,True,3
105,scene0086_02,door,2,True,4
105,scene0086_02,door,3,True,1
105,scene0086_02,door,4,True,4
105,scene0086_02,door,5,True,3
107,scene0193_01,chair,0,True,3
107,scene0193_01,bed,1,True,3
107,scene0193_01,door,2,True,3
107,scene0193_01,desk,3,True,4
107,scene0193_01,curtain,4,True,4
108,scene0578_02,chair,0,True,3
108,scene0578_02,chair,1,True,3
108,scene0578_02,chair,2,True,3
108,scene0578_02,chair,3,True,3
108,scene0578_02,desk,4,True,4
108,scene0578_02,door,5,True,3
109,scene0426_03,chair,0,True,3
109,scene0426_03,chair,1,True,3
109,scene0426_03,chair,2,True,3
109,scene0426_03,bed,3,True,4
109,scene0426_03,door,4,False,3
109,scene0426_03,door,5,True,4
109,scene0426_03,desk,6,True,4
110,scene0435_02,desk,0,True,4
110,scene0435_02,bed,1,True,4
110,scene0435_02,bed,2,True,2
110,scene0435_02,curtain,3,True,2
110,scene0435_02,curtain,4,True,4
110,scene0435_02,chair,5,True,4
110,scene0435_02,chair,6,True,3
110,scene0435_02,door,7,True,4
111,scene0607_00,counter,0,True,4
111,scene0607_00,cabinet,1,True,4
111,scene0607_00,cabinet,2,True,4
111,scene0607_00,chair,3,True,2
111,scene0607_00,chair,4,True,2
111,scene0607_00,chair,5,True,2
111,scene0607_00,chair,6,True,3
111,scene0607_00,chair,7,True,1
111,scene0607_00,chair,8,True,1
112,scene0355_01,chair,0,True,3
112,scene0355_01,chair,1,True,2
112,scene0355_01,chair,2,True,1
112,scene0355_01,chair,3,True,3
112,scene0355_01,chair,4,True,1
113,scene0329_02,bookshelf,0,True,3
113,scene0329_02,door,1,True,4
113,scene0329_02,door,2,False,4
113,scene0329_02,door,3,True,4
113,scene0329_02,door,4,True,4
113,scene0329_02,door,5,True,3
113,scene0329_02,door,6,True,3
113,scene0329_02,door,7,True,4
113,scene0329_02,door,8,True,3
113,scene0329_02,door,9,True,3
113,scene0329_02,desk,10,True,4
113,scene0329_02,chair,11,True,4
113,scene0329_02,chair,12,True,4
113,scene0329_02,chair,13,True,4
113,scene0329_02,chair,14,True,3
113,scene0329_02,cabinet,15,False,3
113,scene0329_02,cabinet,16,False,4
114,scene0684_01,chair,0,True,3
114,scene0684_01,door,1,True,3
114,scene0684_01,door,2,True,2
115,scene0575_00,chair,0,True,3
115,scene0575_00,chair,1,True,3
115,scene0575_00,chair,2,True,3
115,scene0575_00,chair,3,True,3
115,scene0575_00,chair,4,True,3
115,scene0575_00,chair,5,True,3
115,scene0575_00,chair,6,True,3
115,scene0575_00,chair,7,True,3
115,scene0575_00,chair,8,True,3
115,scene0575_00,chair,9,True,3
115,scene0575_00,door,10,True,4
116,scene0217_00,desk,0,True,4
116,scene0217_00,desk,1,True,4
116,scene0217_00,bed,2,True,4
116,scene0217_00,bed,3,True,4
116,scene0217_00,chair,4,True,4
116,scene0217_00,chair,5,True,4
116,scene0217_00,door,6,True,4
116,scene0217_00,door,7,True,4
117,scene0474_01,bookshelf,0,True,3
117,scene0474_01,desk,1,True,4
117,scene0474_01,desk,2,True,4
117,scene0474_01,door,3,True,3
117,scene0474_01,chair,4,True,3
117,scene0474_01,chair,5,True,4
117,scene0474_01,chair,6,True,4
117,scene0474_01,chair,7,True,4
118,scene0432_01,chair,0,True,3
118,scene0432_01,chair,1,True,3
119,scene0196_00,door,0,True,3
119,scene0196_00,chair,1,True,2
119,scene0196_00,chair,2,True,2
119,scene0196_00,chair,3,True,3
119,scene0196_00,chair,4,True,2
119,scene0196_00,chair,5,True,4
119,scene0196_00,chair,6,True,4
119,scene0196_00,chair,7,True,3
119,scene0196_00,chair,8,True,2
119,scene0196_00,chair,9,True,2
119,scene0196_00,chair,10,True,2
119,scene0196_00,chair,11,True,2
119,scene0196_00,chair,12,True,2
119,scene0196_00,chair,13,True,3
119,scene0196_00,chair,14,True,2
119,scene0196_00,chair,15,True,3
119,scene0196_00,chair,16,True,3
119,scene0196_00,chair,17,True,3
119,scene0196_00,chair,18,True,4
119,scene0196_00,chair,19,True,3
119,scene0196_00,chair,20,True,3
119,scene0196_00,chair,21,True,4
119,scene0196_00,chair,22,False,4
119,scene0196_00,chair,23,True,3
120,scene0645_02,curtain,0,True,4
120,scene0645_02,curtain,1,False,4
120,scene0645_02,curtain,2,False,3
120,scene0645_02,desk,3,True,4
120,scene0645_02,chair,4,True,3
120,scene0645_02,chair,5,True,3
120,scene0645_02,chair,6,True,3
120,scene0645_02,bed,7,True,3
120,scene0645_02,bed,8,True,3
120,scene0645_02,cabinet,9,True,3
120,scene0645_02,door,10,False,4
120,scene0645_02,door,11,False,4
120,scene0645_02,door,12,True,3
121,scene0064_00,bookshelf,0,True,3
121,scene0064_00,bookshelf,1,True,3
121,scene0064_00,chair,2,True,3
121,scene0064_00,chair,3,True,3
121,scene0064_00,door,4,False,3
122,scene0377_01,chair,0,True,4
123,scene0583_01,cabinet,0,True,4
123,scene0583_01,door,1,True,3
123,scene0583_01,door,2,True,3
123,scene0583_01,bathtub,3,False,2
124,scene0426_02,door,0,True,4
124,scene0426_02,door,1,True,3
124,scene0426_02,chair,2,True,3
124,scene0426_02,chair,3,True,3
124,scene0426_02,chair,4,True,3
124,scene0426_02,desk,5,False,3
124,scene0426_02,bed,6,True,4
125,scene0671_00,chair,0,True,2
125,scene0671_00,chair,1,True,2
125,scene0671_00,chair,2,True,2
125,scene0671_00,chair,3,True,2
125,scene0671_00,chair,4,True,3
125,scene0671_00,cabinet,5,True,4
126,scene0583_00,door,0,True,4
126,scene0583_00,door,1,True,2
126,scene0583_00,door,2,True,4
126,scene0583_00,door,3,True,4
126,scene0583_00,door,4,True,3
126,scene0583_00,cabinet,5,True,3
126,scene0583_00,bathtub,6,True,1
127,scene0050_02,chair,0,True,3
127,scene0050_02,chair,1,True,3
127,scene0050_02,desk,2,True,3
127,scene0050_02,door,3,False,3
127,scene0050_02,door,4,True,3
127,scene0050_02,door,5,True,4
127,scene0050_02,door,6,True,3
127,scene0050_02,door,7,True,4
127,scene0050_02,door,8,True,4
128,scene0278_01,chair,0,True,3
128,scene0278_01,chair,1,True,3
128,scene0278_01,cabinet,2,True,3
128,scene0278_01,cabinet,3,True,3
129,scene0474_02,chair,0,True,3
129,scene0474_02,chair,1,True,3
129,scene0474_02,chair,2,True,3
129,scene0474_02,chair,3,True,3
129,scene0474_02,bookshelf,4,True,3
129,scene0474_02,desk,5,True,4
129,scene0474_02,door,6,True,4
130,scene0011_00,cabinet,0,True,3
130,scene0011_00,cabinet,1,True,3
130,scene0011_00,cabinet,2,False,4
130,scene0011_00,chair,3,True,3
130,scene0011_00,chair,4,True,3
130,scene0011_00,chair,5,True,3
130,scene0011_00,chair,6,True,3
130,scene0011_00,chair,7,True,3
130,scene0011_00,chair,8,True,3
130,scene0011_00,chair,9,True,3
130,scene0011_00,chair,10,True,3
130,scene0011_00,chair,11,True,3
130,scene0011_00,chair,12,True,3
130,scene0011_00,chair,13,True,3
130,scene0011_00,counter,14,True,3
130,scene0011_00,door,15,True,3
130,scene0011_00,door,16,True,3
131,scene0169_01,chair,0,True,4
131,scene0169_01,chair,1,True,3
131,scene0169_01,chair,2,True,3
131,scene0169_01,chair,3,True,4
131,scene0169_01,chair,4,True,3
131,scene0169_01,chair,5,False,4
131,scene0169_01,chair,6,True,3
131,scene0169_01,chair,7,True,3
131,scene0169_01,chair,8,True,3
131,scene0169_01,chair,9,True,3
131,scene0169_01,chair,10,True,3
131,scene0169_01,chair,11,False,3
131,scene0169_01,chair,12,True,3
131,scene0169_01,chair,13,True,4
131,scene0169_01,chair,14,True,4
131,scene0169_01,chair,15,True,3
131,scene0169_01,chair,16,True,3
131,scene0169_01,chair,17,True,3
131,scene0169_01,chair,18,True,3
131,scene0169_01,chair,19,True,3
131,scene0169_01,chair,20,True,3
131,scene0169_01,chair,21,True,3
131,scene0169_01,cabinet,22,True,3
131,scene0169_01,cabinet,23,True,3
131,scene0169_01,door,24,True,2
132,scene0015_00,chair,0,True,2
132,scene0015_00,chair,1,True,3
132,scene0015_00,chair,2,True,4
132,scene0015_00,chair,3,False,4
132,scene0015_00,chair,4,True,3
132,scene0015_00,chair,5,True,3
132,scene0015_00,chair,6,True,2
132,scene0015_00,chair,7,True,3
132,scene0015_00,chair,8,True,3
132,scene0015_00,chair,9,True,3
132,scene0015_00,chair,10,True,3
132,scene0015_00,chair,11,True,3
132,scene0015_00,chair,12,True,3
132,scene0015_00,chair,13,True,2
132,scene0015_00,chair,14,True,3
132,scene0015_00,chair,15,True,3
132,scene0015_00,chair,16,True,2
132,scene0015_00,chair,17,False,4
132,scene0015_00,chair,18,True,3
132,scene0015_00,chair,19,True,4
132,scene0015_00,chair,20,True,2
132,scene0015_00,chair,21,True,3
133,scene0686_00,door,0,True,4
133,scene0686_00,door,1,True,2
134,scene0046_00,chair,0,True,2
134,scene0046_00,bathtub,1,True,3
134,scene0046_00,bed,2,True,4
134,scene0046_00,desk,3,True,3
134,scene0046_00,door,4,True,4
134,scene0046_00,door,5,True,3
134,scene0046_00,door,6,False,3
134,scene0046_00,curtain,7,True,4
135,scene0356_01,door,0,True,4
135,scene0356_01,door,1,False,2
135,scene0356_01,door,2,True,4
135,scene0356_01,door,3,True,4
135,scene0356_01,bed,4,True,4
135,scene0356_01,desk,5,True,2
135,scene0356_01,chair,6,True,3
136,scene0496_00,chair,0,True,3
136,scene0496_00,chair,1,True,3
136,scene0496_00,chair,2,True,3
136,scene0496_00,chair,3,True,3
136,scene0496_00,chair,4,True,3
136,scene0496_00,chair,5,True,3
136,scene0496_00,chair,6,True,3
136,scene0496_00,chair,7,True,3
136,scene0496_00,chair,8,True,3
136,scene0496_00,chair,9,True,3
136,scene0496_00,chair,10,True,3
136,scene0496_00,chair,11,False,3
136,scene0496_00,chair,12,True,3
136,scene0496_00,chair,13,False,3
136,scene0496_00,chair,14,True,4
136,scene0496_00,chair,15,False,4
136,scene0496_00,door,16,True,4
137,scene0084_02,counter,0,True,3
137,scene0084_02,door,1,True,4
137,scene0084_02,door,2,True,3
138,scene0307_00,door,0,False,1
138,scene0307_00,door,1,True,3
138,scene0307_00,door,2,True,3
138,scene0307_00,door,3,True,3
138,scene0307_00,door,4,False,3
138,scene0307_00,door,5,True,3
138,scene0307_00,cabinet,6,True,1
138,scene0307_00,cabinet,7,True,3
138,scene0307_00,cabinet,8,True,4
138,scene0307_00,chair,9,True,4
139,scene0300_01,bookshelf,0,True,3
139,scene0300_01,bookshelf,1,True,3
139,scene0300_01,bookshelf,2,True,3
139,scene0300_01,desk,3,True,4
139,scene0300_01,desk,4,True,3
139,scene0300_01,chair,5,True,4
139,scene0300_01,chair,6,True,3
139,scene0300_01,chair,7,True,3
139,scene0300_01,chair,8,False,4
139,scene0300_01,chair,9,False,4
140,scene0377_00,chair,0,True,2
141,scene0328_00,cabinet,0,True,2
141,scene0328_00,cabinet,1,True,3
141,scene0328_00,cabinet,2,False,3
141,scene0328_00,cabinet,3,True,3
141,scene0328_00,cabinet,4,False,2
141,scene0328_00,cabinet,5,True,3
141,scene0328_00,cabinet,6,False,4
141,scene0328_00,cabinet,7,True,3
141,scene0328_00,cabinet,8,True,2
141,scene0328_00,cabinet,9,False,3
141,scene0328_00,cabinet,10,True,4
141,scene0328_00,counter,11,True,4
142,scene0655_02,chair,0,True,3
142,scene0655_02,chair,1,True,3
142,scene0655_02,chair,2,True,4
142,scene0655_02,chair,3,True,3
142,scene0655_02,chair,4,True,3
142,scene0655_02,chair,5,True,3
142,scene0655_02,chair,6,True,4
142,scene0655_02,chair,7,True,3
142,scene0655_02,chair,8,True,4
142,scene0655_02,chair,9,True,3
142,scene0655_02,chair,10,True,3
142,scene0655_02,chair,11,True,3
142,scene0655_02,chair,12,True,3
142,scene0655_02,chair,13,True,4
142,scene0655_02,chair,14,True,3
143,scene0207_00,cabinet,0,True,4
143,scene0207_00,cabinet,1,True,4
143,scene0207_00,cabinet,2,False,2
143,scene0207_00,cabinet,3,True,4
143,scene0207_00,cabinet,4,True,3
143,scene0207_00,door,5,True,4
143,scene0207_00,door,6,True,4
143,scene0207_00,door,7,True,3
143,scene0207_00,door,8,True,3
143,scene0207_00,bed,9,True,4
143,scene0207_00,chair,10,False,4
143,scene0207_00,chair,11,True,3
143,scene0207_00,desk,12,True,3
143,scene0207_00,counter,13,True,4
143,scene0207_00,counter,14,False,3
143,scene0207_00,bathtub,15,True,3
144,scene0488_00,cabinet,0,True,3
144,scene0488_00,cabinet,1,True,3
144,scene0488_00,cabinet,2,True,3
144,scene0488_00,cabinet,3,False,4
144,scene0488_00,cabinet,4,True,3
144,scene0488_00,cabinet,5,True,3
144,scene0488_00,cabinet,6,True,3
144,scene0488_00,cabinet,7,True,2
144,scene0488_00,cabinet,8,True,2
144,scene0488_00,cabinet,9,True,3
144,scene0488_00,counter,10,True,3
144,scene0488_00,counter,11,True,3
145,scene0025_01,cabinet,0,True,4
145,scene0025_01,cabinet,1,True,4
145,scene0025_01,cabinet,2,False,4
145,scene0025_01,cabinet,3,True,3
145,scene0025_01,chair,4,True,4
145,scene0025_01,chair,5,True,3
145,scene0025_01,door,6,True,3
145,scene0025_01,door,7,True,4
145,scene0025_01,desk,8,True,3
146,scene0356_02,bed,0,True,4
146,scene0356_02,door,1,False,1
146,scene0356_02,door,2,True,3
146,scene0356_02,door,3,True,3
146,scene0356_02,door,4,True,3
146,scene0356_02,chair,5,True,3
146,scene0356_02,desk,6,True,2
147,scene0222_01,chair,0,True,3
147,scene0222_01,chair,1,True,3
147,scene0222_01,bed,2,True,3
147,scene0222_01,bed,3,True,3
147,scene0222_01,desk,4,True,3
147,scene0222_01,desk,5,True,3
147,scene0222_01,door,6,True,3
147,scene0222_01,door,7,True,4
147,scene0222_01,door,8,False,3
149,scene0474_05,chair,0,True,3
149,scene0474_05,chair,1,True,3
149,scene0474_05,chair,2,True,3
149,scene0474_05,bookshelf,3,True,3
149,scene0474_05,desk,4,True,4
149,scene0474_05,door,5,True,3
149,scene0474_05,cabinet,6,True,4
149,scene0474_05,cabinet,7,True,4
150,scene0088_03,chair,0,True,1
150,scene0088_03,chair,1,True,2
150,scene0088_03,chair,2,True,2
150,scene0088_03,chair,3,True,3
150,scene0088_03,chair,4,True,3
150,scene0088_03,chair,5,True,4
150,scene0088_03,chair,6,True,2
150,scene0088_03,chair,7,True,2
150,scene0088_03,chair,8,True,4
150,scene0088_03,chair,9,True,2
150,scene0088_03,chair,10,True,2
150,scene0088_03,chair,11,True,4
150,scene0088_03,chair,12,True,2
150,scene0088_03,chair,13,True,4
150,scene0088_03,chair,14,True,4
150,scene0088_03,chair,15,True,4
150,scene0088_03,chair,16,True,3
150,scene0088_03,chair,17,True,4
150,scene0088_03,chair,18,True,3
150,scene0088_03,chair,19,True,2
150,scene0088_03,chair,20,True,3
150,scene0088_03,chair,21,True,3
150,scene0088_03,door,22,True,3
151,scene0100_01,cabinet,0,True,3
151,scene0100_01,bathtub,1,True,3
151,scene0100_01,door,2,True,4
151,scene0100_01,door,3,False,3
152,scene0695_00,desk,0,True,4
152,scene0695_00,curtain,1,True,4
152,scene0695_00,bed,2,True,3
152,scene0695_00,chair,3,True,3
152,scene0695_00,chair,4,True,3
152,scene0695_00,door,5,True,3
152,scene0695_00,door,6,False,2
152,scene0695_00,bookshelf,7,True,4
152,scene0695_00,cabinet,8,False,3
153,scene0277_00,bed,0,True,3
153,scene0277_00,desk,1,True,3
153,scene0277_00,chair,2,True,3
153,scene0277_00,cabinet,3,True,3
153,scene0277_00,door,4,True,3
154,scene0575_02,chair,0,True,3
154,scene0575_02,chair,1,True,3
154,scene0575_02,chair,2,True,2
154,scene0575_02,chair,3,True,2
154,scene0575_02,chair,4,True,4
154,scene0575_02,chair,5,True,3
154,scene0575_02,chair,6,True,4
154,scene0575_02,chair,7,True,4
154,scene0575_02,chair,8,True,3
154,scene0575_02,chair,9,True,3
154,scene0575_02,door,10,True,3
155,scene0697_03,bed,0,False,4
155,scene0697_03,bed,1,True,4
155,scene0697_03,door,2,False,2
156,scene0146_02,door,0,True,4
158,scene0704_00,door,0,True,3
158,scene0704_00,cabinet,1,False,3
158,scene0704_00,cabinet,2,True,4
158,scene0704_00,cabinet,3,True,4
158,scene0704_00,counter,4,True,4
159,scene0064_01,bookshelf,0,True,4
159,scene0064_01,bookshelf,1,True,4
159,scene0064_01,chair,2,True,4
159,scene0064_01,chair,3,True,3
159,scene0064_01,chair,4,True,3
159,scene0064_01,chair,5,True,3
159,scene0064_01,door,6,False,2
160,scene0222_00,bed,0,True,3
160,scene0222_00,bed,1,True,3
160,scene0222_00,door,2,True,3
160,scene0222_00,door,3,True,3
160,scene0222_00,door,4,True,3
160,scene0222_00,door,5,True,3
160,scene0222_00,chair,6,True,3
160,scene0222_00,chair,7,True,2
160,scene0222_00,desk,8,True,4
160,scene0222_00,desk,9,True,4
161,scene0645_01,chair,0,False,4
161,scene0645_01,chair,1,True,4
161,scene0645_01,chair,2,True,3
161,scene0645_01,bed,3,True,3
161,scene0645_01,bed,4,True,3
161,scene0645_01,cabinet,5,True,4
161,scene0645_01,cabinet,6,True,4
161,scene0645_01,bathtub,7,True,3
161,scene0645_01,desk,8,True,3
161,scene0645_01,curtain,9,True,4
161,scene0645_01,door,10,True,3
161,scene0645_01,door,11,False,3
161,scene0645_01,door,12,False,4
161,scene0645_01,door,13,True,4
162,scene0063_00,chair,0,True,3
162,scene0063_00,chair,1,False,4
162,scene0063_00,chair,2,True,2
162,scene0063_00,chair,3,True,2
162,scene0063_00,cabinet,4,True,4
162,scene0063_00,cabinet,5,True,4
162,scene0063_00,cabinet,6,True,4
162,scene0063_00,door,7,True,4
162,scene0063_00,counter,8,True,4
163,scene0700_02,chair,0,True,4
163,scene0700_02,chair,1,True,2
163,scene0700_02,chair,2,True,3
163,scene0700_02,chair,3,False,3
163,scene0700_02,desk,4,True,3
163,scene0700_02,cabinet,5,True,4
163,scene0700_02,door,6,True,4
164,scene0549_01,chair,0,True,4
164,scene0549_01,chair,1,True,3
164,scene0549_01,chair,2,True,3
164,scene0549_01,chair,3,True,3
165,scene0050_01,door,0,True,3
165,scene0050_01,door,1,True,4
165,scene0050_01,door,2,True,4
165,scene0050_01,door,3,True,3
165,scene0050_01,door,4,True,4
165,scene0050_01,door,5,True,4
165,scene0050_01,chair,6,True,3
165,scene0050_01,chair,7,True,3
165,scene0050_01,desk,8,True,3
166,scene0633_01,chair,0,True,3
166,scene0633_01,curtain,1,True,3
166,scene0633_01,curtain,2,True,3
167,scene0382_00,desk,0,True,3
167,scene0382_00,bed,1,False,4
167,scene0382_00,chair,2,True,3
167,scene0382_00,door,3,True,3
167,scene0382_00,door,4,True,3
168,scene0606_01,chair,0,True,3
168,scene0606_01,chair,1,True,3
168,scene0606_01,chair,2,True,3
168,scene0606_01,chair,3,True,3
168,scene0606_01,chair,4,False,3
168,scene0606_01,chair,5,False,3
168,scene0606_01,cabinet,6,True,3
168,scene0606_01,door,7,True,4
168,scene0606_01,counter,8,True,4
169,scene0144_01,desk,0,True,4
169,scene0144_01,bed,1,True,3
169,scene0144_01,chair,2,True,3
169,scene0144_01,chair,3,True,3
169,scene0144_01,chair,4,True,3
169,scene0144_01,door,5,True,4
169,scene0144_01,door,6,False,4
169,scene0144_01,curtain,7,False,4
169,scene0144_01,curtain,8,False,4
170,scene0591_02,bookshelf,0,True,4
170,scene0591_02,bookshelf,1,True,4
170,scene0591_02,cabinet,2,True,4
170,scene0591_02,cabinet,3,True,3
170,scene0591_02,cabinet,4,False,4
170,scene0591_02,cabinet,5,True,3
170,scene0591_02,cabinet,6,False,3
170,scene0591_02,chair,7,True,4
170,scene0591_02,chair,8,True,4
170,scene0591_02,door,9,True,4
170,scene0591_02,desk,10,True,4
170,scene0591_02,desk,11,True,3
171,scene0251_00,chair,0,True,2
171,scene0251_00,chair,1,True,2
171,scene0251_00,door,2,True,3
171,scene0251_00,door,3,True,3
171,scene0251_00,door,4,True,3
171,scene0251_00,cabinet,5,True,3
172,scene0088_02,cabinet,0,True,4
172,scene0088_02,chair,1,True,4
172,scene0088_02,chair,2,True,4
172,scene0088_02,chair,3,True,4
172,scene0088_02,chair,4,True,3
172,scene0088_02,chair,5,True,3
172,scene0088_02,chair,6,True,2
172,scene0088_02,chair,7,True,2
172,scene0088_02,chair,8,True,3
172,scene0088_02,chair,9,True,3
172,scene0088_02,chair,10,True,4
172,scene0088_02,chair,11,True,3
172,scene0088_02,chair,12,True,4
172,scene0088_02,chair,13,True,3
172,scene0088_02,chair,14,True,3
172,scene0088_02,chair,15,True,3
172,scene0088_02,chair,16,True,1
172,scene0088_02,chair,17,True,2
172,scene0088_02,chair,18,True,2
172,scene0088_02,chair,19,False,3
172,scene0088_02,chair,20,True,3
172,scene0088_02,chair,21,True,2
172,scene0088_02,chair,22,True,1
172,scene0088_02,chair,23,True,2
172,scene0088_02,chair,24,True,4
172,scene0088_02,door,25,True,3
173,scene0187_00,chair,0,True,3
173,scene0187_00,chair,1,True,3
173,scene0187_00,chair,2,True,2
173,scene0187_00,chair,3,True,3
174,scene0599_00,door,0,True,4
174,scene0599_00,door,1,False,3
174,scene0599_00,chair,2,True,3
174,scene0599_00,chair,3,True,3
174,scene0599_00,chair,4,True,2
174,scene0599_00,chair,5,True,4
174,scene0599_00,chair,6,True,3
174,scene0599_00,chair,7,True,3
174,scene0599_00,chair,8,True,3
174,scene0599_00,chair,9,True,3
174,scene0599_00,chair,10,True,3
175,scene0500_00,chair,0,True,4
175,scene0500_00,chair,1,True,3
175,scene0500_00,chair,2,False,3
175,scene0500_00,chair,3,True,3
175,scene0500_00,chair,4,True,3
175,scene0500_00,chair,5,True,3
175,scene0500_00,chair,6,True,3
175,scene0500_00,chair,7,True,4
175,scene0500_00,chair,8,True,3
175,scene0500_00,chair,9,True,4
175,scene0500_00,chair,10,True,4
175,scene0500_00,chair,11,True,3
175,scene0500_00,chair,12,False,4
175,scene0500_00,chair,13,True,3
175,scene0500_00,chair,14,False,3
175,scene0500_00,chair,15,True,4
175,scene0500_00,chair,16,True,3
175,scene0500_00,chair,17,True,3
175,scene0500_00,chair,18,False,4
175,scene0500_00,chair,19,False,3
175,scene0500_00,chair,20,True,3
175,scene0500_00,chair,21,True,3
175,scene0500_00,chair,22,True,4
175,scene0500_00,chair,23,True,4
175,scene0500_00,chair,24,True,3
175,scene0500_00,chair,25,True,3
175,scene0500_00,chair,26,False,3
175,scene0500_00,chair,27,True,3
175,scene0500_00,chair,28,True,3
175,scene0500_00,chair,29,True,3
175,scene0500_00,chair,30,True,3
175,scene0500_00,chair,31,False,3
175,scene0500_00,chair,32,True,3
175,scene0500_00,chair,33,True,4
175,scene0500_00,chair,34,True,4
175,scene0500_00,chair,35,False,4
175,scene0500_00,chair,36,True,3
175,scene0500_00,chair,37,True,3
175,scene0500_00,chair,38,False,3
175,scene0500_00,door,39,False,3
176,scene0343_00,chair,0,True,2
176,scene0343_00,chair,1,True,4
177,scene0030_02,bookshelf,0,True,3
177,scene0030_02,bookshelf,1,True,2
177,scene0030_02,bookshelf,2,False,4
177,scene0030_02,bookshelf,3,False,4
177,scene0030_02,bookshelf,4,True,4
177,scene0030_02,bookshelf,5,False,4
177,scene0030_02,door,6,True,4
177,scene0030_02,door,7,True,4
177,scene0030_02,chair,8,True,4
177,scene0030_02,chair,9,True,4
177,scene0030_02,chair,10,True,4
177,scene0030_02,chair,11,True,4
177,scene0030_02,chair,12,True,4
177,scene0030_02,chair,13,True,4
177,scene0030_02,chair,14,True,4
177,scene0030_02,chair,15,True,3
177,scene0030_02,chair,16,True,3
177,scene0030_02,chair,17,True,3
177,scene0030_02,chair,18,True,3
177,scene0030_02,chair,19,True,2
177,scene0030_02,chair,20,True,3
177,scene0030_02,chair,21,False,3
177,scene0030_02,chair,22,True,3
177,scene0030_02,chair,23,True,3
177,scene0030_02,chair,24,True,3
178,scene0314_00,chair,0,True,4
178,scene0314_00,chair,1,True,3
178,scene0314_00,chair,2,True,3
178,scene0314_00,chair,3,True,2
179,scene0616_01,chair,0,True,4
179,scene0616_01,chair,1,True,3
179,scene0616_01,chair,2,True,3
179,scene0616_01,chair,3,False,3
179,scene0616_01,chair,4,True,3
179,scene0616_01,chair,5,True,3
179,scene0616_01,chair,6,True,3
179,scene0616_01,door,7,True,3
179,scene0616_01,door,8,True,4
180,scene0678_00,door,0,True,4
180,scene0678_00,door,1,False,4
180,scene0678_00,door,2,False,3
180,scene0678_00,door,3,True,4
181,scene0553_02,door,0,True,3
182,scene0187_01,chair,0,True,4
182,scene0187_01,chair,1,True,4
182,scene0187_01,chair,2,True,3
182,scene0187_01,chair,3,True,3
183,scene0458_01,cabinet,0,True,3
183,scene0458_01,door,1,False,2
184,scene0277_02,desk,0,True,4
184,scene0277_02,chair,1,False,4
184,scene0277_02,cabinet,2,False,4
184,scene0277_02,door,3,False,3
184,scene0277_02,bed,4,True,3
185,scene0389_00,chair,0,True,3
185,scene0389_00,chair,1,True,3
185,scene0389_00,bed,2,True,3
185,scene0389_00,cabinet,3,True,3
185,scene0389_00,door,4,False,4
185,scene0389_00,door,5,False,3
185,scene0389_00,curtain,6,True,3
186,scene0606_00,door,0,True,4
186,scene0606_00,chair,1,True,3
186,scene0606_00,chair,2,True,4
186,scene0606_00,chair,3,True,4
186,scene0606_00,chair,4,True,3
186,scene0606_00,chair,5,True,4
186,scene0606_00,chair,6,True,3
186,scene0606_00,cabinet,7,True,3
186,scene0606_00,cabinet,8,False,3
186,scene0606_00,counter,9,True,4
187,scene0086_01,door,0,True,4
187,scene0086_01,door,1,True,4
187,scene0086_01,door,2,True,4
187,scene0086_01,door,3,True,1
187,scene0086_01,door,4,True,4
187,scene0086_01,door,5,True,3
188,scene0648_00,door,0,False,4
188,scene0648_00,bed,1,True,4
188,scene0648_00,bed,2,True,4
188,scene0648_00,desk,3,True,3
188,scene0648_00,desk,4,True,3
188,scene0648_00,bookshelf,5,False,2
188,scene0648_00,cabinet,6,False,4
188,scene0648_00,chair,7,True,3
188,scene0648_00,chair,8,True,4
189,scene0427_00,chair,0,True,4
189,scene0427_00,chair,1,True,4
189,scene0427_00,chair,2,True,3
189,scene0427_00,chair,3,True,2
189,scene0427_00,door,4,True,3
190,scene0256_02,curtain,0,False,4
190,scene0256_02,curtain,1,False,4
190,scene0256_02,curtain,2,False,4
190,scene0256_02,bed,3,True,3
190,scene0256_02,cabinet,4,False,3
191,scene0695_03,bookshelf,0,True,4
191,scene0695_03,desk,1,True,4
191,scene0695_03,chair,2,True,3
191,scene0695_03,chair,3,True,3
191,scene0695_03,cabinet,4,False,2
191,scene0695_03,bed,5,True,3
191,scene0695_03,curtain,6,True,3
192,scene0535_00,cabinet,0,False,4
192,scene0535_00,chair,1,False,4
192,scene0535_00,chair,2,True,4
192,scene0535_00,chair,3,True,3
192,scene0535_00,chair,4,True,3
192,scene0535_00,desk,5,True,4
192,scene0535_00,desk,6,True,3
192,scene0535_00,bookshelf,7,True,3
193,scene0580_00,bookshelf,0,True,4
193,scene0580_00,curtain,1,True,3
193,scene0580_00,chair,2,True,3
193,scene0580_00,bed,3,True,4
193,scene0580_00,door,4,True,3
193,scene0580_00,door,5,True,3
194,scene0423_00,chair,0,True,2
194,scene0423_00,chair,1,True,2
194,scene0423_00,chair,2,True,3
194,scene0423_00,chair,3,True,2
195,scene0382_01,desk,0,True,4
195,scene0382_01,chair,1,True,3
195,scene0382_01,bed,2,True,3
195,scene0382_01,curtain,3,True,3
195,scene0382_01,door,4,True,4
195,scene0382_01,door,5,True,4
196,scene0629_01,bed,0,True,4
196,scene0629_01,door,1,False,4
196,scene0629_01,door,2,True,2
196,scene0629_01,door,3,True,4
196,scene0629_01,door,4,True,4
196,scene0629_01,desk,5,False,4
196,scene0629_01,chair,6,True,3
196,scene0629_01,cabinet,7,True,3
196,scene0629_01,cabinet,8,True,2
197,scene0618_00,chair,0,True,4
197,scene0618_00,chair,1,True,4
197,scene0618_00,chair,2,True,4
197,scene0618_00,chair,3,True,4
197,scene0618_00,chair,4,True,4
197,scene0618_00,chair,5,True,4
197,scene0618_00,chair,6,True,4
197,scene0618_00,chair,7,True,3
197,scene0618_00,chair,8,True,3
197,scene0618_00,chair,9,False,4
198,scene0300_00,bookshelf,0,True,3
198,scene0300_00,bookshelf,1,True,3
198,scene0300_00,chair,2,True,3
198,scene0300_00,chair,3,True,3
198,scene0300_00,chair,4,True,3
199,scene0693_00,bathtub,0,True,3
199,scene0693_00,cabinet,1,True,3
199,scene0693_00,door,2,True,3
199,scene0693_00,door,3,False,3
199,scene0693_00,door,4,True,4
200,scene0353_01,door,0,False,3
200,scene0353_01,door,1,True,3
200,scene0353_01,chair,2,True,4
200,scene0353_01,chair,3,True,4
200,scene0353_01,chair,4,True,3
200,scene0353_01,bed,5,True,4
200,scene0353_01,bed,6,True,3
200,scene0353_01,bookshelf,7,False,3
200,scene0353_01,curtain,8,False,3
201,scene0426_01,door,0,True,4
201,scene0426_01,door,1,True,3
201,scene0426_01,chair,2,True,3
201,scene0426_01,chair,3,True,4
201,scene0426_01,chair,4,True,4
201,scene0426_01,desk,5,True,3
201,scene0426_01,bed,6,True,3
202,scene0351_00,chair,0,True,3
202,scene0351_00,chair,1,True,3
202,scene0351_00,chair,2,True,4
202,scene0351_00,chair,3,True,4
202,scene0351_00,desk,4,True,4
202,scene0351_00,cabinet,5,True,4
203,scene0354_00,chair,0,True,2
203,scene0354_00,chair,1,True,3
203,scene0354_00,chair,2,True,3
203,scene0354_00,chair,3,True,2
203,scene0354_00,chair,4,True,2
203,scene0354_00,chair,5,True,3
203,scene0354_00,chair,6,True,3
203,scene0354_00,chair,7,True,2
203,scene0354_00,door,8,False,4
203,scene0354_00,door,9,True,4
204,scene0700_00,chair,0,True,3
204,scene0700_00,chair,1,True,3
204,scene0700_00,chair,2,True,3
204,scene0700_00,chair,3,True,4
204,scene0700_00,bookshelf,4,True,3
204,scene0700_00,door,5,True,4
204,scene0700_00,cabinet,6,True,4
204,scene0700_00,cabinet,7,True,4
204,scene0700_00,desk,8,True,3
205,scene0599_01,chair,0,True,3
205,scene0599_01,chair,1,True,3
205,scene0599_01,chair,2,True,3
205,scene0599_01,chair,3,True,3
205,scene0599_01,chair,4,True,3
205,scene0599_01,chair,5,True,3
205,scene0599_01,chair,6,True,4
205,scene0599_01,chair,7,False,3
205,scene0599_01,chair,8,True,3
205,scene0599_01,door,9,True,3
205,scene0599_01,door,10,True,4
206,scene0357_00,door,0,True,3
206,scene0357_00,door,1,False,3
206,scene0357_00,door,2,False,4
206,scene0357_00,door,3,True,3
206,scene0357_00,curtain,4,False,4
206,scene0357_00,cabinet,5,False,4
206,scene0357_00,cabinet,6,True,4
207,scene0591_00,chair,0,True,3
207,scene0591_00,chair,1,True,3
207,scene0591_00,cabinet,2,True,3
207,scene0591_00,cabinet,3,True,4
207,scene0591_00,cabinet,4,False,3
207,scene0591_00,cabinet,5,True,4
207,scene0591_00,cabinet,6,False,4
207,scene0591_00,desk,7,True,4
207,scene0591_00,desk,8,True,4
207,scene0591_00,door,9,True,3
207,scene0591_00,bookshelf,10,True,4
208,scene0084_00,door,0,True,3
208,scene0084_00,door,1,True,2
208,scene0084_00,counter,2,True,2
209,scene0655_01,chair,0,True,2
209,scene0655_01,chair,1,True,3
209,scene0655_01,chair,2,True,2
209,scene0655_01,chair,3,True,4
209,scene0655_01,chair,4,True,3
209,scene0655_01,chair,5,True,2
209,scene0655_01,chair,6,True,3
209,scene0655_01,chair,7,True,4
209,scene0655_01,chair,8,True,4
209,scene0655_01,chair,9,True,2
209,scene0655_01,chair,10,True,4
209,scene0655_01,chair,11,True,3
209,scene0655_01,chair,12,True,4
209,scene0655_01,chair,13,True,3
209,scene0655_01,chair,14,True,3
209,scene0655_01,chair,15,True,2
209,scene0655_01,chair,16,True,4
210,scene0494_00,chair,0,True,2
210,scene0494_00,chair,1,True,2
210,scene0494_00,chair,2,True,4
210,scene0494_00,chair,3,True,3
210,scene0494_00,door,4,True,2
211,scene0019_01,chair,0,True,4
211,scene0019_01,chair,1,False,4
211,scene0019_01,chair,2,True,4
211,scene0019_01,chair,3,True,3
211,scene0019_01,chair,4,False,3
211,scene0019_01,chair,5,False,4
211,scene0019_01,chair,6,False,4
211,scene0019_01,chair,7,False,4
211,scene0019_01,chair,8,False,4
211,scene0019_01,chair,9,True,2
211,scene0019_01,door,10,True,2
211,scene0019_01,door,11,True,3
212,scene0500_01,chair,0,True,3
212,scene0500_01,chair,1,True,4
212,scene0500_01,chair,2,True,3
212,scene0500_01,chair,3,True,3
212,scene0500_01,chair,4,True,4
212,scene0500_01,chair,5,True,4
212,scene0500_01,chair,6,True,4
212,scene0500_01,chair,7,False,3
212,scene0500_01,chair,8,True,3
212,scene0500_01,chair,9,True,4
212,scene0500_01,chair,10,True,3
212,scene0500_01,chair,11,True,3
212,scene0500_01,chair,12,True,3
212,scene0500_01,chair,13,False,4
212,scene0500_01,chair,14,False,4
212,scene0500_01,chair,15,True,3
212,scene0500_01,chair,16,True,4
212,scene0500_01,chair,17,True,3
212,scene0500_01,chair,18,True,3
212,scene0500_01,chair,19,True,3
212,scene0500_01,chair,20,True,3
212,scene0500_01,chair,21,False,3
212,scene0500_01,chair,22,True,3
212,scene0500_01,chair,23,True,3
212,scene0500_01,chair,24,True,3
212,scene0500_01,chair,25,True,3
212,scene0500_01,chair,26,True,3
212,scene0500_01,chair,27,True,3
212,scene0500_01,chair,28,True,3
212,scene0500_01,chair,29,True,3
212,scene0500_01,chair,30,True,3
212,scene0500_01,cabinet,31,True,3
212,scene0500_01,cabinet,32,False,3
213,scene0153_01,cabinet,0,True,3
213,scene0153_01,cabinet,1,False,3
213,scene0153_01,door,2,True,4
213,scene0153_01,bathtub,3,True,3
214,scene0030_00,chair,0,True,3
214,scene0030_00,chair,1,True,3
214,scene0030_00,chair,2,True,3
214,scene0030_00,chair,3,True,4
214,scene0030_00,chair,4,True,3
214,scene0030_00,chair,5,True,3
214,scene0030_00,chair,6,True,4
214,scene0030_00,chair,7,True,3
214,scene0030_00,chair,8,True,3
214,scene0030_00,chair,9,True,3
214,scene0030_00,chair,10,True,2
214,scene0030_00,chair,11,True,4
214,scene0030_00,chair,12,True,3
214,scene0030_00,chair,13,True,3
214,scene0030_00,chair,14,True,3
214,scene0030_00,chair,15,True,3
214,scene0030_00,chair,16,True,4
214,scene0030_00,bookshelf,17,False,4
214,scene0030_00,bookshelf,18,True,4
214,scene0030_00,bookshelf,19,True,4
214,scene0030_00,bookshelf,20,True,4
214,scene0030_00,bookshelf,21,False,4
214,scene0030_00,door,22,True,3
214,scene0030_00,door,23,True,2
215,scene0193_00,door,0,True,3
215,scene0193_00,door,1,True,4
215,scene0193_00,curtain,2,True,2
215,scene0193_00,chair,3,True,4
215,scene0193_00,bed,4,True,3
215,scene0193_00,desk,5,True,3
216,scene0435_01,curtain,0,True,4
216,scene0435_01,curtain,1,False,4
216,scene0435_01,bathtub,2,True,4
216,scene0435_01,chair,3,True,4
216,scene0435_01,chair,4,True,4
216,scene0435_01,bed,5,True,4
216,scene0435_01,bed,6,True,4
216,scene0435_01,desk,7,True,2
216,scene0435_01,door,8,True,4
216,scene0435_01,door,9,False,4
216,scene0435_01,door,10,False,3
217,scene0355_00,chair,0,True,2
217,scene0355_00,chair,1,True,3
217,scene0355_00,chair,2,True,2
217,scene0355_00,chair,3,True,2
217,scene0355_00,chair,4,True,3
217,scene0355_00,chair,5,True,2
217,scene0355_00,chair,6,True,3
217,scene0355_00,chair,7,True,2
217,scene0355_00,chair,8,True,3
218,scene0697_02,bed,0,False,4
218,scene0697_02,bed,1,True,4
219,scene0574_00,door,0,False,4
219,scene0574_00,door,1,False,3
219,scene0574_00,door,2,True,4
219,scene0574_00,cabinet,3,True,4
220,scene0231_00,desk,0,True,4
220,scene0231_00,door,1,False,4
220,scene0231_00,door,2,False,2
220,scene0231_00,door,3,False,4
220,scene0231_00,chair,4,True,4
220,scene0231_00,chair,5,True,4
220,scene0231_00,chair,6,False,4
220,scene0231_00,chair,7,True,4
220,scene0231_00,chair,8,True,3
220,scene0231_00,chair,9,True,4
220,scene0231_00,cabinet,10,False,3
220,scene0231_00,cabinet,11,False,3
220,scene0231_00,cabinet,12,True,3
220,scene0231_00,cabinet,13,True,4
220,scene0231_00,cabinet,14,False,3
220,scene0231_00,cabinet,15,True,3
220,scene0231_00,cabinet,16,True,3
220,scene0231_00,cabinet,17,True,3
220,scene0231_00,cabinet,18,False,4
220,scene0231_00,cabinet,19,False,4
220,scene0231_00,cabinet,20,False,3
220,scene0231_00,cabinet,21,True,3
220,scene0231_00,cabinet,22,False,4
220,scene0231_00,cabinet,23,True,4
220,scene0231_00,cabinet,24,True,4
220,scene0231_00,counter,25,False,4
221,scene0591_01,chair,0,True,3
221,scene0591_01,chair,1,True,4
221,scene0591_01,cabinet,2,True,3
221,scene0591_01,cabinet,3,False,3
221,scene0591_01,cabinet,4,True,4
221,scene0591_01,cabinet,5,False,4
221,scene0591_01,cabinet,6,True,2
221,scene0591_01,door,7,True,3
221,scene0591_01,desk,8,True,3
221,scene0591_01,desk,9,True,4
222,scene0695_01,bed,0,True,3
222,scene0695_01,chair,1,True,2
222,scene0695_01,chair,2,True,3
222,scene0695_01,curtain,3,True,3
222,scene0695_01,bookshelf,4,True,3
222,scene0695_01,desk,5,True,3
223,scene0441_00,door,0,True,4
223,scene0441_00,door,1,False,2
224,scene0575_01,chair,0,True,3
224,scene0575_01,chair,1,True,2
224,scene0575_01,chair,2,True,2
224,scene0575_01,chair,3,True,3
224,scene0575_01,chair,4,True,3
224,scene0575_01,chair,5,True,3
224,scene0575_01,chair,6,True,3
224,scene0575_01,chair,7,True,3
224,scene0575_01,chair,8,True,3
224,scene0575_01,chair,9,True,3
224,scene0575_01,door,10,True,3
225,scene0697_00,door,0,False,4
225,scene0697_00,door,1,False,4
225,scene0697_00,bed,2,True,3
225,scene0697_00,bed,3,False,2
226,scene0652_00,bed,0,True,3
226,scene0652_00,cabinet,1,True,3
226,scene0652_00,curtain,2,True,4
227,scene0353_02,curtain,0,False,3
227,scene0353_02,bed,1,True,3
227,scene0353_02,bed,2,True,4
227,scene0353_02,chair,3,True,3
227,scene0353_02,chair,4,True,3
227,scene0353_02,chair,5,True,3
227,scene0353_02,door,6,False,4
227,scene0353_02,door,7,True,3
227,scene0353_02,bookshelf,8,False,3
228,scene0095_00,chair,0,True,2
228,scene0095_00,chair,1,True,4
228,scene0095_00,chair,2,True,2
228,scene0095_00,chair,3,True,2
228,scene0095_00,chair,4,True,2
228,scene0095_00,chair,5,True,4
228,scene0095_00,chair,6,True,3
228,scene0095_00,chair,7,True,2
228,scene0095_00,chair,8,False,2
228,scene0095_00,chair,9,True,2
228,scene0095_00,chair,10,True,3
228,scene0095_00,chair,11,True,2
228,scene0095_00,chair,12,True,3
228,scene0095_00,chair,13,False,3
228,scene0095_00,chair,14,True,2
228,scene0095_00,chair,15,True,3
228,scene0095_00,cabinet,16,True,2
228,scene0095_00,door,17,True,4
229,scene0357_01,curtain,0,True,4
229,scene0357_01,cabinet,1,False,3
229,scene0357_01,cabinet,2,False,4
229,scene0357_01,door,3,False,4
229,scene0357_01,door,4,True,2
229,scene0357_01,door,5,True,3
229,scene0357_01,door,6,True,4
230,scene0671_01,chair,0,True,4
230,scene0671_01,chair,1,True,2
230,scene0671_01,chair,2,True,2
230,scene0671_01,chair,3,True,2
230,scene0671_01,cabinet,4,True,1
231,scene0527_00,curtain,0,True,4
231,scene0527_00,cabinet,1,True,4
231,scene0527_00,cabinet,2,True,3
231,scene0527_00,cabinet,3,True,4
231,scene0527_00,cabinet,4,True,4
231,scene0527_00,cabinet,5,False,4
231,scene0527_00,door,6,True,4
231,scene0527_00,door,7,True,2
231,scene0527_00,door,8,True,4
232,scene0207_02,door,0,True,4
232,scene0207_02,door,1,True,3
232,scene0207_02,door,2,True,2
232,scene0207_02,cabinet,3,True,4
232,scene0207_02,cabinet,4,True,4
232,scene0207_02,cabinet,5,True,4
232,scene0207_02,cabinet,6,True,4
232,scene0207_02,cabinet,7,True,4
232,scene0207_02,bathtub,8,True,4
232,scene0207_02,bed,9,True,3
232,scene0207_02,desk,10,True,4
232,scene0207_02,chair,11,True,3
232,scene0207_02,counter,12,True,4
234,scene0678_02,counter,0,True,2
234,scene0678_02,door,1,True,3
234,scene0678_02,door,2,True,4
235,scene0704_01,cabinet,0,True,4
235,scene0704_01,cabinet,1,False,3
235,scene0704_01,cabinet,2,True,3
235,scene0704_01,cabinet,3,False,2
235,scene0704_01,counter,4,True,3
236,scene0685_01,door,0,True,4
237,scene0565_00,chair,0,True,3
237,scene0565_00,chair,1,True,3
237,scene0565_00,chair,2,True,3
237,scene0565_00,chair,3,True,3
237,scene0565_00,cabinet,4,False,4
237,scene0565_00,desk,5,True,4
237,scene0565_00,desk,6,True,4
237,scene0565_00,door,7,True,4
237,scene0565_00,door,8,True,3
237,scene0565_00,door,9,False,4
237,scene0565_00,door,10,True,4
238,scene0095_01,chair,0,True,4
238,scene0095_01,chair,1,True,3
238,scene0095_01,chair,2,True,3
238,scene0095_01,chair,3,True,2
238,scene0095_01,chair,4,True,4
238,scene0095_01,chair,5,True,2
238,scene0095_01,chair,6,True,2
238,scene0095_01,chair,7,True,2
238,scene0095_01,chair,8,True,3
238,scene0095_01,chair,9,True,2
238,scene0095_01,chair,10,True,2
238,scene0095_01,chair,11,True,3
238,scene0095_01,chair,12,True,2
238,scene0095_01,chair,13,True,2
238,scene0095_01,chair,14,True,3
238,scene0095_01,chair,15,True,3
238,scene0095_01,chair,16,True,2
238,scene0095_01,cabinet,17,True,3
239,scene0607_01,chair,0,True,1
239,scene0607_01,chair,1,True,2
239,scene0607_01,chair,2,True,3
239,scene0607_01,chair,3,False,3
239,scene0607_01,cabinet,4,True,4
239,scene0607_01,cabinet,5,True,4
239,scene0607_01,counter,6,True,1
240,scene0378_00,desk,0,True,3
240,scene0378_00,desk,1,True,3
240,scene0378_00,desk,2,True,4
240,scene0378_00,cabinet,3,True,4
240,scene0378_00,cabinet,4,True,4
240,scene0378_00,door,5,False,3
240,scene0378_00,bookshelf,6,True,4
240,scene0378_00,bookshelf,7,True,4
240,scene0378_00,chair,8,True,4
240,scene0378_00,chair,9,True,3
240,scene0378_00,chair,10,True,3
240,scene0378_00,chair,11,True,3
241,scene0686_02,door,0,True,4
241,scene0686_02,door,1,True,4
242,scene0685_00,door,0,True,3
243,scene0406_02,bathtub,0,True,4
243,scene0406_02,cabinet,1,True,3
243,scene0406_02,door,2,True,2
243,scene0406_02,door,3,True,2
244,scene0011_01,chair,0,True,3
244,scene0011_01,chair,1,True,2
244,scene0011_01,chair,2,True,2
244,scene0011_01,chair,3,True,3
244,scene0011_01,chair,4,True,2
244,scene0011_01,chair,5,True,3
244,scene0011_01,chair,6,True,3
244,scene0011_01,chair,7,True,3
244,scene0011_01,chair,8,True,2
244,scene0011_01,chair,9,True,2
244,scene0011_01,counter,10,False,2
244,scene0011_01,cabinet,11,True,2
244,scene0011_01,cabinet,12,False,2
244,scene0011_01,cabinet,13,False,3
244,scene0011_01,door,14,False,4
245,scene0697_01,bed,0,True,3
245,scene0697_01,bed,1,False,3
246,scene0338_01,cabinet,0,True,3
246,scene0338_01,cabinet,1,False,3
246,scene0338_01,counter,2,True,3
246,scene0338_01,door,3,True,4
247,scene0131_02,desk,0,False,2
247,scene0131_02,chair,1,True,3
247,scene0131_02,chair,2,True,3
247,scene0131_02,chair,3,True,3
247,scene0131_02,chair,4,True,3
247,scene0131_02,chair,5,True,3
247,scene0131_02,chair,6,True,4
247,scene0131_02,chair,7,True,3
247,scene0131_02,chair,8,True,3
247,scene0131_02,chair,9,True,3
247,scene0131_02,cabinet,10,True,3
248,scene0050_00,chair,0,True,4
248,scene0050_00,chair,1,True,4
248,scene0050_00,desk,2,True,3
248,scene0050_00,door,3,True,3
248,scene0050_00,door,4,True,3
248,scene0050_00,door,5,False,2
248,scene0050_00,door,6,True,4
248,scene0050_00,door,7,True,4
248,scene0050_00,door,8,True,3
249,scene0338_02,cabinet,0,True,4
249,scene0338_02,cabinet,1,False,3
249,scene0338_02,door,2,True,4
249,scene0338_02,counter,3,True,4
250,scene0246_00,chair,0,True,4
250,scene0246_00,cabinet,1,True,3
250,scene0246_00,cabinet,2,True,3
250,scene0246_00,bed,3,True,2
250,scene0246_00,curtain,4,True,3
251,scene0693_02,cabinet,0,True,3
251,scene0693_02,door,1,True,4
251,scene0693_02,door,2,False,4
251,scene0693_02,door,3,False,3
251,scene0693_02,bathtub,4,True,3
252,scene0430_01,chair,0,True,3
252,scene0430_01,chair,1,False,3
252,scene0430_01,chair,2,True,3
252,scene0430_01,chair,3,True,4
252,scene0430_01,chair,4,True,4
252,scene0430_01,chair,5,True,4
252,scene0430_01,chair,6,True,4
252,scene0430_01,chair,7,True,3
252,scene0430_01,chair,8,True,3
252,scene0430_01,chair,9,True,3
252,scene0430_01,chair,10,True,3
253,scene0599_02,chair,0,True,4
253,scene0599_02,chair,1,True,3
253,scene0599_02,chair,2,True,3
253,scene0599_02,chair,3,True,3
253,scene0599_02,chair,4,True,3
253,scene0599_02,chair,5,True,3
253,scene0599_02,chair,6,True,4
253,scene0599_02,chair,7,True,2
253,scene0599_02,door,8,True,3
254,scene0025_00,door,0,True,3
254,scene0025_00,desk,1,True,3
254,scene0025_00,desk,2,True,4
254,scene0025_00,chair,3,True,3
254,scene0025_00,chair,4,True,3
254,scene0025_00,cabinet,5,True,3
254,scene0025_00,cabinet,6,False,3
254,scene0025_00,cabinet,7,True,4
254,scene0025_00,cabinet,8,True,4
255,scene0655_00,chair,0,True,2
255,scene0655_00,chair,1,True,3
255,scene0655_00,chair,2,True,3
255,scene0655_00,chair,3,True,3
255,scene0655_00,chair,4,True,4
255,scene0655_00,chair,5,True,4
255,scene0655_00,chair,6,True,3
255,scene0655_00,chair,7,True,3
255,scene0655_00,chair,8,True,3
255,scene0655_00,chair,9,True,3
255,scene0655_00,chair,10,True,4
255,scene0655_00,chair,11,True,2
255,scene0655_00,chair,12,True,3
255,scene0655_00,chair,13,True,3
256,scene0474_00,desk,0,True,3
256,scene0474_00,bookshelf,1,True,3
256,scene0474_00,chair,2,True,4
256,scene0474_00,chair,3,True,3
256,scene0474_00,chair,4,True,2
256,scene0474_00,chair,5,True,3
256,scene0474_00,door,6,True,3
257,scene0164_01,counter,0,True,2
257,scene0164_01,door,1,False,4
257,scene0164_01,cabinet,2,False,3
257,scene0164_01,cabinet,3,True,3
257,scene0164_01,cabinet,4,True,4
257,scene0164_01,cabinet,5,False,3
258,scene0461_00,chair,0,True,3
258,scene0461_00,chair,1,True,3
259,scene0046_01,curtain,0,True,4
259,scene0046_01,bed,1,True,4
259,scene0046_01,chair,2,True,3
259,scene0046_01,bathtub,3,True,3
259,scene0046_01,door,4,True,4
259,scene0046_01,door,5,True,3
259,scene0046_01,door,6,True,3
260,scene0644_00,chair,0,True,3
260,scene0644_00,chair,1,True,3
260,scene0644_00,chair,2,True,3
260,scene0644_00,chair,3,True,3
260,scene0644_00,chair,4,True,4
260,scene0644_00,chair,5,True,3
260,scene0644_00,chair,6,True,3
260,scene0644_00,chair,7,True,4
260,scene0644_00,chair,8,True,4
260,scene0644_00,chair,9,True,3
260,scene0644_00,chair,10,True,3
260,scene0644_00,chair,11,True,4
260,scene0644_00,cabinet,12,True,3
260,scene0644_00,cabinet,13,False,3
260,scene0644_00,door,14,True,4
261,scene0598_00,bookshelf,0,True,4
261,scene0598_00,chair,1,True,3
261,scene0598_00,chair,2,True,3
261,scene0598_00,chair,3,True,3
261,scene0598_00,chair,4,True,3
261,scene0598_00,chair,5,True,3
261,scene0598_00,chair,6,True,4
262,scene0609_03,chair,0,True,3
262,scene0609_03,chair,1,True,3
262,scene0609_03,chair,2,True,2
262,scene0609_03,chair,3,True,1
262,scene0609_03,chair,4,True,2
262,scene0609_03,chair,5,True,1
263,scene0406_00,counter,0,True,3
263,scene0406_00,bathtub,1,True,3
263,scene0406_00,door,2,True,4
263,scene0406_00,door,3,True,4
264,scene0665_00,chair,0,True,2
264,scene0665_00,chair,1,True,4
264,scene0665_00,chair,2,True,2
264,scene0665_00,chair,3,True,2
264,scene0665_00,chair,4,True,4
264,scene0665_00,chair,5,True,3
264,scene0665_00,chair,6,True,2
264,scene0665_00,chair,7,True,3
264,scene0665_00,chair,8,True,2
264,scene0665_00,chair,9,True,2
264,scene0665_00,chair,10,True,1
264,scene0665_00,chair,11,True,3
264,scene0665_00,chair,12,False,3
264,scene0665_00,chair,13,True,3
264,scene0665_00,chair,14,True,3
264,scene0665_00,chair,15,False,3
264,scene0665_00,chair,16,True,2
264,scene0665_00,chair,17,False,4
264,scene0665_00,desk,18,True,3
264,scene0665_00,desk,19,False,4
264,scene0665_00,desk,20,True,4
264,scene0665_00,desk,21,True,4
264,scene0665_00,door,22,True,4
264,scene0665_00,door,23,True,4
264,scene0665_00,cabinet,24,False,4
265,scene0221_00,chair,0,True,4
265,scene0221_00,chair,1,True,4
265,scene0221_00,chair,2,False,3
265,scene0221_00,bed,3,True,2
265,scene0221_00,bed,4,True,3
265,scene0221_00,desk,5,True,4
265,scene0221_00,cabinet,6,True,4
265,scene0221_00,cabinet,7,True,2
265,scene0221_00,door,8,True,4
265,scene0221_00,door,9,False,4
265,scene0221_00,door,10,True,4
265,scene0221_00,curtain,11,False,3
265,scene0221_00,bathtub,12,False,4
266,scene0648_01,chair,0,True,4
266,scene0648_01,chair,1,True,3
266,scene0648_01,bed,2,True,3
266,scene0648_01,bed,3,True,3
266,scene0648_01,desk,4,True,2
266,scene0648_01,desk,5,True,3
266,scene0648_01,door,6,False,3
267,scene0153_00,cabinet,0,True,4
267,scene0153_00,cabinet,1,False,3
267,scene0153_00,door,2,True,3
267,scene0153_00,bathtub,3,True,4
268,scene0609_00,chair,0,True,2
268,scene0609_00,chair,1,True,2
268,scene0609_00,chair,2,True,2
268,scene0609_00,chair,3,False,2
268,scene0609_00,chair,4,True,3
268,scene0609_00,chair,5,True,2
268,scene0609_00,chair,6,True,4
269,scene0231_02,chair,0,True,4
269,scene0231_02,chair,1,True,3
269,scene0231_02,chair,2,True,3
269,scene0231_02,chair,3,True,4
269,scene0231_02,chair,4,True,4
269,scene0231_02,desk,5,True,4
269,scene0231_02,cabinet,6,True,4
269,scene0231_02,cabinet,7,True,3
269,scene0231_02,cabinet,8,True,3
269,scene0231_02,cabinet,9,True,3
269,scene0231_02,cabinet,10,False,4
269,scene0231_02,cabinet,11,True,2
269,scene0231_02,cabinet,12,False,4
269,scene0231_02,cabinet,13,True,4
269,scene0231_02,cabinet,14,False,4
269,scene0231_02,cabinet,15,True,4
269,scene0231_02,door,16,False,3
269,scene0231_02,door,17,True,4
269,scene0231_02,counter,18,False,3
270,scene0629_02,bed,0,True,4
270,scene0629_02,door,1,True,3
270,scene0629_02,door,2,True,4
270,scene0629_02,door,3,True,4
270,scene0629_02,door,4,True,4
270,scene0629_02,desk,5,False,4
270,scene0629_02,chair,6,True,3
270,scene0629_02,cabinet,7,True,3
270,scene0629_02,cabinet,8,True,3
271,scene0462_00,cabinet,0,True,3
271,scene0462_00,door,1,True,4
271,scene0462_00,door,2,True,4
271,scene0462_00,door,3,False,4
272,scene0077_01,door,0,True,4
272,scene0077_01,door,1,True,4
272,scene0077_01,door,2,False,4
272,scene0077_01,counter,3,True,3
272,scene0077_01,cabinet,4,False,3
273,scene0518_00,chair,0,True,3
273,scene0518_00,chair,1,True,3
273,scene0518_00,desk,2,True,3
273,scene0518_00,cabinet,3,False,4
273,scene0518_00,cabinet,4,True,4
274,scene0552_00,chair,0,True,3
274,scene0552_00,chair,1,True,2
274,scene0552_00,chair,2,True,2
274,scene0552_00,chair,3,True,2
274,scene0552_00,chair,4,True,2
274,scene0552_00,chair,5,True,4
274,scene0552_00,chair,6,True,2
274,scene0552_00,cabinet,7,True,2
274,scene0552_00,cabinet,8,True,4
274,scene0552_00,cabinet,9,True,3
274,scene0552_00,counter,10,True,4
275,scene0458_00,cabinet,0,True,3
275,scene0458_00,door,1,False,4
276,scene0621_00,chair,0,True,3
276,scene0621_00,chair,1,True,3
276,scene0621_00,chair,2,True,2
276,scene0621_00,chair,3,True,3
276,scene0621_00,chair,4,True,3
276,scene0621_00,chair,5,True,4
276,scene0621_00,chair,6,True,4
276,scene0621_00,chair,7,True,4
276,scene0621_00,chair,8,True,4
276,scene0621_00,chair,9,True,4
276,scene0621_00,chair,10,True,4
276,scene0621_00,chair,11,True,4
276,scene0621_00,chair,12,True,3
276,scene0621_00,chair,13,True,3
276,scene0621_00,chair,14,True,3
276,scene0621_00,chair,15,True,4
276,scene0621_00,chair,16,True,2
276,scene0621_00,chair,17,True,2
276,scene0621_00,chair,18,True,2
276,scene0621_00,chair,19,True,2
276,scene0621_00,chair,20,True,3
276,scene0621_00,chair,21,True,2
276,scene0621_00,chair,22,True,3
276,scene0621_00,chair,23,True,4
276,scene0621_00,chair,24,True,4
276,scene0621_00,chair,25,True,4
276,scene0621_00,chair,26,True,3
276,scene0621_00,door,27,True,3
277,scene0356_00,desk,0,True,3
277,scene0356_00,door,1,True,3
277,scene0356_00,door,2,True,2
277,scene0356_00,door,3,True,4
277,scene0356_00,door,4,True,4
277,scene0356_00,bed,5,True,2
277,scene0356_00,chair,6,True,4
278,scene0146_01,door,0,False,4
279,scene0149_00,counter,0,True,2
279,scene0149_00,counter,1,True,3
279,scene0149_00,cabinet,2,False,3
279,scene0149_00,cabinet,3,False,3
279,scene0149_00,cabinet,4,False,3
279,scene0149_00,cabinet,5,True,4
279,scene0149_00,cabinet,6,True,3
279,scene0149_00,cabinet,7,True,3
279,scene0149_00,cabinet,8,False,4
279,scene0149_00,cabinet,9,True,3
279,scene0149_00,cabinet,10,True,4
279,scene0149_00,chair,11,False,3
280,scene0081_01,chair,0,True,4
280,scene0081_01,chair,1,True,3
280,scene0081_01,chair,2,True,2
280,scene0081_01,chair,3,True,3
280,scene0081_01,chair,4,True,4
280,scene0081_01,chair,5,True,2
280,scene0081_01,chair,6,True,2
280,scene0081_01,chair,7,True,2
280,scene0081_01,chair,8,True,4
280,scene0081_01,chair,9,True,2
280,scene0081_01,chair,10,False,2
280,scene0081_01,chair,11,False,4
280,scene0081_01,chair,12,True,3
280,scene0081_01,chair,13,True,4
280,scene0081_01,chair,14,True,3
280,scene0081_01,chair,15,True,3
280,scene0081_01,chair,16,True,2
280,scene0081_01,chair,17,True,3
280,scene0081_01,chair,18,True,4
280,scene0081_01,chair,19,True,3
280,scene0081_01,chair,20,True,2
280,scene0081_01,chair,21,True,3
280,scene0081_01,chair,22,True,2
280,scene0081_01,chair,23,True,3
280,scene0081_01,chair,24,True,4
280,scene0081_01,chair,25,True,2
281,scene0699_00,door,0,True,3
281,scene0699_00,door,1,False,2
281,scene0699_00,door,2,True,3
281,scene0699_00,door,3,False,3
281,scene0699_00,cabinet,4,True,4
281,scene0699_00,bed,5,True,3
281,scene0699_00,chair,6,True,3
282,scene0081_02,chair,0,True,2
282,scene0081_02,chair,1,True,3
282,scene0081_02,chair,2,True,3
282,scene0081_02,chair,3,True,2
282,scene0081_02,chair,4,True,2
282,scene0081_02,chair,5,True,2
282,scene0081_02,chair,6,True,2
282,scene0081_02,chair,7,True,3
282,scene0081_02,chair,8,True,3
282,scene0081_02,chair,9,True,2
282,scene0081_02,chair,10,True,2
282,scene0081_02,chair,11,True,3
282,scene0081_02,chair,12,True,3
282,scene0081_02,chair,13,True,2
282,scene0081_02,chair,14,True,3
282,scene0081_02,chair,15,True,1
282,scene0081_02,chair,16,True,2
282,scene0081_02,chair,17,True,3
282,scene0081_02,chair,18,False,3
282,scene0081_02,chair,19,True,3
282,scene0081_02,chair,20,True,1
282,scene0081_02,chair,21,True,2
282,scene0081_02,chair,22,True,3
282,scene0081_02,chair,23,True,3
282,scene0081_02,chair,24,True,3
282,scene0081_02,chair,25,True,4
282,scene0081_02,chair,26,True,3
283,scene0598_02,bookshelf,0,True,3
283,scene0598_02,bookshelf,1,True,1
284,scene0100_02,cabinet,0,True,3
284,scene0100_02,door,1,True,3
284,scene0100_02,counter,2,False,3
284,scene0100_02,bathtub,3,True,4
285,scene0633_00,curtain,0,False,4
285,scene0633_00,curtain,1,True,4
285,scene0633_00,chair,2,True,4
287,scene0574_01,door,0,False,4
287,scene0574_01,door,1,True,3
287,scene0574_01,door,2,True,4
287,scene0574_01,cabinet,3,True,4
288,scene0663_00,door,0,True,4
288,scene0663_00,desk,1,True,3
288,scene0663_00,desk,2,True,3
288,scene0663_00,chair,3,True,4
288,scene0663_00,chair,4,True,3
288,scene0663_00,chair,5,True,4
288,scene0663_00,cabinet,6,True,4
288,scene0663_00,cabinet,7,False,4
288,scene0663_00,cabinet,8,True,4
289,scene0647_00,chair,0,True,4
289,scene0647_00,door,1,False,3
289,scene0647_00,door,2,True,3
290,scene0568_01,chair,0,True,3
290,scene0568_01,chair,1,False,4
290,scene0568_01,chair,2,False,4
290,scene0568_01,chair,3,False,3
290,scene0568_01,bookshelf,4,True,4
290,scene0568_01,curtain,5,True,4
291,scene0019_00,chair,0,False,4
291,scene0019_00,chair,1,False,3
291,scene0019_00,chair,2,False,4
291,scene0019_00,chair,3,False,3
291,scene0019_00,chair,4,True,2
291,scene0019_00,chair,5,False,4
291,scene0019_00,chair,6,True,4
291,scene0019_00,chair,7,True,4
291,scene0019_00,chair,8,False,3
291,scene0019_00,chair,9,True,4
291,scene0019_00,door,10,True,2
291,scene0019_00,door,11,True,4
292,scene0378_02,desk,0,True,3
292,scene0378_02,desk,1,True,3
292,scene0378_02,desk,2,True,3
292,scene0378_02,bookshelf,3,True,4
292,scene0378_02,bookshelf,4,True,3
292,scene0378_02,chair,5,True,3
292,scene0378_02,chair,6,True,3
292,scene0378_02,chair,7,True,3
292,scene0378_02,chair,8,True,4
292,scene0378_02,cabinet,9,True,3
292,scene0378_02,cabinet,10,True,4
292,scene0378_02,door,11,True,4
293,scene0578_01,chair,0,True,3
293,scene0578_01,chair,1,True,3
293,scene0578_01,chair,2,True,3
293,scene0578_01,chair,3,True,4
293,scene0578_01,door,4,False,3
294,scene0378_01,chair,0,True,3
294,scene0378_01,chair,1,True,3
294,scene0378_01,chair,2,True,3
294,scene0378_01,chair,3,True,3
294,scene0378_01,desk,4,True,4
294,scene0378_01,desk,5,True,3
294,scene0378_01,desk,6,True,3
294,scene0378_01,bookshelf,7,True,4
294,scene0378_01,bookshelf,8,True,4
294,scene0378_01,cabinet,9,True,4
294,scene0378_01,cabinet,10,True,4
294,scene0378_01,door,11,True,3
295,scene0702_02,bathtub,0,True,4
295,scene0702_02,door,1,True,4
295,scene0702_02,curtain,2,False,3
296,scene0169_00,chair,0,True,3
296,scene0169_00,chair,1,True,3
296,scene0169_00,chair,2,True,3
296,scene0169_00,chair,3,True,4
296,scene0169_00,chair,4,True,3
296,scene0169_00,chair,5,True,3
296,scene0169_00,chair,6,True,4
296,scene0169_00,chair,7,True,4
296,scene0169_00,chair,8,True,4
296,scene0169_00,chair,9,False,3
296,scene0169_00,chair,10,False,4
296,scene0169_00,chair,11,True,4
296,scene0169_00,chair,12,True,4
296,scene0169_00,chair,13,True,4
296,scene0169_00,chair,14,False,4
296,scene0169_00,chair,15,False,4
296,scene0169_00,chair,16,True,4
296,scene0169_00,chair,17,True,4
296,scene0169_00,chair,18,True,3
296,scene0169_00,chair,19,True,3
296,scene0169_00,chair,20,True,3
296,scene0169_00,chair,21,True,3
296,scene0169_00,chair,22,True,3
296,scene0169_00,chair,23,True,3
296,scene0169_00,chair,24,True,3
296,scene0169_00,cabinet,25,True,3
296,scene0169_00,cabinet,26,True,2
296,scene0169_00,door,27,True,3
297,scene0432_00,chair,0,True,3
297,scene0432_00,chair,1,True,3
298,scene0702_00,door,0,True,4
298,scene0702_00,door,1,True,2
298,scene0702_00,bathtub,2,True,4
299,scene0678_01,door,0,True,4
299,scene0678_01,door,1,True,4
299,scene0678_01,door,2,False,4
299,scene0678_01,door,3,True,4
300,scene0329_00,door,0,True,3
300,scene0329_00,door,1,True,3
300,scene0329_00,door,2,True,4
300,scene0329_00,door,3,True,3
300,scene0329_00,door,4,True,3
300,scene0329_00,door,5,True,4
300,scene0329_00,door,6,True,4
300,scene0329_00,door,7,True,2
300,scene0329_00,chair,8,True,4
300,scene0329_00,chair,9,True,4
300,scene0329_00,chair,10,False,4
300,scene0329_00,cabinet,11,False,4
300,scene0329_00,cabinet,12,False,4
301,scene0616_00,chair,0,True,4
301,scene0616_00,chair,1,True,4
301,scene0616_00,chair,2,True,4
301,scene0616_00,chair,3,True,3
301,scene0616_00,chair,4,True,3
301,scene0616_00,chair,5,True,3
301,scene0616_00,chair,6,True,3
301,scene0616_00,door,7,False,3
301,scene0616_00,door,8,False,3
301,scene0616_00,door,9,False,3
302,scene0100_00,cabinet,0,True,3
302,scene0100_00,bathtub,1,True,2
302,scene0100_00,door,2,False,3
302,scene0100_00,door,3,False,3
303,scene0139_00,cabinet,0,False,3
303,scene0139_00,door,1,True,3
303,scene0139_00,door,2,True,3
304,scene0231_01,chair,0,True,3
304,scene0231_01,chair,1,False,3
304,scene0231_01,chair,2,False,3
304,scene0231_01,chair,3,True,3
304,scene0231_01,chair,4,True,4
304,scene0231_01,chair,5,True,4
304,scene0231_01,counter,6,False,4
304,scene0231_01,cabinet,7,True,4
304,scene0231_01,cabinet,8,False,4
304,scene0231_01,cabinet,9,True,4
304,scene0231_01,cabinet,10,False,4
304,scene0231_01,cabinet,11,False,2
304,scene0231_01,cabinet,12,False,4
304,scene0231_01,cabinet,13,False,4
304,scene0231_01,cabinet,14,False,4
304,scene0231_01,cabinet,15,True,4
304,scene0231_01,cabinet,16,False,4
304,scene0231_01,cabinet,17,False,4
304,scene0231_01,cabinet,18,False,4
304,scene0231_01,cabinet,19,False,3
304,scene0231_01,cabinet,20,True,4
304,scene0231_01,cabinet,21,True,3
304,scene0231_01,cabinet,22,False,3
304,scene0231_01,desk,23,True,4
304,scene0231_01,door,24,False,4
304,scene0231_01,door,25,True,3
306,scene0593_00,cabinet,0,True,3
306,scene0593_00,cabinet,1,True,4
306,scene0593_00,cabinet,2,True,4
306,scene0593_00,cabinet,3,True,3
306,scene0593_00,door,4,True,3
306,scene0593_00,door,5,True,3
307,scene0598_01,chair,0,True,3
307,scene0598_01,chair,1,True,3
307,scene0598_01,chair,2,True,3
307,scene0598_01,chair,3,True,3
307,scene0598_01,chair,4,True,3
307,scene0598_01,chair,5,True,3
307,scene0598_01,door,6,True,4
308,scene0278_00,chair,0,True,4
308,scene0278_00,chair,1,True,3
308,scene0278_00,cabinet,2,True,3
308,scene0278_00,cabinet,3,True,3
308,scene0278_00,counter,4,True,3
309,scene0558_00,chair,0,True,2
309,scene0558_00,chair,1,True,4
309,scene0558_00,chair,2,True,1
309,scene0558_00,bookshelf,3,False,4
309,scene0558_00,bookshelf,4,True,3
310,scene0664_02,door,0,True,3
310,scene0664_02,door,1,True,1
310,scene0664_02,bathtub,2,True,4
310,scene0664_02,counter,3,True,1
311,scene0088_01,chair,0,True,3
311,scene0088_01,chair,1,True,3
311,scene0088_01,chair,2,True,2
311,scene0088_01,chair,3,True,4
311,scene0088_01,chair,4,True,3
311,scene0088_01,chair,5,True,4
311,scene0088_01,chair,6,True,4
311,scene0088_01,chair,7,True,3
311,scene0088_01,chair,8,True,4
311,scene0088_01,chair,9,True,4
311,scene0088_01,chair,10,True,2
311,scene0088_01,chair,11,True,2
311,scene0088_01,chair,12,True,2
311,scene0088_01,chair,13,True,4
311,scene0088_01,chair,14,True,4
311,scene0088_01,chair,15,True,4
311,scene0088_01,chair,16,True,3
311,scene0088_01,chair,17,True,3
311,scene0088_01,door,18,True,2
