img_id,scan_name,classname,gt_index,has_pred_bbox
0,scene0207_01,counter,0,True
0,scene0207_01,bed,1,True
0,scene0207_01,door,2,True
0,scene0207_01,door,3,True
0,scene0207_01,door,4,True
0,scene0207_01,cabinet,5,True
0,scene0207_01,cabinet,6,True
0,scene0207_01,cabinet,7,True
0,scene0207_01,bathtub,8,True
0,scene0207_01,chair,9,False
1,scene0663_02,chair,0,True
1,scene0663_02,chair,1,True
1,scene0663_02,chair,2,True
1,scene0663_02,door,3,True
1,scene0663_02,cabinet,4,True
1,scene0663_02,cabinet,5,False
1,scene0663_02,cabinet,6,True
1,scene0663_02,desk,7,True
2,scene0412_01,door,0,True
2,scene0412_01,counter,1,False
3,scene0702_01,door,0,True
3,scene0702_01,door,1,True
3,scene0702_01,cabinet,2,False
3,scene0702_01,bathtub,3,True
4,scene0423_02,chair,0,True
4,scene0423_02,chair,1,True
4,scene0423_02,chair,2,True
4,scene0423_02,chair,3,True
5,scene0700_01,chair,0,True
5,scene0700_01,chair,1,True
5,scene0700_01,chair,2,True
5,scene0700_01,chair,3,True
5,scene0700_01,desk,4,True
5,scene0700_01,bookshelf,5,True
5,scene0700_01,door,6,True
5,scene0700_01,cabinet,7,True
5,scene0700_01,cabinet,8,False
6,scene0653_00,cabinet,0,True
6,scene0653_00,cabinet,1,True
6,scene0653_00,cabinet,2,True
6,scene0653_00,cabinet,3,True
6,scene0653_00,cabinet,4,True
6,scene0653_00,cabinet,5,False
6,scene0653_00,chair,6,True
6,scene0653_00,chair,7,True
6,scene0653_00,chair,8,True
6,scene0653_00,chair,9,True
6,scene0653_00,chair,10,True
6,scene0653_00,chair,11,True
6,scene0653_00,chair,12,True
6,scene0653_00,chair,13,True
6,scene0653_00,desk,14,True
6,scene0653_00,desk,15,True
6,scene0653_00,desk,16,True
6,scene0653_00,desk,17,True
6,scene0653_00,desk,18,True
6,scene0653_00,desk,19,True
6,scene0653_00,door,20,False
7,scene0131_01,desk,0,False
7,scene0131_01,chair,1,True
7,scene0131_01,chair,2,True
7,scene0131_01,chair,3,True
7,scene0131_01,chair,4,True
7,scene0131_01,chair,5,True
7,scene0131_01,chair,6,True
7,scene0131_01,chair,7,True
7,scene0131_01,chair,8,True
7,scene0131_01,chair,9,True
9,scene0609_02,chair,0,True
9,scene0609_02,chair,1,True
9,scene0609_02,chair,2,True
9,scene0609_02,chair,3,True
9,scene0609_02,chair,4,True
9,scene0609_02,chair,5,True
9,scene0609_02,chair,6,True
9,scene0609_02,chair,7,True
9,scene0609_02,chair,8,True
9,scene0609_02,chair,9,True
9,scene0609_02,chair,10,True
9,scene0609_02,chair,11,False
10,scene0490_00,chair,0,True
10,scene0490_00,chair,1,True
10,scene0490_00,chair,2,True
10,scene0490_00,chair,3,True
10,scene0490_00,chair,4,True
10,scene0490_00,chair,5,True
10,scene0490_00,chair,6,True
10,scene0490_00,chair,7,True
10,scene0490_00,chair,8,True
10,scene0490_00,chair,9,True
11,scene0307_01,door,0,False
11,scene0307_01,door,1,True
11,scene0307_01,door,2,True
11,scene0307_01,door,3,True
11,scene0307_01,door,4,False
11,scene0307_01,door,5,True
11,scene0307_01,chair,6,True
11,scene0307_01,cabinet,7,True
12,scene0277_01,bed,0,True
12,scene0277_01,desk,1,True
12,scene0277_01,cabinet,2,False
12,scene0277_01,chair,3,True
12,scene0277_01,door,4,True
13,scene0084_01,counter,0,True
13,scene0084_01,door,1,True
13,scene0084_01,door,2,True
14,scene0608_01,chair,0,True
14,scene0608_01,chair,1,True
14,scene0608_01,chair,2,True
14,scene0608_01,curtain,3,True
14,scene0608_01,door,4,False
15,scene0663_01,desk,0,True
15,scene0663_01,desk,1,True
15,scene0663_01,chair,2,True
15,scene0663_01,chair,3,False
15,scene0663_01,chair,4,True
15,scene0663_01,cabinet,5,True
15,scene0663_01,cabinet,6,False
15,scene0663_01,cabinet,7,False
15,scene0663_01,door,8,True
16,scene0307_02,cabinet,0,True
16,scene0307_02,cabinet,1,True
16,scene0307_02,cabinet,2,True
16,scene0307_02,door,3,True
16,scene0307_02,door,4,False
16,scene0307_02,door,5,False
16,scene0307_02,door,6,False
16,scene0307_02,door,7,True
16,scene0307_02,door,8,True
16,scene0307_02,door,9,True
16,scene0307_02,chair,10,True
17,scene0088_00,chair,0,True
17,scene0088_00,chair,1,True
17,scene0088_00,chair,2,True
17,scene0088_00,chair,3,True
17,scene0088_00,chair,4,True
17,scene0088_00,chair,5,True
17,scene0088_00,chair,6,True
17,scene0088_00,chair,7,True
17,scene0088_00,chair,8,True
17,scene0088_00,chair,9,True
17,scene0088_00,chair,10,True
17,scene0088_00,chair,11,True
17,scene0088_00,chair,12,True
17,scene0088_00,chair,13,True
17,scene0088_00,chair,14,True
17,scene0088_00,chair,15,True
17,scene0088_00,chair,16,True
17,scene0088_00,chair,17,False
17,scene0088_00,chair,18,False
17,scene0088_00,chair,19,True
17,scene0088_00,chair,20,False
17,scene0088_00,chair,21,True
17,scene0088_00,chair,22,True
17,scene0088_00,chair,23,False
17,scene0088_00,chair,24,True
17,scene0088_00,door,25,True
17,scene0088_00,door,26,False
18,scene0249_00,chair,0,True
18,scene0249_00,chair,1,True
18,scene0249_00,chair,2,True
18,scene0249_00,chair,3,True
18,scene0249_00,chair,4,True
18,scene0249_00,chair,5,True
18,scene0249_00,chair,6,True
18,scene0249_00,chair,7,True
18,scene0249_00,chair,8,True
18,scene0249_00,chair,9,True
18,scene0249_00,chair,10,True
18,scene0249_00,chair,11,True
18,scene0249_00,chair,12,False
18,scene0249_00,chair,13,True
18,scene0249_00,chair,14,True
18,scene0249_00,chair,15,True
18,scene0249_00,chair,16,True
18,scene0249_00,chair,17,True
18,scene0249_00,chair,18,True
18,scene0249_00,chair,19,False
18,scene0249_00,chair,20,True
18,scene0249_00,chair,21,True
18,scene0249_00,chair,22,True
18,scene0249_00,chair,23,True
18,scene0249_00,chair,24,True
18,scene0249_00,chair,25,True
18,scene0249_00,chair,26,True
18,scene0249_00,chair,27,False
18,scene0249_00,chair,28,False
18,scene0249_00,chair,29,False
18,scene0249_00,chair,30,True
18,scene0249_00,chair,31,True
18,scene0249_00,chair,32,True
19,scene0414_00,chair,0,True
19,scene0414_00,chair,1,False
19,scene0414_00,chair,2,True
19,scene0414_00,chair,3,True
19,scene0414_00,chair,4,True
19,scene0414_00,chair,5,True
19,scene0414_00,chair,6,True
19,scene0414_00,chair,7,True
19,scene0414_00,chair,8,True
19,scene0414_00,chair,9,True
19,scene0414_00,chair,10,True
19,scene0414_00,chair,11,True
19,scene0414_00,chair,12,True
19,scene0414_00,chair,13,True
19,scene0414_00,chair,14,True
19,scene0414_00,chair,15,True
19,scene0414_00,chair,16,False
19,scene0414_00,chair,17,True
19,scene0414_00,chair,18,True
19,scene0414_00,chair,19,True
19,scene0414_00,chair,20,True
19,scene0414_00,chair,21,False
19,scene0414_00,chair,22,True
19,scene0414_00,chair,23,True
19,scene0414_00,chair,24,True
19,scene0414_00,chair,25,True
19,scene0414_00,chair,26,True
19,scene0414_00,cabinet,27,True
20,scene0353_00,chair,0,True
20,scene0353_00,chair,1,True
20,scene0353_00,chair,2,True
20,scene0353_00,curtain,3,False
20,scene0353_00,bookshelf,4,True
20,scene0353_00,desk,5,True
20,scene0353_00,desk,6,False
20,scene0353_00,door,7,False
20,scene0353_00,door,8,True
20,scene0353_00,bed,9,True
21,scene0608_02,chair,0,True
21,scene0608_02,chair,1,True
21,scene0608_02,chair,2,True
21,scene0608_02,door,3,True
21,scene0608_02,door,4,True
21,scene0608_02,door,5,False
21,scene0608_02,cabinet,6,False
21,scene0608_02,counter,7,False
22,scene0593_01,door,0,True
22,scene0593_01,door,1,True
22,scene0593_01,cabinet,2,True
22,scene0593_01,cabinet,3,True
22,scene0593_01,cabinet,4,True
22,scene0593_01,cabinet,5,False
24,scene0342_00,chair,0,True
24,scene0342_00,chair,1,True
24,scene0342_00,chair,2,True
24,scene0342_00,chair,3,True
24,scene0342_00,chair,4,True
24,scene0342_00,chair,5,False
24,scene0342_00,chair,6,True
24,scene0342_00,chair,7,True
24,scene0342_00,chair,8,True
24,scene0342_00,chair,9,True
24,scene0342_00,chair,10,True
24,scene0342_00,chair,11,True
24,scene0342_00,chair,12,True
24,scene0342_00,chair,13,True
24,scene0342_00,chair,14,False
24,scene0342_00,chair,15,False
24,scene0342_00,chair,16,True
24,scene0342_00,chair,17,True
24,scene0342_00,chair,18,True
24,scene0342_00,chair,19,True
25,scene0696_02,chair,0,True
25,scene0696_02,chair,1,True
25,scene0696_02,chair,2,True
25,scene0696_02,chair,3,True
25,scene0696_02,chair,4,False
25,scene0696_02,chair,5,True
25,scene0696_02,chair,6,True
25,scene0696_02,chair,7,True
25,scene0696_02,chair,8,True
25,scene0696_02,chair,9,True
25,scene0696_02,chair,10,False
25,scene0696_02,curtain,11,True
25,scene0696_02,curtain,12,True
25,scene0696_02,cabinet,13,False
25,scene0696_02,cabinet,14,True
25,scene0696_02,cabinet,15,True
25,scene0696_02,cabinet,16,False
25,scene0696_02,door,17,True
25,scene0696_02,bed,18,True
26,scene0643_00,desk,0,True
26,scene0643_00,desk,1,True
26,scene0643_00,desk,2,True
26,scene0643_00,desk,3,True
26,scene0643_00,chair,4,True
26,scene0643_00,chair,5,True
26,scene0643_00,chair,6,True
26,scene0643_00,chair,7,True
26,scene0643_00,chair,8,True
26,scene0643_00,door,9,True
26,scene0643_00,door,10,True
26,scene0643_00,bookshelf,11,True
27,scene0329_01,door,0,True
27,scene0329_01,door,1,True
27,scene0329_01,door,2,True
27,scene0329_01,door,3,True
27,scene0329_01,door,4,True
27,scene0329_01,door,5,True
27,scene0329_01,door,6,True
27,scene0329_01,door,7,True
27,scene0329_01,cabinet,8,False
27,scene0329_01,cabinet,9,False
27,scene0329_01,chair,10,True
27,scene0329_01,chair,11,True
27,scene0329_01,chair,12,True
27,scene0329_01,chair,13,True
28,scene0658_00,desk,0,True
28,scene0658_00,cabinet,1,True
28,scene0658_00,cabinet,2,False
28,scene0658_00,door,3,True
28,scene0658_00,bed,4,True
28,scene0658_00,chair,5,True
29,scene0144_00,bed,0,True
29,scene0144_00,curtain,1,True
29,scene0144_00,curtain,2,False
29,scene0144_00,chair,3,True
29,scene0144_00,chair,4,True
29,scene0144_00,chair,5,True
29,scene0144_00,door,6,True
29,scene0144_00,door,7,True
29,scene0144_00,door,8,False
30,scene0583_02,door,0,True
30,scene0583_02,door,1,True
30,scene0583_02,bathtub,2,True
31,scene0488_01,cabinet,0,True
31,scene0488_01,cabinet,1,False
31,scene0488_01,cabinet,2,False
31,scene0488_01,cabinet,3,False
31,scene0488_01,cabinet,4,True
31,scene0488_01,cabinet,5,False
31,scene0488_01,cabinet,6,True
31,scene0488_01,cabinet,7,True
31,scene0488_01,cabinet,8,True
31,scene0488_01,cabinet,9,True
31,scene0488_01,counter,10,True
31,scene0488_01,counter,11,True
32,scene0552_01,cabinet,0,True
32,scene0552_01,cabinet,1,True
32,scene0552_01,cabinet,2,True
32,scene0552_01,chair,3,True
32,scene0552_01,chair,4,True
32,scene0552_01,chair,5,True
32,scene0552_01,chair,6,True
32,scene0552_01,chair,7,True
32,scene0552_01,chair,8,True
32,scene0552_01,counter,9,True
33,scene0670_01,cabinet,0,True
33,scene0670_01,cabinet,1,True
33,scene0670_01,cabinet,2,False
33,scene0670_01,cabinet,3,False
33,scene0670_01,cabinet,4,False
33,scene0670_01,counter,5,True
33,scene0670_01,counter,6,True
33,scene0670_01,door,7,True
33,scene0670_01,door,8,True
33,scene0670_01,chair,9,True
33,scene0670_01,chair,10,True
33,scene0670_01,chair,11,True
34,scene0696_01,chair,0,True
34,scene0696_01,chair,1,True
34,scene0696_01,chair,2,True
34,scene0696_01,chair,3,False
34,scene0696_01,chair,4,True
34,scene0696_01,chair,5,True
34,scene0696_01,chair,6,True
34,scene0696_01,chair,7,True
34,scene0696_01,chair,8,True
34,scene0696_01,chair,9,True
34,scene0696_01,door,10,True
34,scene0696_01,bed,11,True
34,scene0696_01,cabinet,12,True
34,scene0696_01,cabinet,13,False
34,scene0696_01,cabinet,14,False
34,scene0696_01,cabinet,15,True
34,scene0696_01,curtain,16,True
34,scene0696_01,curtain,17,True
35,scene0304_00,door,0,True
35,scene0304_00,cabinet,1,True
36,scene0660_00,chair,0,True
36,scene0660_00,chair,1,True
36,scene0660_00,chair,2,True
36,scene0660_00,chair,3,True
36,scene0660_00,chair,4,True
36,scene0660_00,chair,5,True
36,scene0660_00,chair,6,True
37,scene0474_03,chair,0,True
37,scene0474_03,chair,1,True
37,scene0474_03,chair,2,True
37,scene0474_03,bookshelf,3,True
37,scene0474_03,cabinet,4,True
37,scene0474_03,cabinet,5,True
37,scene0474_03,door,6,False
37,scene0474_03,door,7,True
37,scene0474_03,desk,8,True
37,scene0474_03,desk,9,True
38,scene0580_01,bed,0,True
38,scene0580_01,bookshelf,1,True
38,scene0580_01,curtain,2,True
38,scene0580_01,cabinet,3,False
38,scene0580_01,chair,4,False
38,scene0580_01,door,5,False
38,scene0580_01,door,6,True
39,scene0549_00,chair,0,True
39,scene0549_00,chair,1,True
39,scene0549_00,chair,2,True
39,scene0549_00,chair,3,True
39,scene0549_00,door,4,False
39,scene0549_00,door,5,True
39,scene0549_00,door,6,True
40,scene0316_00,chair,0,True
40,scene0316_00,chair,1,True
40,scene0316_00,door,2,True
40,scene0316_00,door,3,True
41,scene0256_01,chair,0,True
41,scene0256_01,curtain,1,True
41,scene0256_01,curtain,2,True
42,scene0686_01,door,0,True
42,scene0686_01,door,1,True
43,scene0645_00,door,0,False
43,scene0645_00,door,1,True
43,scene0645_00,door,2,True
43,scene0645_00,door,3,True
43,scene0645_00,desk,4,True
43,scene0645_00,curtain,5,True
43,scene0645_00,curtain,6,False
43,scene0645_00,curtain,7,False
43,scene0645_00,bathtub,8,True
43,scene0645_00,bed,9,True
43,scene0645_00,bed,10,True
43,scene0645_00,chair,11,True
43,scene0645_00,chair,12,True
43,scene0645_00,chair,13,True
43,scene0645_00,cabinet,14,True
43,scene0645_00,cabinet,15,True
44,scene0164_03,counter,0,True
44,scene0164_03,cabinet,1,True
44,scene0164_03,cabinet,2,True
44,scene0164_03,cabinet,3,True
44,scene0164_03,door,4,True
45,scene0208_00,bookshelf,0,True
45,scene0208_00,bookshelf,1,True
45,scene0208_00,bookshelf,2,True
45,scene0208_00,bookshelf,3,True
45,scene0208_00,bookshelf,4,True
46,scene0550_00,door,0,True
46,scene0550_00,door,1,True
46,scene0550_00,door,2,True
46,scene0550_00,cabinet,3,True
47,scene0406_01,bathtub,0,True
47,scene0406_01,cabinet,1,True
47,scene0406_01,door,2,True
47,scene0406_01,door,3,True
48,scene0377_02,chair,0,True
49,scene0553_00,door,0,True
50,scene0574_02,cabinet,0,True
50,scene0574_02,door,1,False
50,scene0574_02,door,2,True
50,scene0574_02,door,3,False
51,scene0025_02,door,0,True
51,scene0025_02,desk,1,True
51,scene0025_02,desk,2,True
51,scene0025_02,cabinet,3,True
51,scene0025_02,cabinet,4,True
51,scene0025_02,cabinet,5,True
51,scene0025_02,cabinet,6,False
51,scene0025_02,chair,7,True
51,scene0025_02,chair,8,True
52,scene0693_01,cabinet,0,True
52,scene0693_01,bathtub,1,True
52,scene0693_01,door,2,True
52,scene0693_01,door,3,False
53,scene0608_00,door,0,False
53,scene0608_00,curtain,1,True
53,scene0608_00,chair,2,True
53,scene0608_00,chair,3,True
53,scene0608_00,chair,4,True
54,scene0647_01,chair,0,True
54,scene0647_01,door,1,False
54,scene0647_01,door,2,False
55,scene0651_01,cabinet,0,True
55,scene0651_01,cabinet,1,True
55,scene0651_01,cabinet,2,True
55,scene0651_01,cabinet,3,True
55,scene0651_01,chair,4,True
55,scene0651_01,chair,5,True
55,scene0651_01,chair,6,True
55,scene0651_01,chair,7,True
55,scene0651_01,counter,8,True
56,scene0665_01,chair,0,False
56,scene0665_01,chair,1,True
56,scene0665_01,chair,2,True
56,scene0665_01,chair,3,True
56,scene0665_01,chair,4,True
56,scene0665_01,chair,5,True
56,scene0665_01,chair,6,True
56,scene0665_01,chair,7,False
56,scene0665_01,chair,8,True
56,scene0665_01,chair,9,True
56,scene0665_01,chair,10,True
56,scene0665_01,chair,11,True
56,scene0665_01,chair,12,True
56,scene0665_01,chair,13,False
56,scene0665_01,chair,14,True
56,scene0665_01,desk,15,True
56,scene0665_01,desk,16,False
56,scene0665_01,desk,17,True
56,scene0665_01,door,18,True
56,scene0665_01,door,19,True
57,scene0609_01,chair,0,True
57,scene0609_01,chair,1,True
57,scene0609_01,chair,2,True
57,scene0609_01,chair,3,True
57,scene0609_01,chair,4,True
57,scene0609_01,chair,5,True
57,scene0609_01,chair,6,True
58,scene0578_00,chair,0,True
58,scene0578_00,chair,1,True
58,scene0578_00,chair,2,True
58,scene0578_00,chair,3,False
58,scene0578_00,door,4,True
59,scene0077_00,cabinet,0,True
59,scene0077_00,door,1,True
59,scene0077_00,door,2,False
59,scene0077_00,door,3,False
59,scene0077_00,door,4,True
59,scene0077_00,counter,5,True
60,scene0474_04,door,0,True
60,scene0474_04,door,1,True
60,scene0474_04,bookshelf,2,True
60,scene0474_04,desk,3,True
60,scene0474_04,chair,4,True
60,scene0474_04,chair,5,True
60,scene0474_04,chair,6,True
60,scene0474_04,chair,7,True
60,scene0474_04,cabinet,8,False
60,scene0474_04,cabinet,9,False
61,scene0664_01,counter,0,True
61,scene0664_01,bathtub,1,True
61,scene0664_01,door,2,True
61,scene0664_01,door,3,True
62,scene0338_00,cabinet,0,True
62,scene0338_00,cabinet,1,False
62,scene0338_00,cabinet,2,True
62,scene0338_00,counter,3,True
62,scene0338_00,door,4,True
63,scene0568_02,curtain,0,True
63,scene0568_02,bookshelf,1,True
63,scene0568_02,chair,2,False
63,scene0568_02,chair,3,False
63,scene0568_02,chair,4,False
63,scene0568_02,chair,5,False
64,scene0430_00,chair,0,True
64,scene0430_00,chair,1,True
64,scene0430_00,chair,2,True
64,scene0430_00,chair,3,True
64,scene0430_00,chair,4,True
64,scene0430_00,chair,5,True
64,scene0430_00,chair,6,True
64,scene0430_00,chair,7,True
64,scene0430_00,chair,8,True
64,scene0430_00,chair,9,True
64,scene0430_00,chair,10,True
64,scene0430_00,chair,11,True
64,scene0430_00,chair,12,True
64,scene0430_00,chair,13,True
64,scene0430_00,chair,14,True
64,scene0430_00,chair,15,True
64,scene0430_00,chair,16,True
64,scene0430_00,chair,17,True
64,scene0430_00,chair,18,False
64,scene0430_00,door,19,False
65,scene0131_00,chair,0,True
65,scene0131_00,chair,1,True
65,scene0131_00,chair,2,True
65,scene0131_00,chair,3,True
65,scene0131_00,chair,4,True
65,scene0131_00,chair,5,True
65,scene0131_00,chair,6,True
65,scene0131_00,chair,7,True
65,scene0131_00,chair,8,True
65,scene0131_00,desk,9,False
66,scene0435_00,desk,0,True
66,scene0435_00,curtain,1,True
66,scene0435_00,curtain,2,False
66,scene0435_00,chair,3,True
66,scene0435_00,chair,4,True
66,scene0435_00,cabinet,5,True
66,scene0435_00,cabinet,6,True
66,scene0435_00,bathtub,7,True
66,scene0435_00,bed,8,True
66,scene0435_00,bed,9,True
66,scene0435_00,door,10,True
66,scene0435_00,door,11,False
66,scene0435_00,door,12,False
66,scene0435_00,door,13,True
67,scene0046_02,desk,0,True
67,scene0046_02,curtain,1,True
67,scene0046_02,curtain,2,True
67,scene0046_02,cabinet,3,True
67,scene0046_02,bed,4,True
67,scene0046_02,bathtub,5,True
67,scene0046_02,chair,6,True
67,scene0046_02,door,7,True
67,scene0046_02,door,8,True
67,scene0046_02,door,9,False
68,scene0689_00,door,0,True
68,scene0689_00,chair,1,True
68,scene0689_00,chair,2,True
68,scene0689_00,chair,3,True
68,scene0689_00,chair,4,True
68,scene0689_00,chair,5,True
68,scene0689_00,chair,6,True
68,scene0689_00,chair,7,True
68,scene0689_00,chair,8,True
69,scene0256_00,curtain,0,True
69,scene0256_00,curtain,1,True
69,scene0256_00,chair,2,True
70,scene0203_01,bookshelf,0,True
70,scene0203_01,chair,1,True
70,scene0203_01,chair,2,True
70,scene0203_01,door,3,True
70,scene0203_01,door,4,True
70,scene0203_01,door,5,True
71,scene0690_01,chair,0,True
71,scene0690_01,chair,1,True
71,scene0690_01,chair,2,True
71,scene0690_01,chair,3,True
71,scene0690_01,chair,4,True
71,scene0690_01,chair,5,True
71,scene0690_01,cabinet,6,True
71,scene0690_01,bookshelf,7,False
72,scene0257_00,chair,0,True
72,scene0257_00,chair,1,True
72,scene0257_00,chair,2,True
72,scene0257_00,chair,3,False
72,scene0257_00,chair,4,True
72,scene0257_00,chair,5,True
72,scene0257_00,chair,6,True
72,scene0257_00,chair,7,True
72,scene0257_00,chair,8,True
72,scene0257_00,chair,9,True
72,scene0257_00,chair,10,True
72,scene0257_00,chair,11,True
72,scene0257_00,chair,12,True
72,scene0257_00,chair,13,True
72,scene0257_00,chair,14,False
72,scene0257_00,chair,15,True
72,scene0257_00,chair,16,True
72,scene0257_00,chair,17,False
72,scene0257_00,chair,18,True
72,scene0257_00,door,19,True
72,scene0257_00,door,20,True
73,scene0203_00,door,0,True
73,scene0203_00,curtain,1,False
73,scene0203_00,bookshelf,2,True
73,scene0203_00,chair,3,True
74,scene0664_00,cabinet,0,True
74,scene0664_00,door,1,True
74,scene0664_00,door,2,True
74,scene0664_00,bathtub,3,True
75,scene0164_00,counter,0,True
75,scene0164_00,cabinet,1,True
75,scene0164_00,cabinet,2,True
75,scene0164_00,cabinet,3,True
75,scene0164_00,cabinet,4,True
75,scene0164_00,cabinet,5,False
75,scene0164_00,cabinet,6,False
75,scene0164_00,cabinet,7,False
75,scene0164_00,cabinet,8,False
75,scene0164_00,cabinet,9,True
75,scene0164_00,cabinet,10,False
75,scene0164_00,door,11,False
76,scene0690_00,cabinet,0,True
76,scene0690_00,chair,1,True
76,scene0690_00,chair,2,True
76,scene0690_00,chair,3,True
76,scene0690_00,chair,4,True
76,scene0690_00,chair,5,True
76,scene0690_00,chair,6,True
77,scene0684_00,door,0,True
77,scene0684_00,door,1,True
77,scene0684_00,chair,2,True
78,scene0086_00,door,0,True
78,scene0086_00,door,1,True
78,scene0086_00,door,2,True
78,scene0086_00,door,3,False
78,scene0086_00,door,4,True
78,scene0086_00,door,5,True
79,scene0164_02,cabinet,0,True
79,scene0164_02,cabinet,1,False
79,scene0164_02,cabinet,2,True
79,scene0164_02,cabinet,3,True
79,scene0164_02,counter,4,True
79,scene0164_02,door,5,True
80,scene0568_00,chair,0,True
80,scene0568_00,chair,1,True
80,scene0568_00,chair,2,False
80,scene0568_00,chair,3,False
80,scene0568_00,bookshelf,4,True
80,scene0568_00,curtain,5,True
81,scene0426_00,chair,0,True
81,scene0426_00,chair,1,True
81,scene0426_00,chair,2,True
81,scene0426_00,door,3,False
81,scene0426_00,door,4,True
81,scene0426_00,bed,5,True
81,scene0426_00,desk,6,True
82,scene0629_00,door,0,True
82,scene0629_00,door,1,True
82,scene0629_00,door,2,True
82,scene0629_00,door,3,True
82,scene0629_00,bed,4,True
82,scene0629_00,cabinet,5,True
82,scene0629_00,cabinet,6,True
82,scene0629_00,chair,7,True
82,scene0629_00,chair,8,True
83,scene0030_01,bookshelf,0,False
83,scene0030_01,bookshelf,1,True
83,scene0030_01,bookshelf,2,True
83,scene0030_01,bookshelf,3,False
83,scene0030_01,bookshelf,4,False
83,scene0030_01,chair,5,True
83,scene0030_01,chair,6,True
83,scene0030_01,chair,7,True
83,scene0030_01,chair,8,True
83,scene0030_01,chair,9,True
83,scene0030_01,chair,10,True
83,scene0030_01,chair,11,True
83,scene0030_01,chair,12,True
83,scene0030_01,chair,13,True
83,scene0030_01,chair,14,True
83,scene0030_01,chair,15,True
83,scene0030_01,chair,16,True
83,scene0030_01,chair,17,True
83,scene0030_01,chair,18,True
83,scene0030_01,chair,19,False
83,scene0030_01,chair,20,True
83,scene0030_01,door,21,True
83,scene0030_01,door,22,False
84,scene0412_00,door,0,True
84,scene0412_00,door,1,True
84,scene0412_00,door,2,True
85,scene0423_01,chair,0,True
85,scene0423_01,chair,1,True
85,scene0423_01,chair,2,True
85,scene0423_01,chair,3,True
86,scene0558_01,bookshelf,0,False
86,scene0558_01,bookshelf,1,True
86,scene0558_01,chair,2,True
86,scene0558_01,chair,3,True
86,scene0558_01,chair,4,True
87,scene0146_00,door,0,True
88,scene0606_02,chair,0,True
88,scene0606_02,chair,1,True
88,scene0606_02,chair,2,True
88,scene0606_02,chair,3,True
88,scene0606_02,chair,4,True
88,scene0606_02,chair,5,False
88,scene0606_02,cabinet,6,True
88,scene0606_02,door,7,True
88,scene0606_02,counter,8,True
89,scene0435_03,curtain,0,True
89,scene0435_03,curtain,1,False
89,scene0435_03,door,2,True
89,scene0435_03,desk,3,True
89,scene0435_03,chair,4,True
89,scene0435_03,chair,5,True
89,scene0435_03,bed,6,True
89,scene0435_03,bed,7,True
92,scene0559_01,door,0,True
93,scene0696_00,cabinet,0,True
93,scene0696_00,cabinet,1,False
93,scene0696_00,cabinet,2,True
93,scene0696_00,cabinet,3,True
93,scene0696_00,door,4,True
93,scene0696_00,curtain,5,True
93,scene0696_00,chair,6,True
93,scene0696_00,chair,7,True
93,scene0696_00,chair,8,True
93,scene0696_00,chair,9,True
93,scene0696_00,chair,10,True
93,scene0696_00,chair,11,True
93,scene0696_00,chair,12,True
93,scene0696_00,chair,13,True
93,scene0696_00,chair,14,True
93,scene0696_00,bed,15,False
94,scene0651_02,cabinet,0,True
94,scene0651_02,cabinet,1,True
94,scene0651_02,cabinet,2,True
94,scene0651_02,cabinet,3,True
94,scene0651_02,chair,4,True
94,scene0651_02,chair,5,True
94,scene0651_02,chair,6,True
94,scene0651_02,chair,7,True
94,scene0651_02,counter,8,True
95,scene0553_01,door,0,True
96,scene0695_02,desk,0,True
96,scene0695_02,bed,1,True
96,scene0695_02,chair,2,True
96,scene0695_02,chair,3,True
96,scene0695_02,chair,4,False
96,scene0695_02,bookshelf,5,True
96,scene0695_02,curtain,6,True
97,scene0203_02,bookshelf,0,True
97,scene0203_02,door,1,True
97,scene0203_02,door,2,True
97,scene0203_02,chair,3,True
97,scene0203_02,curtain,4,False
98,scene0221_01,chair,0,False
98,scene0221_01,chair,1,True
98,scene0221_01,chair,2,True
98,scene0221_01,door,3,True
98,scene0221_01,door,4,False
98,scene0221_01,bed,5,True
98,scene0221_01,bed,6,True
98,scene0221_01,desk,7,True
98,scene0221_01,cabinet,8,True
98,scene0221_01,curtain,9,True
99,scene0653_01,desk,0,True
99,scene0653_01,desk,1,True
99,scene0653_01,desk,2,True
99,scene0653_01,desk,3,True
99,scene0653_01,desk,4,True
99,scene0653_01,desk,5,True
99,scene0653_01,cabinet,6,True
99,scene0653_01,cabinet,7,True
99,scene0653_01,cabinet,8,True
99,scene0653_01,cabinet,9,True
99,scene0653_01,cabinet,10,True
99,scene0653_01,cabinet,11,False
99,scene0653_01,chair,12,True
99,scene0653_01,chair,13,True
99,scene0653_01,chair,14,True
99,scene0653_01,chair,15,True
99,scene0653_01,chair,16,True
99,scene0653_01,chair,17,True
99,scene0653_01,chair,18,True
99,scene0653_01,chair,19,True
99,scene0653_01,door,20,True
99,scene0653_01,door,21,True
100,scene0670_00,cabinet,0,True
100,scene0670_00,cabinet,1,True
100,scene0670_00,cabinet,2,True
100,scene0670_00,cabinet,3,True
100,scene0670_00,cabinet,4,True
100,scene0670_00,cabinet,5,False
100,scene0670_00,counter,6,True
101,scene0651_00,counter,0,True
101,scene0651_00,cabinet,1,True
101,scene0651_00,cabinet,2,True
101,scene0651_00,cabinet,3,True
101,scene0651_00,cabinet,4,True
101,scene0651_00,chair,5,True
101,scene0651_00,chair,6,True
101,scene0651_00,chair,7,False
101,scene0651_00,chair,8,True
102,scene0558_02,chair,0,True
102,scene0558_02,chair,1,True
102,scene0558_02,chair,2,True
102,scene0558_02,bookshelf,3,False
102,scene0558_02,bookshelf,4,True
102,scene0558_02,bookshelf,5,True
103,scene0685_02,door,0,True
104,scene0351_01,door,0,True
104,scene0351_01,chair,1,True
104,scene0351_01,chair,2,True
104,scene0351_01,chair,3,True
104,scene0351_01,chair,4,True
104,scene0351_01,cabinet,5,True
104,scene0351_01,cabinet,6,False
104,scene0351_01,desk,7,True
104,scene0351_01,desk,8,True
105,scene0086_02,door,0,True
105,scene0086_02,door,1,True
105,scene0086_02,door,2,True
105,scene0086_02,door,3,True
105,scene0086_02,door,4,True
105,scene0086_02,door,5,True
107,scene0193_01,chair,0,True
107,scene0193_01,bed,1,True
107,scene0193_01,door,2,True
107,scene0193_01,desk,3,True
107,scene0193_01,curtain,4,True
108,scene0578_02,chair,0,True
108,scene0578_02,chair,1,True
108,scene0578_02,chair,2,True
108,scene0578_02,chair,3,True
108,scene0578_02,desk,4,True
108,scene0578_02,door,5,True
109,scene0426_03,chair,0,True
109,scene0426_03,chair,1,True
109,scene0426_03,chair,2,True
109,scene0426_03,bed,3,True
109,scene0426_03,door,4,False
109,scene0426_03,door,5,True
109,scene0426_03,desk,6,True
110,scene0435_02,desk,0,True
110,scene0435_02,bed,1,True
110,scene0435_02,bed,2,True
110,scene0435_02,curtain,3,True
110,scene0435_02,curtain,4,True
110,scene0435_02,chair,5,True
110,scene0435_02,chair,6,True
110,scene0435_02,door,7,True
111,scene0607_00,counter,0,True
111,scene0607_00,cabinet,1,True
111,scene0607_00,cabinet,2,True
111,scene0607_00,chair,3,True
111,scene0607_00,chair,4,True
111,scene0607_00,chair,5,True
111,scene0607_00,chair,6,True
111,scene0607_00,chair,7,True
111,scene0607_00,chair,8,True
112,scene0355_01,chair,0,True
112,scene0355_01,chair,1,True
112,scene0355_01,chair,2,True
112,scene0355_01,chair,3,True
112,scene0355_01,chair,4,True
113,scene0329_02,bookshelf,0,True
113,scene0329_02,door,1,True
113,scene0329_02,door,2,False
113,scene0329_02,door,3,True
113,scene0329_02,door,4,True
113,scene0329_02,door,5,True
113,scene0329_02,door,6,True
113,scene0329_02,door,7,True
113,scene0329_02,door,8,True
113,scene0329_02,door,9,True
113,scene0329_02,desk,10,True
113,scene0329_02,chair,11,True
113,scene0329_02,chair,12,True
113,scene0329_02,chair,13,True
113,scene0329_02,chair,14,True
113,scene0329_02,cabinet,15,False
113,scene0329_02,cabinet,16,False
114,scene0684_01,chair,0,True
114,scene0684_01,door,1,True
114,scene0684_01,door,2,True
115,scene0575_00,chair,0,True
115,scene0575_00,chair,1,True
115,scene0575_00,chair,2,True
115,scene0575_00,chair,3,True
115,scene0575_00,chair,4,True
115,scene0575_00,chair,5,True
115,scene0575_00,chair,6,True
115,scene0575_00,chair,7,True
115,scene0575_00,chair,8,True
115,scene0575_00,chair,9,True
115,scene0575_00,door,10,True
116,scene0217_00,desk,0,True
116,scene0217_00,desk,1,True
116,scene0217_00,bed,2,True
116,scene0217_00,bed,3,True
116,scene0217_00,chair,4,True
116,scene0217_00,chair,5,True
116,scene0217_00,door,6,True
116,scene0217_00,door,7,True
117,scene0474_01,bookshelf,0,True
117,scene0474_01,desk,1,True
117,scene0474_01,desk,2,True
117,scene0474_01,door,3,True
117,scene0474_01,chair,4,True
117,scene0474_01,chair,5,True
117,scene0474_01,chair,6,True
117,scene0474_01,chair,7,True
118,scene0432_01,chair,0,True
118,scene0432_01,chair,1,True
119,scene0196_00,door,0,True
119,scene0196_00,chair,1,True
119,scene0196_00,chair,2,True
119,scene0196_00,chair,3,True
119,scene0196_00,chair,4,True
119,scene0196_00,chair,5,True
119,scene0196_00,chair,6,True
119,scene0196_00,chair,7,True
119,scene0196_00,chair,8,True
119,scene0196_00,chair,9,True
119,scene0196_00,chair,10,True
119,scene0196_00,chair,11,True
119,scene0196_00,chair,12,True
119,scene0196_00,chair,13,True
119,scene0196_00,chair,14,True
119,scene0196_00,chair,15,True
119,scene0196_00,chair,16,True
119,scene0196_00,chair,17,True
119,scene0196_00,chair,18,True
119,scene0196_00,chair,19,True
119,scene0196_00,chair,20,True
119,scene0196_00,chair,21,True
119,scene0196_00,chair,22,False
119,scene0196_00,chair,23,True
120,scene0645_02,curtain,0,True
120,scene0645_02,curtain,1,False
120,scene0645_02,curtain,2,False
120,scene0645_02,desk,3,True
120,scene0645_02,chair,4,True
120,scene0645_02,chair,5,True
120,scene0645_02,chair,6,True
120,scene0645_02,bed,7,True
120,scene0645_02,bed,8,True
120,scene0645_02,cabinet,9,True
120,scene0645_02,door,10,False
120,scene0645_02,door,11,False
120,scene0645_02,door,12,True
121,scene0064_00,bookshelf,0,True
121,scene0064_00,bookshelf,1,True
121,scene0064_00,chair,2,True
121,scene0064_00,chair,3,True
121,scene0064_00,door,4,False
122,scene0377_01,chair,0,True
123,scene0583_01,cabinet,0,True
123,scene0583_01,door,1,True
123,scene0583_01,door,2,True
123,scene0583_01,bathtub,3,False
124,scene0426_02,door,0,True
124,scene0426_02,door,1,True
124,scene0426_02,chair,2,True
124,scene0426_02,chair,3,True
124,scene0426_02,chair,4,True
124,scene0426_02,desk,5,False
124,scene0426_02,bed,6,True
125,scene0671_00,chair,0,True
125,scene0671_00,chair,1,True
125,scene0671_00,chair,2,True
125,scene0671_00,chair,3,True
125,scene0671_00,chair,4,True
125,scene0671_00,cabinet,5,True
126,scene0583_00,door,0,True
126,scene0583_00,door,1,True
126,scene0583_00,door,2,True
126,scene0583_00,door,3,True
126,scene0583_00,door,4,True
126,scene0583_00,cabinet,5,True
126,scene0583_00,bathtub,6,True
127,scene0050_02,chair,0,True
127,scene0050_02,chair,1,True
127,scene0050_02,desk,2,True
127,scene0050_02,door,3,False
127,scene0050_02,door,4,True
127,scene0050_02,door,5,True
127,scene0050_02,door,6,True
127,scene0050_02,door,7,True
127,scene0050_02,door,8,True
128,scene0278_01,chair,0,True
128,scene0278_01,chair,1,True
128,scene0278_01,cabinet,2,True
128,scene0278_01,cabinet,3,True
129,scene0474_02,chair,0,True
129,scene0474_02,chair,1,True
129,scene0474_02,chair,2,True
129,scene0474_02,chair,3,True
129,scene0474_02,bookshelf,4,True
129,scene0474_02,desk,5,True
129,scene0474_02,door,6,True
130,scene0011_00,cabinet,0,True
130,scene0011_00,cabinet,1,True
130,scene0011_00,cabinet,2,False
130,scene0011_00,chair,3,True
130,scene0011_00,chair,4,True
130,scene0011_00,chair,5,True
130,scene0011_00,chair,6,True
130,scene0011_00,chair,7,True
130,scene0011_00,chair,8,True
130,scene0011_00,chair,9,True
130,scene0011_00,chair,10,True
130,scene0011_00,chair,11,True
130,scene0011_00,chair,12,True
130,scene0011_00,chair,13,True
130,scene0011_00,counter,14,True
130,scene0011_00,door,15,True
130,scene0011_00,door,16,True
131,scene0169_01,chair,0,True
131,scene0169_01,chair,1,True
131,scene0169_01,chair,2,True
131,scene0169_01,chair,3,True
131,scene0169_01,chair,4,True
131,scene0169_01,chair,5,False
131,scene0169_01,chair,6,True
131,scene0169_01,chair,7,True
131,scene0169_01,chair,8,True
131,scene0169_01,chair,9,True
131,scene0169_01,chair,10,True
131,scene0169_01,chair,11,False
131,scene0169_01,chair,12,True
131,scene0169_01,chair,13,True
131,scene0169_01,chair,14,True
131,scene0169_01,chair,15,True
131,scene0169_01,chair,16,True
131,scene0169_01,chair,17,True
131,scene0169_01,chair,18,True
131,scene0169_01,chair,19,True
131,scene0169_01,chair,20,True
131,scene0169_01,chair,21,True
131,scene0169_01,cabinet,22,True
131,scene0169_01,cabinet,23,True
131,scene0169_01,door,24,True
132,scene0015_00,chair,0,True
132,scene0015_00,chair,1,True
132,scene0015_00,chair,2,True
132,scene0015_00,chair,3,False
132,scene0015_00,chair,4,True
132,scene0015_00,chair,5,True
132,scene0015_00,chair,6,True
132,scene0015_00,chair,7,True
132,scene0015_00,chair,8,True
132,scene0015_00,chair,9,True
132,scene0015_00,chair,10,True
132,scene0015_00,chair,11,True
132,scene0015_00,chair,12,True
132,scene0015_00,chair,13,True
132,scene0015_00,chair,14,True
132,scene0015_00,chair,15,True
132,scene0015_00,chair,16,True
132,scene0015_00,chair,17,False
132,scene0015_00,chair,18,True
132,scene0015_00,chair,19,True
132,scene0015_00,chair,20,True
132,scene0015_00,chair,21,True
133,scene0686_00,door,0,True
133,scene0686_00,door,1,True
134,scene0046_00,chair,0,True
134,scene0046_00,bathtub,1,True
134,scene0046_00,bed,2,True
134,scene0046_00,desk,3,True
134,scene0046_00,door,4,True
134,scene0046_00,door,5,True
134,scene0046_00,door,6,False
134,scene0046_00,curtain,7,True
135,scene0356_01,door,0,True
135,scene0356_01,door,1,False
135,scene0356_01,door,2,True
135,scene0356_01,door,3,True
135,scene0356_01,bed,4,True
135,scene0356_01,desk,5,True
135,scene0356_01,chair,6,True
136,scene0496_00,chair,0,True
136,scene0496_00,chair,1,True
136,scene0496_00,chair,2,True
136,scene0496_00,chair,3,True
136,scene0496_00,chair,4,True
136,scene0496_00,chair,5,True
136,scene0496_00,chair,6,True
136,scene0496_00,chair,7,True
136,scene0496_00,chair,8,True
136,scene0496_00,chair,9,True
136,scene0496_00,chair,10,True
136,scene0496_00,chair,11,False
136,scene0496_00,chair,12,True
136,scene0496_00,chair,13,False
136,scene0496_00,chair,14,True
136,scene0496_00,chair,15,False
136,scene0496_00,door,16,True
137,scene0084_02,counter,0,True
137,scene0084_02,door,1,True
137,scene0084_02,door,2,True
138,scene0307_00,door,0,False
138,scene0307_00,door,1,True
138,scene0307_00,door,2,True
138,scene0307_00,door,3,True
138,scene0307_00,door,4,False
138,scene0307_00,door,5,True
138,scene0307_00,cabinet,6,True
138,scene0307_00,cabinet,7,True
138,scene0307_00,cabinet,8,True
138,scene0307_00,chair,9,True
139,scene0300_01,bookshelf,0,True
139,scene0300_01,bookshelf,1,True
139,scene0300_01,bookshelf,2,True
139,scene0300_01,desk,3,True
139,scene0300_01,desk,4,True
139,scene0300_01,chair,5,True
139,scene0300_01,chair,6,True
139,scene0300_01,chair,7,True
139,scene0300_01,chair,8,False
139,scene0300_01,chair,9,False
140,scene0377_00,chair,0,True
141,scene0328_00,cabinet,0,True
141,scene0328_00,cabinet,1,True
141,scene0328_00,cabinet,2,False
141,scene0328_00,cabinet,3,True
141,scene0328_00,cabinet,4,False
141,scene0328_00,cabinet,5,True
141,scene0328_00,cabinet,6,False
141,scene0328_00,cabinet,7,True
141,scene0328_00,cabinet,8,True
141,scene0328_00,cabinet,9,False
141,scene0328_00,cabinet,10,True
141,scene0328_00,counter,11,True
142,scene0655_02,chair,0,True
142,scene0655_02,chair,1,True
142,scene0655_02,chair,2,True
142,scene0655_02,chair,3,True
142,scene0655_02,chair,4,True
142,scene0655_02,chair,5,True
142,scene0655_02,chair,6,True
142,scene0655_02,chair,7,True
142,scene0655_02,chair,8,True
142,scene0655_02,chair,9,True
142,scene0655_02,chair,10,True
142,scene0655_02,chair,11,True
142,scene0655_02,chair,12,True
142,scene0655_02,chair,13,True
142,scene0655_02,chair,14,True
143,scene0207_00,cabinet,0,True
143,scene0207_00,cabinet,1,True
143,scene0207_00,cabinet,2,False
143,scene0207_00,cabinet,3,True
143,scene0207_00,cabinet,4,True
143,scene0207_00,door,5,True
143,scene0207_00,door,6,True
143,scene0207_00,door,7,True
143,scene0207_00,door,8,True
143,scene0207_00,bed,9,True
143,scene0207_00,chair,10,False
143,scene0207_00,chair,11,True
143,scene0207_00,desk,12,True
143,scene0207_00,counter,13,True
143,scene0207_00,counter,14,False
143,scene0207_00,bathtub,15,True
144,scene0488_00,cabinet,0,True
144,scene0488_00,cabinet,1,True
144,scene0488_00,cabinet,2,True
144,scene0488_00,cabinet,3,False
144,scene0488_00,cabinet,4,True
144,scene0488_00,cabinet,5,True
144,scene0488_00,cabinet,6,True
144,scene0488_00,cabinet,7,True
144,scene0488_00,cabinet,8,True
144,scene0488_00,cabinet,9,True
144,scene0488_00,counter,10,True
144,scene0488_00,counter,11,True
145,scene0025_01,cabinet,0,True
145,scene0025_01,cabinet,1,True
145,scene0025_01,cabinet,2,False
145,scene0025_01,cabinet,3,True
145,scene0025_01,chair,4,True
145,scene0025_01,chair,5,True
145,scene0025_01,door,6,True
145,scene0025_01,door,7,True
145,scene0025_01,desk,8,True
146,scene0356_02,bed,0,True
146,scene0356_02,door,1,False
146,scene0356_02,door,2,True
146,scene0356_02,door,3,True
146,scene0356_02,door,4,True
146,scene0356_02,chair,5,True
146,scene0356_02,desk,6,True
147,scene0222_01,chair,0,True
147,scene0222_01,chair,1,True
147,scene0222_01,bed,2,True
147,scene0222_01,bed,3,True
147,scene0222_01,desk,4,True
147,scene0222_01,desk,5,True
147,scene0222_01,door,6,True
147,scene0222_01,door,7,True
147,scene0222_01,door,8,False
149,scene0474_05,chair,0,True
149,scene0474_05,chair,1,True
149,scene0474_05,chair,2,True
149,scene0474_05,bookshelf,3,True
149,scene0474_05,desk,4,True
149,scene0474_05,door,5,True
149,scene0474_05,cabinet,6,True
149,scene0474_05,cabinet,7,True
150,scene0088_03,chair,0,True
150,scene0088_03,chair,1,True
150,scene0088_03,chair,2,True
150,scene0088_03,chair,3,True
150,scene0088_03,chair,4,True
150,scene0088_03,chair,5,True
150,scene0088_03,chair,6,True
150,scene0088_03,chair,7,True
150,scene0088_03,chair,8,True
150,scene0088_03,chair,9,True
150,scene0088_03,chair,10,True
150,scene0088_03,chair,11,True
150,scene0088_03,chair,12,True
150,scene0088_03,chair,13,True
150,scene0088_03,chair,14,True
150,scene0088_03,chair,15,True
150,scene0088_03,chair,16,True
150,scene0088_03,chair,17,True
150,scene0088_03,chair,18,True
150,scene0088_03,chair,19,True
150,scene0088_03,chair,20,True
150,scene0088_03,chair,21,True
150,scene0088_03,door,22,True
151,scene0100_01,cabinet,0,True
151,scene0100_01,bathtub,1,True
151,scene0100_01,door,2,True
151,scene0100_01,door,3,False
152,scene0695_00,desk,0,True
152,scene0695_00,curtain,1,True
152,scene0695_00,bed,2,True
152,scene0695_00,chair,3,True
152,scene0695_00,chair,4,True
152,scene0695_00,door,5,True
152,scene0695_00,door,6,False
152,scene0695_00,bookshelf,7,True
152,scene0695_00,cabinet,8,False
153,scene0277_00,bed,0,True
153,scene0277_00,desk,1,True
153,scene0277_00,chair,2,True
153,scene0277_00,cabinet,3,True
153,scene0277_00,door,4,True
154,scene0575_02,chair,0,True
154,scene0575_02,chair,1,True
154,scene0575_02,chair,2,True
154,scene0575_02,chair,3,True
154,scene0575_02,chair,4,True
154,scene0575_02,chair,5,True
154,scene0575_02,chair,6,True
154,scene0575_02,chair,7,True
154,scene0575_02,chair,8,True
154,scene0575_02,chair,9,True
154,scene0575_02,door,10,True
155,scene0697_03,bed,0,False
155,scene0697_03,bed,1,True
155,scene0697_03,door,2,False
156,scene0146_02,door,0,True
158,scene0704_00,door,0,True
158,scene0704_00,cabinet,1,False
158,scene0704_00,cabinet,2,True
158,scene0704_00,cabinet,3,True
158,scene0704_00,counter,4,True
159,scene0064_01,bookshelf,0,True
159,scene0064_01,bookshelf,1,True
159,scene0064_01,chair,2,True
159,scene0064_01,chair,3,True
159,scene0064_01,chair,4,True
159,scene0064_01,chair,5,True
159,scene0064_01,door,6,False
160,scene0222_00,bed,0,True
160,scene0222_00,bed,1,True
160,scene0222_00,door,2,True
160,scene0222_00,door,3,True
160,scene0222_00,door,4,True
160,scene0222_00,door,5,True
160,scene0222_00,chair,6,True
160,scene0222_00,chair,7,True
160,scene0222_00,desk,8,True
160,scene0222_00,desk,9,True
161,scene0645_01,chair,0,False
161,scene0645_01,chair,1,True
161,scene0645_01,chair,2,True
161,scene0645_01,bed,3,True
161,scene0645_01,bed,4,True
161,scene0645_01,cabinet,5,True
161,scene0645_01,cabinet,6,True
161,scene0645_01,bathtub,7,True
161,scene0645_01,desk,8,True
161,scene0645_01,curtain,9,True
161,scene0645_01,door,10,True
161,scene0645_01,door,11,False
161,scene0645_01,door,12,False
161,scene0645_01,door,13,True
162,scene0063_00,chair,0,True
162,scene0063_00,chair,1,False
162,scene0063_00,chair,2,True
162,scene0063_00,chair,3,True
162,scene0063_00,cabinet,4,True
162,scene0063_00,cabinet,5,True
162,scene0063_00,cabinet,6,True
162,scene0063_00,door,7,True
162,scene0063_00,counter,8,True
163,scene0700_02,chair,0,True
163,scene0700_02,chair,1,True
163,scene0700_02,chair,2,True
163,scene0700_02,chair,3,False
163,scene0700_02,desk,4,True
163,scene0700_02,cabinet,5,True
163,scene0700_02,door,6,True
164,scene0549_01,chair,0,True
164,scene0549_01,chair,1,True
164,scene0549_01,chair,2,True
164,scene0549_01,chair,3,True
165,scene0050_01,door,0,True
165,scene0050_01,door,1,True
165,scene0050_01,door,2,True
165,scene0050_01,door,3,True
165,scene0050_01,door,4,True
165,scene0050_01,door,5,True
165,scene0050_01,chair,6,True
165,scene0050_01,chair,7,True
165,scene0050_01,desk,8,True
166,scene0633_01,chair,0,True
166,scene0633_01,curtain,1,True
166,scene0633_01,curtain,2,True
167,scene0382_00,desk,0,True
167,scene0382_00,bed,1,False
167,scene0382_00,chair,2,True
167,scene0382_00,door,3,True
167,scene0382_00,door,4,True
168,scene0606_01,chair,0,True
168,scene0606_01,chair,1,True
168,scene0606_01,chair,2,True
168,scene0606_01,chair,3,True
168,scene0606_01,chair,4,False
168,scene0606_01,chair,5,False
168,scene0606_01,cabinet,6,True
168,scene0606_01,door,7,True
168,scene0606_01,counter,8,True
169,scene0144_01,desk,0,True
169,scene0144_01,bed,1,True
169,scene0144_01,chair,2,True
169,scene0144_01,chair,3,True
169,scene0144_01,chair,4,True
169,scene0144_01,door,5,True
169,scene0144_01,door,6,False
169,scene0144_01,curtain,7,False
169,scene0144_01,curtain,8,False
170,scene0591_02,bookshelf,0,True
170,scene0591_02,bookshelf,1,True
170,scene0591_02,cabinet,2,True
170,scene0591_02,cabinet,3,True
170,scene0591_02,cabinet,4,False
170,scene0591_02,cabinet,5,True
170,scene0591_02,cabinet,6,False
170,scene0591_02,chair,7,True
170,scene0591_02,chair,8,True
170,scene0591_02,door,9,True
170,scene0591_02,desk,10,True
170,scene0591_02,desk,11,True
171,scene0251_00,chair,0,True
171,scene0251_00,chair,1,True
171,scene0251_00,door,2,True
171,scene0251_00,door,3,True
171,scene0251_00,door,4,True
171,scene0251_00,cabinet,5,True
172,scene0088_02,cabinet,0,True
172,scene0088_02,chair,1,True
172,scene0088_02,chair,2,True
172,scene0088_02,chair,3,True
172,scene0088_02,chair,4,True
172,scene0088_02,chair,5,True
172,scene0088_02,chair,6,True
172,scene0088_02,chair,7,True
172,scene0088_02,chair,8,True
172,scene0088_02,chair,9,True
172,scene0088_02,chair,10,True
172,scene0088_02,chair,11,True
172,scene0088_02,chair,12,True
172,scene0088_02,chair,13,True
172,scene0088_02,chair,14,True
172,scene0088_02,chair,15,True
172,scene0088_02,chair,16,True
172,scene0088_02,chair,17,True
172,scene0088_02,chair,18,True
172,scene0088_02,chair,19,False
172,scene0088_02,chair,20,True
172,scene0088_02,chair,21,True
172,scene0088_02,chair,22,True
172,scene0088_02,chair,23,True
172,scene0088_02,chair,24,True
172,scene0088_02,door,25,True
173,scene0187_00,chair,0,True
173,scene0187_00,chair,1,True
173,scene0187_00,chair,2,True
173,scene0187_00,chair,3,True
174,scene0599_00,door,0,True
174,scene0599_00,door,1,False
174,scene0599_00,chair,2,True
174,scene0599_00,chair,3,True
174,scene0599_00,chair,4,True
174,scene0599_00,chair,5,True
174,scene0599_00,chair,6,True
174,scene0599_00,chair,7,True
174,scene0599_00,chair,8,True
174,scene0599_00,chair,9,True
174,scene0599_00,chair,10,True
175,scene0500_00,chair,0,True
175,scene0500_00,chair,1,True
175,scene0500_00,chair,2,False
175,scene0500_00,chair,3,True
175,scene0500_00,chair,4,True
175,scene0500_00,chair,5,True
175,scene0500_00,chair,6,True
175,scene0500_00,chair,7,True
175,scene0500_00,chair,8,True
175,scene0500_00,chair,9,True
175,scene0500_00,chair,10,True
175,scene0500_00,chair,11,True
175,scene0500_00,chair,12,False
175,scene0500_00,chair,13,True
175,scene0500_00,chair,14,False
175,scene0500_00,chair,15,True
175,scene0500_00,chair,16,True
175,scene0500_00,chair,17,True
175,scene0500_00,chair,18,False
175,scene0500_00,chair,19,False
175,scene0500_00,chair,20,True
175,scene0500_00,chair,21,True
175,scene0500_00,chair,22,True
175,scene0500_00,chair,23,True
175,scene0500_00,chair,24,True
175,scene0500_00,chair,25,True
175,scene0500_00,chair,26,False
175,scene0500_00,chair,27,True
175,scene0500_00,chair,28,True
175,scene0500_00,chair,29,True
175,scene0500_00,chair,30,True
175,scene0500_00,chair,31,False
175,scene0500_00,chair,32,True
175,scene0500_00,chair,33,True
175,scene0500_00,chair,34,True
175,scene0500_00,chair,35,False
175,scene0500_00,chair,36,True
175,scene0500_00,chair,37,True
175,scene0500_00,chair,38,False
175,scene0500_00,door,39,False
176,scene0343_00,chair,0,True
176,scene0343_00,chair,1,True
177,scene0030_02,bookshelf,0,True
177,scene0030_02,bookshelf,1,True
177,scene0030_02,bookshelf,2,False
177,scene0030_02,bookshelf,3,False
177,scene0030_02,bookshelf,4,True
177,scene0030_02,bookshelf,5,False
177,scene0030_02,door,6,True
177,scene0030_02,door,7,True
177,scene0030_02,chair,8,True
177,scene0030_02,chair,9,True
177,scene0030_02,chair,10,True
177,scene0030_02,chair,11,True
177,scene0030_02,chair,12,True
177,scene0030_02,chair,13,True
177,scene0030_02,chair,14,True
177,scene0030_02,chair,15,True
177,scene0030_02,chair,16,True
177,scene0030_02,chair,17,True
177,scene0030_02,chair,18,True
177,scene0030_02,chair,19,True
177,scene0030_02,chair,20,True
177,scene0030_02,chair,21,False
177,scene0030_02,chair,22,True
177,scene0030_02,chair,23,True
177,scene0030_02,chair,24,True
178,scene0314_00,chair,0,True
178,scene0314_00,chair,1,True
178,scene0314_00,chair,2,True
178,scene0314_00,chair,3,True
179,scene0616_01,chair,0,True
179,scene0616_01,chair,1,True
179,scene0616_01,chair,2,True
179,scene0616_01,chair,3,False
179,scene0616_01,chair,4,True
179,scene0616_01,chair,5,True
179,scene0616_01,chair,6,True
179,scene0616_01,door,7,True
179,scene0616_01,door,8,True
180,scene0678_00,door,0,True
180,scene0678_00,door,1,False
180,scene0678_00,door,2,False
180,scene0678_00,door,3,True
181,scene0553_02,door,0,True
182,scene0187_01,chair,0,True
182,scene0187_01,chair,1,True
182,scene0187_01,chair,2,True
182,scene0187_01,chair,3,True
183,scene0458_01,cabinet,0,True
183,scene0458_01,door,1,False
184,scene0277_02,desk,0,True
184,scene0277_02,chair,1,False
184,scene0277_02,cabinet,2,False
184,scene0277_02,door,3,False
184,scene0277_02,bed,4,True
185,scene0389_00,chair,0,True
185,scene0389_00,chair,1,True
185,scene0389_00,bed,2,True
185,scene0389_00,cabinet,3,True
185,scene0389_00,door,4,False
185,scene0389_00,door,5,False
185,scene0389_00,curtain,6,True
186,scene0606_00,door,0,True
186,scene0606_00,chair,1,True
186,scene0606_00,chair,2,True
186,scene0606_00,chair,3,True
186,scene0606_00,chair,4,True
186,scene0606_00,chair,5,True
186,scene0606_00,chair,6,True
186,scene0606_00,cabinet,7,True
186,scene0606_00,cabinet,8,False
186,scene0606_00,counter,9,True
187,scene0086_01,door,0,True
187,scene0086_01,door,1,True
187,scene0086_01,door,2,True
187,scene0086_01,door,3,True
187,scene0086_01,door,4,True
187,scene0086_01,door,5,True
188,scene0648_00,door,0,False
188,scene0648_00,bed,1,True
188,scene0648_00,bed,2,True
188,scene0648_00,desk,3,True
188,scene0648_00,desk,4,True
188,scene0648_00,bookshelf,5,False
188,scene0648_00,cabinet,6,False
188,scene0648_00,chair,7,True
188,scene0648_00,chair,8,True
189,scene0427_00,chair,0,True
189,scene0427_00,chair,1,True
189,scene0427_00,chair,2,True
189,scene0427_00,chair,3,True
189,scene0427_00,door,4,True
190,scene0256_02,curtain,0,False
190,scene0256_02,curtain,1,False
190,scene0256_02,curtain,2,False
190,scene0256_02,bed,3,True
190,scene0256_02,cabinet,4,False
191,scene0695_03,bookshelf,0,True
191,scene0695_03,desk,1,True
191,scene0695_03,chair,2,True
191,scene0695_03,chair,3,True
191,scene0695_03,cabinet,4,False
191,scene0695_03,bed,5,True
191,scene0695_03,curtain,6,True
192,scene0535_00,cabinet,0,False
192,scene0535_00,chair,1,False
192,scene0535_00,chair,2,True
192,scene0535_00,chair,3,True
192,scene0535_00,chair,4,True
192,scene0535_00,desk,5,True
192,scene0535_00,desk,6,True
192,scene0535_00,bookshelf,7,True
193,scene0580_00,bookshelf,0,True
193,scene0580_00,curtain,1,True
193,scene0580_00,chair,2,True
193,scene0580_00,bed,3,True
193,scene0580_00,door,4,True
193,scene0580_00,door,5,True
194,scene0423_00,chair,0,True
194,scene0423_00,chair,1,True
194,scene0423_00,chair,2,True
194,scene0423_00,chair,3,True
195,scene0382_01,desk,0,True
195,scene0382_01,chair,1,True
195,scene0382_01,bed,2,True
195,scene0382_01,curtain,3,True
195,scene0382_01,door,4,True
195,scene0382_01,door,5,True
196,scene0629_01,bed,0,True
196,scene0629_01,door,1,False
196,scene0629_01,door,2,True
196,scene0629_01,door,3,True
196,scene0629_01,door,4,True
196,scene0629_01,desk,5,False
196,scene0629_01,chair,6,True
196,scene0629_01,cabinet,7,True
196,scene0629_01,cabinet,8,True
197,scene0618_00,chair,0,True
197,scene0618_00,chair,1,True
197,scene0618_00,chair,2,True
197,scene0618_00,chair,3,True
197,scene0618_00,chair,4,True
197,scene0618_00,chair,5,True
197,scene0618_00,chair,6,True
197,scene0618_00,chair,7,True
197,scene0618_00,chair,8,True
197,scene0618_00,chair,9,False
198,scene0300_00,bookshelf,0,True
198,scene0300_00,bookshelf,1,True
198,scene0300_00,chair,2,True
198,scene0300_00,chair,3,True
198,scene0300_00,chair,4,True
199,scene0693_00,bathtub,0,True
199,scene0693_00,cabinet,1,True
199,scene0693_00,door,2,True
199,scene0693_00,door,3,False
199,scene0693_00,door,4,True
200,scene0353_01,door,0,False
200,scene0353_01,door,1,True
200,scene0353_01,chair,2,True
200,scene0353_01,chair,3,True
200,scene0353_01,chair,4,True
200,scene0353_01,bed,5,True
200,scene0353_01,bed,6,True
200,scene0353_01,bookshelf,7,False
200,scene0353_01,curtain,8,False
201,scene0426_01,door,0,True
201,scene0426_01,door,1,True
201,scene0426_01,chair,2,True
201,scene0426_01,chair,3,True
201,scene0426_01,chair,4,True
201,scene0426_01,desk,5,True
201,scene0426_01,bed,6,True
202,scene0351_00,chair,0,True
202,scene0351_00,chair,1,True
202,scene0351_00,chair,2,True
202,scene0351_00,chair,3,True
202,scene0351_00,desk,4,True
202,scene0351_00,cabinet,5,True
203,scene0354_00,chair,0,True
203,scene0354_00,chair,1,True
203,scene0354_00,chair,2,True
203,scene0354_00,chair,3,True
203,scene0354_00,chair,4,True
203,scene0354_00,chair,5,True
203,scene0354_00,chair,6,True
203,scene0354_00,chair,7,True
203,scene0354_00,door,8,False
203,scene0354_00,door,9,True
204,scene0700_00,chair,0,True
204,scene0700_00,chair,1,True
204,scene0700_00,chair,2,True
204,scene0700_00,chair,3,True
204,scene0700_00,bookshelf,4,True
204,scene0700_00,door,5,True
204,scene0700_00,cabinet,6,True
204,scene0700_00,cabinet,7,True
204,scene0700_00,desk,8,True
205,scene0599_01,chair,0,True
205,scene0599_01,chair,1,True
205,scene0599_01,chair,2,True
205,scene0599_01,chair,3,True
205,scene0599_01,chair,4,True
205,scene0599_01,chair,5,True
205,scene0599_01,chair,6,True
205,scene0599_01,chair,7,False
205,scene0599_01,chair,8,True
205,scene0599_01,door,9,True
205,scene0599_01,door,10,True
206,scene0357_00,door,0,True
206,scene0357_00,door,1,False
206,scene0357_00,door,2,False
206,scene0357_00,door,3,True
206,scene0357_00,curtain,4,False
206,scene0357_00,cabinet,5,False
206,scene0357_00,cabinet,6,True
207,scene0591_00,chair,0,True
207,scene0591_00,chair,1,True
207,scene0591_00,cabinet,2,True
207,scene0591_00,cabinet,3,True
207,scene0591_00,cabinet,4,False
207,scene0591_00,cabinet,5,True
207,scene0591_00,cabinet,6,False
207,scene0591_00,desk,7,True
207,scene0591_00,desk,8,True
207,scene0591_00,door,9,True
207,scene0591_00,bookshelf,10,True
208,scene0084_00,door,0,True
208,scene0084_00,door,1,True
208,scene0084_00,counter,2,True
209,scene0655_01,chair,0,True
209,scene0655_01,chair,1,True
209,scene0655_01,chair,2,True
209,scene0655_01,chair,3,True
209,scene0655_01,chair,4,True
209,scene0655_01,chair,5,True
209,scene0655_01,chair,6,True
209,scene0655_01,chair,7,True
209,scene0655_01,chair,8,True
209,scene0655_01,chair,9,True
209,scene0655_01,chair,10,True
209,scene0655_01,chair,11,True
209,scene0655_01,chair,12,True
209,scene0655_01,chair,13,True
209,scene0655_01,chair,14,True
209,scene0655_01,chair,15,True
209,scene0655_01,chair,16,True
210,scene0494_00,chair,0,True
210,scene0494_00,chair,1,True
210,scene0494_00,chair,2,True
210,scene0494_00,chair,3,True
210,scene0494_00,door,4,True
211,scene0019_01,chair,0,True
211,scene0019_01,chair,1,False
211,scene0019_01,chair,2,True
211,scene0019_01,chair,3,True
211,scene0019_01,chair,4,False
211,scene0019_01,chair,5,False
211,scene0019_01,chair,6,False
211,scene0019_01,chair,7,False
211,scene0019_01,chair,8,False
211,scene0019_01,chair,9,True
211,scene0019_01,door,10,True
211,scene0019_01,door,11,True
212,scene0500_01,chair,0,True
212,scene0500_01,chair,1,True
212,scene0500_01,chair,2,True
212,scene0500_01,chair,3,True
212,scene0500_01,chair,4,True
212,scene0500_01,chair,5,True
212,scene0500_01,chair,6,True
212,scene0500_01,chair,7,False
212,scene0500_01,chair,8,True
212,scene0500_01,chair,9,True
212,scene0500_01,chair,10,True
212,scene0500_01,chair,11,True
212,scene0500_01,chair,12,True
212,scene0500_01,chair,13,False
212,scene0500_01,chair,14,False
212,scene0500_01,chair,15,True
212,scene0500_01,chair,16,True
212,scene0500_01,chair,17,True
212,scene0500_01,chair,18,True
212,scene0500_01,chair,19,True
212,scene0500_01,chair,20,True
212,scene0500_01,chair,21,False
212,scene0500_01,chair,22,True
212,scene0500_01,chair,23,True
212,scene0500_01,chair,24,True
212,scene0500_01,chair,25,True
212,scene0500_01,chair,26,True
212,scene0500_01,chair,27,True
212,scene0500_01,chair,28,True
212,scene0500_01,chair,29,True
212,scene0500_01,chair,30,True
212,scene0500_01,cabinet,31,True
212,scene0500_01,cabinet,32,False
213,scene0153_01,cabinet,0,True
213,scene0153_01,cabinet,1,False
213,scene0153_01,door,2,True
213,scene0153_01,bathtub,3,True
214,scene0030_00,chair,0,True
214,scene0030_00,chair,1,True
214,scene0030_00,chair,2,True
214,scene0030_00,chair,3,True
214,scene0030_00,chair,4,True
214,scene0030_00,chair,5,True
214,scene0030_00,chair,6,True
214,scene0030_00,chair,7,True
214,scene0030_00,chair,8,True
214,scene0030_00,chair,9,True
214,scene0030_00,chair,10,True
214,scene0030_00,chair,11,True
214,scene0030_00,chair,12,True
214,scene0030_00,chair,13,True
214,scene0030_00,chair,14,True
214,scene0030_00,chair,15,True
214,scene0030_00,chair,16,True
214,scene0030_00,bookshelf,17,False
214,scene0030_00,bookshelf,18,True
214,scene0030_00,bookshelf,19,True
214,scene0030_00,bookshelf,20,True
214,scene0030_00,bookshelf,21,False
214,scene0030_00,door,22,True
214,scene0030_00,door,23,True
215,scene0193_00,door,0,True
215,scene0193_00,door,1,True
215,scene0193_00,curtain,2,True
215,scene0193_00,chair,3,True
215,scene0193_00,bed,4,True
215,scene0193_00,desk,5,True
216,scene0435_01,curtain,0,True
216,scene0435_01,curtain,1,False
216,scene0435_01,bathtub,2,True
216,scene0435_01,chair,3,True
216,scene0435_01,chair,4,True
216,scene0435_01,bed,5,True
216,scene0435_01,bed,6,True
216,scene0435_01,desk,7,True
216,scene0435_01,door,8,True
216,scene0435_01,door,9,False
216,scene0435_01,door,10,False
217,scene0355_00,chair,0,True
217,scene0355_00,chair,1,True
217,scene0355_00,chair,2,True
217,scene0355_00,chair,3,True
217,scene0355_00,chair,4,True
217,scene0355_00,chair,5,True
217,scene0355_00,chair,6,True
217,scene0355_00,chair,7,True
217,scene0355_00,chair,8,True
218,scene0697_02,bed,0,False
218,scene0697_02,bed,1,True
219,scene0574_00,door,0,False
219,scene0574_00,door,1,False
219,scene0574_00,door,2,True
219,scene0574_00,cabinet,3,True
220,scene0231_00,desk,0,True
220,scene0231_00,door,1,False
220,scene0231_00,door,2,False
220,scene0231_00,door,3,False
220,scene0231_00,chair,4,True
220,scene0231_00,chair,5,True
220,scene0231_00,chair,6,False
220,scene0231_00,chair,7,True
220,scene0231_00,chair,8,True
220,scene0231_00,chair,9,True
220,scene0231_00,cabinet,10,False
220,scene0231_00,cabinet,11,False
220,scene0231_00,cabinet,12,True
220,scene0231_00,cabinet,13,True
220,scene0231_00,cabinet,14,False
220,scene0231_00,cabinet,15,True
220,scene0231_00,cabinet,16,True
220,scene0231_00,cabinet,17,True
220,scene0231_00,cabinet,18,False
220,scene0231_00,cabinet,19,False
220,scene0231_00,cabinet,20,False
220,scene0231_00,cabinet,21,True
220,scene0231_00,cabinet,22,False
220,scene0231_00,cabinet,23,True
220,scene0231_00,cabinet,24,True
220,scene0231_00,counter,25,False
221,scene0591_01,chair,0,True
221,scene0591_01,chair,1,True
221,scene0591_01,cabinet,2,True
221,scene0591_01,cabinet,3,False
221,scene0591_01,cabinet,4,True
221,scene0591_01,cabinet,5,False
221,scene0591_01,cabinet,6,True
221,scene0591_01,door,7,True
221,scene0591_01,desk,8,True
221,scene0591_01,desk,9,True
222,scene0695_01,bed,0,True
222,scene0695_01,chair,1,True
222,scene0695_01,chair,2,True
222,scene0695_01,curtain,3,True
222,scene0695_01,bookshelf,4,True
222,scene0695_01,desk,5,True
223,scene0441_00,door,0,True
223,scene0441_00,door,1,False
224,scene0575_01,chair,0,True
224,scene0575_01,chair,1,True
224,scene0575_01,chair,2,True
224,scene0575_01,chair,3,True
224,scene0575_01,chair,4,True
224,scene0575_01,chair,5,True
224,scene0575_01,chair,6,True
224,scene0575_01,chair,7,True
224,scene0575_01,chair,8,True
224,scene0575_01,chair,9,True
224,scene0575_01,door,10,True
225,scene0697_00,door,0,False
225,scene0697_00,door,1,False
225,scene0697_00,bed,2,True
225,scene0697_00,bed,3,False
226,scene0652_00,bed,0,True
226,scene0652_00,cabinet,1,True
226,scene0652_00,curtain,2,True
227,scene0353_02,curtain,0,False
227,scene0353_02,bed,1,True
227,scene0353_02,bed,2,True
227,scene0353_02,chair,3,True
227,scene0353_02,chair,4,True
227,scene0353_02,chair,5,True
227,scene0353_02,door,6,False
227,scene0353_02,door,7,True
227,scene0353_02,bookshelf,8,False
228,scene0095_00,chair,0,True
228,scene0095_00,chair,1,True
228,scene0095_00,chair,2,True
228,scene0095_00,chair,3,True
228,scene0095_00,chair,4,True
228,scene0095_00,chair,5,True
228,scene0095_00,chair,6,True
228,scene0095_00,chair,7,True
228,scene0095_00,chair,8,False
228,scene0095_00,chair,9,True
228,scene0095_00,chair,10,True
228,scene0095_00,chair,11,True
228,scene0095_00,chair,12,True
228,scene0095_00,chair,13,False
228,scene0095_00,chair,14,True
228,scene0095_00,chair,15,True
228,scene0095_00,cabinet,16,True
228,scene0095_00,door,17,True
229,scene0357_01,curtain,0,True
229,scene0357_01,cabinet,1,False
229,scene0357_01,cabinet,2,False
229,scene0357_01,door,3,False
229,scene0357_01,door,4,True
229,scene0357_01,door,5,True
229,scene0357_01,door,6,True
230,scene0671_01,chair,0,True
230,scene0671_01,chair,1,True
230,scene0671_01,chair,2,True
230,scene0671_01,chair,3,True
230,scene0671_01,cabinet,4,True
231,scene0527_00,curtain,0,True
231,scene0527_00,cabinet,1,True
231,scene0527_00,cabinet,2,True
231,scene0527_00,cabinet,3,True
231,scene0527_00,cabinet,4,True
231,scene0527_00,cabinet,5,False
231,scene0527_00,door,6,True
231,scene0527_00,door,7,True
231,scene0527_00,door,8,True
232,scene0207_02,door,0,True
232,scene0207_02,door,1,True
232,scene0207_02,door,2,True
232,scene0207_02,cabinet,3,True
232,scene0207_02,cabinet,4,True
232,scene0207_02,cabinet,5,True
232,scene0207_02,cabinet,6,True
232,scene0207_02,cabinet,7,True
232,scene0207_02,bathtub,8,True
232,scene0207_02,bed,9,True
232,scene0207_02,desk,10,True
232,scene0207_02,chair,11,True
232,scene0207_02,counter,12,True
234,scene0678_02,counter,0,True
234,scene0678_02,door,1,True
234,scene0678_02,door,2,True
235,scene0704_01,cabinet,0,True
235,scene0704_01,cabinet,1,False
235,scene0704_01,cabinet,2,True
235,scene0704_01,cabinet,3,False
235,scene0704_01,counter,4,True
236,scene0685_01,door,0,True
237,scene0565_00,chair,0,True
237,scene0565_00,chair,1,True
237,scene0565_00,chair,2,True
237,scene0565_00,chair,3,True
237,scene0565_00,cabinet,4,False
237,scene0565_00,desk,5,True
237,scene0565_00,desk,6,True
237,scene0565_00,door,7,True
237,scene0565_00,door,8,True
237,scene0565_00,door,9,False
237,scene0565_00,door,10,True
238,scene0095_01,chair,0,True
238,scene0095_01,chair,1,True
238,scene0095_01,chair,2,True
238,scene0095_01,chair,3,True
238,scene0095_01,chair,4,True
238,scene0095_01,chair,5,True
238,scene0095_01,chair,6,True
238,scene0095_01,chair,7,True
238,scene0095_01,chair,8,True
238,scene0095_01,chair,9,True
238,scene0095_01,chair,10,True
238,scene0095_01,chair,11,True
238,scene0095_01,chair,12,True
238,scene0095_01,chair,13,True
238,scene0095_01,chair,14,True
238,scene0095_01,chair,15,True
238,scene0095_01,chair,16,True
238,scene0095_01,cabinet,17,True
239,scene0607_01,chair,0,True
239,scene0607_01,chair,1,True
239,scene0607_01,chair,2,True
239,scene0607_01,chair,3,False
239,scene0607_01,cabinet,4,True
239,scene0607_01,cabinet,5,True
239,scene0607_01,counter,6,True
240,scene0378_00,desk,0,True
240,scene0378_00,desk,1,True
240,scene0378_00,desk,2,True
240,scene0378_00,cabinet,3,True
240,scene0378_00,cabinet,4,True
240,scene0378_00,door,5,False
240,scene0378_00,bookshelf,6,True
240,scene0378_00,bookshelf,7,True
240,scene0378_00,chair,8,True
240,scene0378_00,chair,9,True
240,scene0378_00,chair,10,True
240,scene0378_00,chair,11,True
241,scene0686_02,door,0,True
241,scene0686_02,door,1,True
242,scene0685_00,door,0,True
243,scene0406_02,bathtub,0,True
243,scene0406_02,cabinet,1,True
243,scene0406_02,door,2,True
243,scene0406_02,door,3,True
244,scene0011_01,chair,0,True
244,scene0011_01,chair,1,True
244,scene0011_01,chair,2,True
244,scene0011_01,chair,3,True
244,scene0011_01,chair,4,True
244,scene0011_01,chair,5,True
244,scene0011_01,chair,6,True
244,scene0011_01,chair,7,True
244,scene0011_01,chair,8,True
244,scene0011_01,chair,9,True
244,scene0011_01,counter,10,False
244,scene0011_01,cabinet,11,True
244,scene0011_01,cabinet,12,False
244,scene0011_01,cabinet,13,False
244,scene0011_01,door,14,False
245,scene0697_01,bed,0,True
245,scene0697_01,bed,1,False
246,scene0338_01,cabinet,0,True
246,scene0338_01,cabinet,1,False
246,scene0338_01,counter,2,True
246,scene0338_01,door,3,True
247,scene0131_02,desk,0,False
247,scene0131_02,chair,1,True
247,scene0131_02,chair,2,True
247,scene0131_02,chair,3,True
247,scene0131_02,chair,4,True
247,scene0131_02,chair,5,True
247,scene0131_02,chair,6,True
247,scene0131_02,chair,7,True
247,scene0131_02,chair,8,True
247,scene0131_02,chair,9,True
247,scene0131_02,cabinet,10,True
248,scene0050_00,chair,0,True
248,scene0050_00,chair,1,True
248,scene0050_00,desk,2,True
248,scene0050_00,door,3,True
248,scene0050_00,door,4,True
248,scene0050_00,door,5,False
248,scene0050_00,door,6,True
248,scene0050_00,door,7,True
248,scene0050_00,door,8,True
249,scene0338_02,cabinet,0,True
249,scene0338_02,cabinet,1,False
249,scene0338_02,door,2,True
249,scene0338_02,counter,3,True
250,scene0246_00,chair,0,True
250,scene0246_00,cabinet,1,True
250,scene0246_00,cabinet,2,True
250,scene0246_00,bed,3,True
250,scene0246_00,curtain,4,True
251,scene0693_02,cabinet,0,True
251,scene0693_02,door,1,True
251,scene0693_02,door,2,False
251,scene0693_02,door,3,False
251,scene0693_02,bathtub,4,True
252,scene0430_01,chair,0,True
252,scene0430_01,chair,1,False
252,scene0430_01,chair,2,True
252,scene0430_01,chair,3,True
252,scene0430_01,chair,4,True
252,scene0430_01,chair,5,True
252,scene0430_01,chair,6,True
252,scene0430_01,chair,7,True
252,scene0430_01,chair,8,True
252,scene0430_01,chair,9,True
252,scene0430_01,chair,10,True
253,scene0599_02,chair,0,True
253,scene0599_02,chair,1,True
253,scene0599_02,chair,2,True
253,scene0599_02,chair,3,True
253,scene0599_02,chair,4,True
253,scene0599_02,chair,5,True
253,scene0599_02,chair,6,True
253,scene0599_02,chair,7,True
253,scene0599_02,door,8,True
254,scene0025_00,door,0,True
254,scene0025_00,desk,1,True
254,scene0025_00,desk,2,True
254,scene0025_00,chair,3,True
254,scene0025_00,chair,4,True
254,scene0025_00,cabinet,5,True
254,scene0025_00,cabinet,6,False
254,scene0025_00,cabinet,7,True
254,scene0025_00,cabinet,8,True
255,scene0655_00,chair,0,True
255,scene0655_00,chair,1,True
255,scene0655_00,chair,2,True
255,scene0655_00,chair,3,True
255,scene0655_00,chair,4,True
255,scene0655_00,chair,5,True
255,scene0655_00,chair,6,True
255,scene0655_00,chair,7,True
255,scene0655_00,chair,8,True
255,scene0655_00,chair,9,True
255,scene0655_00,chair,10,True
255,scene0655_00,chair,11,True
255,scene0655_00,chair,12,True
255,scene0655_00,chair,13,True
256,scene0474_00,desk,0,True
256,scene0474_00,bookshelf,1,True
256,scene0474_00,chair,2,True
256,scene0474_00,chair,3,True
256,scene0474_00,chair,4,True
256,scene0474_00,chair,5,True
256,scene0474_00,door,6,True
257,scene0164_01,counter,0,True
257,scene0164_01,door,1,False
257,scene0164_01,cabinet,2,False
257,scene0164_01,cabinet,3,True
257,scene0164_01,cabinet,4,True
257,scene0164_01,cabinet,5,False
258,scene0461_00,chair,0,True
258,scene0461_00,chair,1,True
259,scene0046_01,curtain,0,True
259,scene0046_01,bed,1,True
259,scene0046_01,chair,2,True
259,scene0046_01,bathtub,3,True
259,scene0046_01,door,4,True
259,scene0046_01,door,5,True
259,scene0046_01,door,6,True
260,scene0644_00,chair,0,True
260,scene0644_00,chair,1,True
260,scene0644_00,chair,2,True
260,scene0644_00,chair,3,True
260,scene0644_00,chair,4,True
260,scene0644_00,chair,5,True
260,scene0644_00,chair,6,True
260,scene0644_00,chair,7,True
260,scene0644_00,chair,8,True
260,scene0644_00,chair,9,True
260,scene0644_00,chair,10,True
260,scene0644_00,chair,11,True
260,scene0644_00,cabinet,12,True
260,scene0644_00,cabinet,13,False
260,scene0644_00,door,14,True
261,scene0598_00,bookshelf,0,True
261,scene0598_00,chair,1,True
261,scene0598_00,chair,2,True
261,scene0598_00,chair,3,True
261,scene0598_00,chair,4,True
261,scene0598_00,chair,5,True
261,scene0598_00,chair,6,True
262,scene0609_03,chair,0,True
262,scene0609_03,chair,1,True
262,scene0609_03,chair,2,True
262,scene0609_03,chair,3,True
262,scene0609_03,chair,4,True
262,scene0609_03,chair,5,True
263,scene0406_00,counter,0,True
263,scene0406_00,bathtub,1,True
263,scene0406_00,door,2,True
263,scene0406_00,door,3,True
264,scene0665_00,chair,0,True
264,scene0665_00,chair,1,True
264,scene0665_00,chair,2,True
264,scene0665_00,chair,3,True
264,scene0665_00,chair,4,True
264,scene0665_00,chair,5,True
264,scene0665_00,chair,6,True
264,scene0665_00,chair,7,True
264,scene0665_00,chair,8,True
264,scene0665_00,chair,9,True
264,scene0665_00,chair,10,True
264,scene0665_00,chair,11,True
264,scene0665_00,chair,12,False
264,scene0665_00,chair,13,True
264,scene0665_00,chair,14,True
264,scene0665_00,chair,15,False
264,scene0665_00,chair,16,True
264,scene0665_00,chair,17,False
264,scene0665_00,desk,18,True
264,scene0665_00,desk,19,False
264,scene0665_00,desk,20,True
264,scene0665_00,desk,21,True
264,scene0665_00,door,22,True
264,scene0665_00,door,23,True
264,scene0665_00,cabinet,24,False
265,scene0221_00,chair,0,True
265,scene0221_00,chair,1,True
265,scene0221_00,chair,2,False
265,scene0221_00,bed,3,True
265,scene0221_00,bed,4,True
265,scene0221_00,desk,5,True
265,scene0221_00,cabinet,6,True
265,scene0221_00,cabinet,7,True
265,scene0221_00,door,8,True
265,scene0221_00,door,9,False
265,scene0221_00,door,10,True
265,scene0221_00,curtain,11,False
265,scene0221_00,bathtub,12,False
266,scene0648_01,chair,0,True
266,scene0648_01,chair,1,True
266,scene0648_01,bed,2,True
266,scene0648_01,bed,3,True
266,scene0648_01,desk,4,True
266,scene0648_01,desk,5,True
266,scene0648_01,door,6,False
267,scene0153_00,cabinet,0,True
267,scene0153_00,cabinet,1,False
267,scene0153_00,door,2,True
267,scene0153_00,bathtub,3,True
268,scene0609_00,chair,0,True
268,scene0609_00,chair,1,True
268,scene0609_00,chair,2,True
268,scene0609_00,chair,3,False
268,scene0609_00,chair,4,True
268,scene0609_00,chair,5,True
268,scene0609_00,chair,6,True
269,scene0231_02,chair,0,True
269,scene0231_02,chair,1,True
269,scene0231_02,chair,2,True
269,scene0231_02,chair,3,True
269,scene0231_02,chair,4,True
269,scene0231_02,desk,5,True
269,scene0231_02,cabinet,6,True
269,scene0231_02,cabinet,7,True
269,scene0231_02,cabinet,8,True
269,scene0231_02,cabinet,9,True
269,scene0231_02,cabinet,10,False
269,scene0231_02,cabinet,11,True
269,scene0231_02,cabinet,12,False
269,scene0231_02,cabinet,13,True
269,scene0231_02,cabinet,14,False
269,scene0231_02,cabinet,15,True
269,scene0231_02,door,16,False
269,scene0231_02,door,17,True
269,scene0231_02,counter,18,False
270,scene0629_02,bed,0,True
270,scene0629_02,door,1,True
270,scene0629_02,door,2,True
270,scene0629_02,door,3,True
270,scene0629_02,door,4,True
270,scene0629_02,desk,5,False
270,scene0629_02,chair,6,True
270,scene0629_02,cabinet,7,True
270,scene0629_02,cabinet,8,True
271,scene0462_00,cabinet,0,True
271,scene0462_00,door,1,True
271,scene0462_00,door,2,True
271,scene0462_00,door,3,False
272,scene0077_01,door,0,True
272,scene0077_01,door,1,True
272,scene0077_01,door,2,False
272,scene0077_01,counter,3,True
272,scene0077_01,cabinet,4,False
273,scene0518_00,chair,0,True
273,scene0518_00,chair,1,True
273,scene0518_00,desk,2,True
273,scene0518_00,cabinet,3,False
273,scene0518_00,cabinet,4,True
274,scene0552_00,chair,0,True
274,scene0552_00,chair,1,True
274,scene0552_00,chair,2,True
274,scene0552_00,chair,3,True
274,scene0552_00,chair,4,True
274,scene0552_00,chair,5,True
274,scene0552_00,chair,6,True
274,scene0552_00,cabinet,7,True
274,scene0552_00,cabinet,8,True
274,scene0552_00,cabinet,9,True
274,scene0552_00,counter,10,True
275,scene0458_00,cabinet,0,True
275,scene0458_00,door,1,False
276,scene0621_00,chair,0,True
276,scene0621_00,chair,1,True
276,scene0621_00,chair,2,True
276,scene0621_00,chair,3,True
276,scene0621_00,chair,4,True
276,scene0621_00,chair,5,True
276,scene0621_00,chair,6,True
276,scene0621_00,chair,7,True
276,scene0621_00,chair,8,True
276,scene0621_00,chair,9,True
276,scene0621_00,chair,10,True
276,scene0621_00,chair,11,True
276,scene0621_00,chair,12,True
276,scene0621_00,chair,13,True
276,scene0621_00,chair,14,True
276,scene0621_00,chair,15,True
276,scene0621_00,chair,16,True
276,scene0621_00,chair,17,True
276,scene0621_00,chair,18,True
276,scene0621_00,chair,19,True
276,scene0621_00,chair,20,True
276,scene0621_00,chair,21,True
276,scene0621_00,chair,22,True
276,scene0621_00,chair,23,True
276,scene0621_00,chair,24,True
276,scene0621_00,chair,25,True
276,scene0621_00,chair,26,True
276,scene0621_00,door,27,True
277,scene0356_00,desk,0,True
277,scene0356_00,door,1,True
277,scene0356_00,door,2,True
277,scene0356_00,door,3,True
277,scene0356_00,door,4,True
277,scene0356_00,bed,5,True
277,scene0356_00,chair,6,True
278,scene0146_01,door,0,False
279,scene0149_00,counter,0,True
279,scene0149_00,counter,1,True
279,scene0149_00,cabinet,2,False
279,scene0149_00,cabinet,3,False
279,scene0149_00,cabinet,4,False
279,scene0149_00,cabinet,5,True
279,scene0149_00,cabinet,6,True
279,scene0149_00,cabinet,7,True
279,scene0149_00,cabinet,8,False
279,scene0149_00,cabinet,9,True
279,scene0149_00,cabinet,10,True
279,scene0149_00,chair,11,False
280,scene0081_01,chair,0,True
280,scene0081_01,chair,1,True
280,scene0081_01,chair,2,True
280,scene0081_01,chair,3,True
280,scene0081_01,chair,4,True
280,scene0081_01,chair,5,True
280,scene0081_01,chair,6,True
280,scene0081_01,chair,7,True
280,scene0081_01,chair,8,True
280,scene0081_01,chair,9,True
280,scene0081_01,chair,10,False
280,scene0081_01,chair,11,False
280,scene0081_01,chair,12,True
280,scene0081_01,chair,13,True
280,scene0081_01,chair,14,True
280,scene0081_01,chair,15,True
280,scene0081_01,chair,16,True
280,scene0081_01,chair,17,True
280,scene0081_01,chair,18,True
280,scene0081_01,chair,19,True
280,scene0081_01,chair,20,True
280,scene0081_01,chair,21,True
280,scene0081_01,chair,22,True
280,scene0081_01,chair,23,True
280,scene0081_01,chair,24,True
280,scene0081_01,chair,25,True
281,scene0699_00,door,0,True
281,scene0699_00,door,1,False
281,scene0699_00,door,2,True
281,scene0699_00,door,3,False
281,scene0699_00,cabinet,4,True
281,scene0699_00,bed,5,True
281,scene0699_00,chair,6,True
282,scene0081_02,chair,0,True
282,scene0081_02,chair,1,True
282,scene0081_02,chair,2,True
282,scene0081_02,chair,3,True
282,scene0081_02,chair,4,True
282,scene0081_02,chair,5,True
282,scene0081_02,chair,6,True
282,scene0081_02,chair,7,True
282,scene0081_02,chair,8,True
282,scene0081_02,chair,9,True
282,scene0081_02,chair,10,True
282,scene0081_02,chair,11,True
282,scene0081_02,chair,12,True
282,scene0081_02,chair,13,True
282,scene0081_02,chair,14,True
282,scene0081_02,chair,15,True
282,scene0081_02,chair,16,True
282,scene0081_02,chair,17,True
282,scene0081_02,chair,18,False
282,scene0081_02,chair,19,True
282,scene0081_02,chair,20,True
282,scene0081_02,chair,21,True
282,scene0081_02,chair,22,True
282,scene0081_02,chair,23,True
282,scene0081_02,chair,24,True
282,scene0081_02,chair,25,True
282,scene0081_02,chair,26,True
283,scene0598_02,bookshelf,0,True
283,scene0598_02,bookshelf,1,True
284,scene0100_02,cabinet,0,True
284,scene0100_02,door,1,True
284,scene0100_02,counter,2,False
284,scene0100_02,bathtub,3,True
285,scene0633_00,curtain,0,False
285,scene0633_00,curtain,1,True
285,scene0633_00,chair,2,True
287,scene0574_01,door,0,False
287,scene0574_01,door,1,True
287,scene0574_01,door,2,True
287,scene0574_01,cabinet,3,True
288,scene0663_00,door,0,True
288,scene0663_00,desk,1,True
288,scene0663_00,desk,2,True
288,scene0663_00,chair,3,True
288,scene0663_00,chair,4,True
288,scene0663_00,chair,5,True
288,scene0663_00,cabinet,6,True
288,scene0663_00,cabinet,7,False
288,scene0663_00,cabinet,8,True
289,scene0647_00,chair,0,True
289,scene0647_00,door,1,False
289,scene0647_00,door,2,True
290,scene0568_01,chair,0,True
290,scene0568_01,chair,1,False
290,scene0568_01,chair,2,False
290,scene0568_01,chair,3,False
290,scene0568_01,bookshelf,4,True
290,scene0568_01,curtain,5,True
291,scene0019_00,chair,0,False
291,scene0019_00,chair,1,False
291,scene0019_00,chair,2,False
291,scene0019_00,chair,3,False
291,scene0019_00,chair,4,True
291,scene0019_00,chair,5,False
291,scene0019_00,chair,6,True
291,scene0019_00,chair,7,True
291,scene0019_00,chair,8,False
291,scene0019_00,chair,9,True
291,scene0019_00,door,10,True
291,scene0019_00,door,11,True
292,scene0378_02,desk,0,True
292,scene0378_02,desk,1,True
292,scene0378_02,desk,2,True
292,scene0378_02,bookshelf,3,True
292,scene0378_02,bookshelf,4,True
292,scene0378_02,chair,5,True
292,scene0378_02,chair,6,True
292,scene0378_02,chair,7,True
292,scene0378_02,chair,8,True
292,scene0378_02,cabinet,9,True
292,scene0378_02,cabinet,10,True
292,scene0378_02,door,11,True
293,scene0578_01,chair,0,True
293,scene0578_01,chair,1,True
293,scene0578_01,chair,2,True
293,scene0578_01,chair,3,True
293,scene0578_01,door,4,False
294,scene0378_01,chair,0,True
294,scene0378_01,chair,1,True
294,scene0378_01,chair,2,True
294,scene0378_01,chair,3,True
294,scene0378_01,desk,4,True
294,scene0378_01,desk,5,True
294,scene0378_01,desk,6,True
294,scene0378_01,bookshelf,7,True
294,scene0378_01,bookshelf,8,True
294,scene0378_01,cabinet,9,True
294,scene0378_01,cabinet,10,True
294,scene0378_01,door,11,True
295,scene0702_02,bathtub,0,True
295,scene0702_02,door,1,True
295,scene0702_02,curtain,2,False
296,scene0169_00,chair,0,True
296,scene0169_00,chair,1,True
296,scene0169_00,chair,2,True
296,scene0169_00,chair,3,True
296,scene0169_00,chair,4,True
296,scene0169_00,chair,5,True
296,scene0169_00,chair,6,True
296,scene0169_00,chair,7,True
296,scene0169_00,chair,8,True
296,scene0169_00,chair,9,False
296,scene0169_00,chair,10,False
296,scene0169_00,chair,11,True
296,scene0169_00,chair,12,True
296,scene0169_00,chair,13,True
296,scene0169_00,chair,14,False
296,scene0169_00,chair,15,False
296,scene0169_00,chair,16,True
296,scene0169_00,chair,17,True
296,scene0169_00,chair,18,True
296,scene0169_00,chair,19,True
296,scene0169_00,chair,20,True
296,scene0169_00,chair,21,True
296,scene0169_00,chair,22,True
296,scene0169_00,chair,23,True
296,scene0169_00,chair,24,True
296,scene0169_00,cabinet,25,True
296,scene0169_00,cabinet,26,True
296,scene0169_00,door,27,True
297,scene0432_00,chair,0,True
297,scene0432_00,chair,1,True
298,scene0702_00,door,0,True
298,scene0702_00,door,1,True
298,scene0702_00,bathtub,2,True
299,scene0678_01,door,0,True
299,scene0678_01,door,1,True
299,scene0678_01,door,2,False
299,scene0678_01,door,3,True
300,scene0329_00,door,0,True
300,scene0329_00,door,1,True
300,scene0329_00,door,2,True
300,scene0329_00,door,3,True
300,scene0329_00,door,4,True
300,scene0329_00,door,5,True
300,scene0329_00,door,6,True
300,scene0329_00,door,7,True
300,scene0329_00,chair,8,True
300,scene0329_00,chair,9,True
300,scene0329_00,chair,10,False
300,scene0329_00,cabinet,11,False
300,scene0329_00,cabinet,12,False
301,scene0616_00,chair,0,True
301,scene0616_00,chair,1,True
301,scene0616_00,chair,2,True
301,scene0616_00,chair,3,True
301,scene0616_00,chair,4,True
301,scene0616_00,chair,5,True
301,scene0616_00,chair,6,True
301,scene0616_00,door,7,False
301,scene0616_00,door,8,False
301,scene0616_00,door,9,False
302,scene0100_00,cabinet,0,True
302,scene0100_00,bathtub,1,True
302,scene0100_00,door,2,False
302,scene0100_00,door,3,False
303,scene0139_00,cabinet,0,False
303,scene0139_00,door,1,True
303,scene0139_00,door,2,True
304,scene0231_01,chair,0,True
304,scene0231_01,chair,1,False
304,scene0231_01,chair,2,False
304,scene0231_01,chair,3,True
304,scene0231_01,chair,4,True
304,scene0231_01,chair,5,True
304,scene0231_01,counter,6,False
304,scene0231_01,cabinet,7,True
304,scene0231_01,cabinet,8,False
304,scene0231_01,cabinet,9,True
304,scene0231_01,cabinet,10,False
304,scene0231_01,cabinet,11,False
304,scene0231_01,cabinet,12,False
304,scene0231_01,cabinet,13,False
304,scene0231_01,cabinet,14,False
304,scene0231_01,cabinet,15,True
304,scene0231_01,cabinet,16,False
304,scene0231_01,cabinet,17,False
304,scene0231_01,cabinet,18,False
304,scene0231_01,cabinet,19,False
304,scene0231_01,cabinet,20,True
304,scene0231_01,cabinet,21,True
304,scene0231_01,cabinet,22,False
304,scene0231_01,desk,23,True
304,scene0231_01,door,24,False
304,scene0231_01,door,25,True
306,scene0593_00,cabinet,0,True
306,scene0593_00,cabinet,1,True
306,scene0593_00,cabinet,2,True
306,scene0593_00,cabinet,3,True
306,scene0593_00,door,4,True
306,scene0593_00,door,5,True
307,scene0598_01,chair,0,True
307,scene0598_01,chair,1,True
307,scene0598_01,chair,2,True
307,scene0598_01,chair,3,True
307,scene0598_01,chair,4,True
307,scene0598_01,chair,5,True
307,scene0598_01,door,6,True
308,scene0278_00,chair,0,True
308,scene0278_00,chair,1,True
308,scene0278_00,cabinet,2,True
308,scene0278_00,cabinet,3,True
308,scene0278_00,counter,4,True
309,scene0558_00,chair,0,True
309,scene0558_00,chair,1,True
309,scene0558_00,chair,2,True
309,scene0558_00,bookshelf,3,False
309,scene0558_00,bookshelf,4,True
310,scene0664_02,door,0,True
310,scene0664_02,door,1,True
310,scene0664_02,bathtub,2,True
310,scene0664_02,counter,3,True
311,scene0088_01,chair,0,True
311,scene0088_01,chair,1,True
311,scene0088_01,chair,2,True
311,scene0088_01,chair,3,True
311,scene0088_01,chair,4,True
311,scene0088_01,chair,5,True
311,scene0088_01,chair,6,True
311,scene0088_01,chair,7,True
311,scene0088_01,chair,8,True
311,scene0088_01,chair,9,True
311,scene0088_01,chair,10,True
311,scene0088_01,chair,11,True
311,scene0088_01,chair,12,True
311,scene0088_01,chair,13,True
311,scene0088_01,chair,14,True
311,scene0088_01,chair,15,True
311,scene0088_01,chair,16,True
311,scene0088_01,chair,17,True
311,scene0088_01,door,18,True
