img_id,scan_name,classname,gt_bbox_index,pred_bbox_index
0,scene0011_00,cabinet,0,142.0
0,scene0011_00,cabinet,12,146.0
0,scene0011_00,cabinet,14,
0,scene0011_00,chair,1,165.0
0,scene0011_00,chair,2,191.0
0,scene0011_00,chair,3,192.0
0,scene0011_00,chair,4,170.0
0,scene0011_00,chair,5,180.0
0,scene0011_00,chair,6,200.0
0,scene0011_00,chair,7,178.0
0,scene0011_00,chair,8,188.0
0,scene0011_00,chair,9,204.0
0,scene0011_00,chair,10,194.0
0,scene0011_00,chair,11,185.0
0,scene0011_00,counter,13,242.0
0,scene0011_00,door,15,346.0
0,scene0011_00,door,16,346.0
1,scene0011_01,chair,0,168.0
1,scene0011_01,chair,1,188.0
1,scene0011_01,chair,2,158.0
1,scene0011_01,chair,3,185.0
1,scene0011_01,chair,4,174.0
1,scene0011_01,chair,5,170.0
1,scene0011_01,chair,6,160.0
1,scene0011_01,chair,7,161.0
1,scene0011_01,chair,8,179.0
1,scene0011_01,chair,9,155.0
1,scene0011_01,counter,10,201.0
1,scene0011_01,cabinet,11,137.0
1,scene0011_01,cabinet,12,
1,scene0011_01,cabinet,13,118.0
1,scene0011_01,door,14,329.0
2,scene0015_00,chair,0,227.0
2,scene0015_00,chair,1,211.0
2,scene0015_00,chair,2,210.0
2,scene0015_00,chair,3,
2,scene0015_00,chair,4,249.0
2,scene0015_00,chair,5,222.0
2,scene0015_00,chair,6,246.0
2,scene0015_00,chair,7,204.0
2,scene0015_00,chair,8,
2,scene0015_00,chair,9,220.0
2,scene0015_00,chair,10,230.0
2,scene0015_00,chair,11,243.0
2,scene0015_00,chair,12,244.0
2,scene0015_00,chair,13,209.0
2,scene0015_00,chair,14,212.0
2,scene0015_00,chair,15,241.0
2,scene0015_00,chair,16,245.0
2,scene0015_00,chair,17,225.0
2,scene0015_00,chair,18,242.0
2,scene0015_00,chair,19,235.0
2,scene0015_00,chair,20,229.0
2,scene0015_00,chair,21,217.0
3,scene0019_00,chair,0,130.0
3,scene0019_00,chair,1,
3,scene0019_00,chair,3,137.0
3,scene0019_00,chair,4,137.0
3,scene0019_00,chair,5,122.0
3,scene0019_00,chair,6,
3,scene0019_00,chair,7,
3,scene0019_00,chair,9,147.0
3,scene0019_00,chair,10,
3,scene0019_00,chair,11,126.0
3,scene0019_00,door,2,268.0
3,scene0019_00,door,8,259.0
4,scene0019_01,chair,0,104.0
4,scene0019_01,chair,1,120.0
4,scene0019_01,chair,2,122.0
4,scene0019_01,chair,3,120.0
4,scene0019_01,chair,4,
4,scene0019_01,chair,5,
4,scene0019_01,chair,6,
4,scene0019_01,chair,7,121.0
4,scene0019_01,chair,10,
4,scene0019_01,chair,11,110.0
4,scene0019_01,door,8,216.0
4,scene0019_01,door,9,219.0
5,scene0025_00,door,0,309.0
5,scene0025_00,desk,1,256.0
5,scene0025_00,desk,2,264.0
5,scene0025_00,chair,3,173.0
5,scene0025_00,chair,4,168.0
5,scene0025_00,cabinet,5,113.0
5,scene0025_00,cabinet,6,137.0
5,scene0025_00,cabinet,7,132.0
5,scene0025_00,cabinet,8,112.0
6,scene0025_01,cabinet,0,
6,scene0025_01,cabinet,1,105.0
6,scene0025_01,cabinet,7,118.0
6,scene0025_01,cabinet,8,108.0
6,scene0025_01,chair,2,142.0
6,scene0025_01,chair,3,163.0
6,scene0025_01,door,4,267.0
6,scene0025_01,door,6,267.0
6,scene0025_01,desk,5,239.0
7,scene0025_02,door,0,250.0
7,scene0025_02,desk,1,244.0
7,scene0025_02,desk,2,228.0
7,scene0025_02,cabinet,3,98.0
7,scene0025_02,cabinet,5,112.0
7,scene0025_02,cabinet,6,117.0
7,scene0025_02,cabinet,7,
7,scene0025_02,chair,4,152.0
7,scene0025_02,chair,8,147.0
8,scene0030_00,chair,0,207.0
8,scene0030_00,chair,1,173.0
8,scene0030_00,chair,2,183.0
8,scene0030_00,chair,3,182.0
8,scene0030_00,chair,4,197.0
8,scene0030_00,chair,5,196.0
8,scene0030_00,chair,6,194.0
8,scene0030_00,chair,7,176.0
8,scene0030_00,chair,8,184.0
8,scene0030_00,chair,9,185.0
8,scene0030_00,chair,10,177.0
8,scene0030_00,chair,11,206.0
8,scene0030_00,chair,12,181.0
8,scene0030_00,chair,13,195.0
8,scene0030_00,chair,14,175.0
8,scene0030_00,chair,15,209.0
8,scene0030_00,chair,20,180.0
8,scene0030_00,bookshelf,16,104.0
8,scene0030_00,bookshelf,17,122.0
8,scene0030_00,bookshelf,18,
8,scene0030_00,bookshelf,19,105.0
8,scene0030_00,bookshelf,22,
8,scene0030_00,door,21,361.0
8,scene0030_00,door,23,361.0
9,scene0030_01,bookshelf,0,
9,scene0030_01,bookshelf,1,93.0
9,scene0030_01,bookshelf,2,128.0
9,scene0030_01,bookshelf,13,
9,scene0030_01,bookshelf,14,
9,scene0030_01,chair,3,212.0
9,scene0030_01,chair,4,202.0
9,scene0030_01,chair,5,182.0
9,scene0030_01,chair,6,198.0
9,scene0030_01,chair,7,201.0
9,scene0030_01,chair,9,187.0
9,scene0030_01,chair,10,184.0
9,scene0030_01,chair,11,
9,scene0030_01,chair,15,191.0
9,scene0030_01,chair,16,194.0
9,scene0030_01,chair,17,193.0
9,scene0030_01,chair,18,221.0
9,scene0030_01,chair,19,204.0
9,scene0030_01,chair,20,192.0
9,scene0030_01,chair,21,
9,scene0030_01,chair,22,188.0
9,scene0030_01,door,8,360.0
9,scene0030_01,door,12,
10,scene0030_02,bookshelf,0,84.0
10,scene0030_02,bookshelf,3,
10,scene0030_02,bookshelf,4,
10,scene0030_02,bookshelf,5,
10,scene0030_02,bookshelf,6,77.0
10,scene0030_02,bookshelf,24,
10,scene0030_02,door,1,296.0
10,scene0030_02,door,2,296.0
10,scene0030_02,chair,7,170.0
10,scene0030_02,chair,8,166.0
10,scene0030_02,chair,9,161.0
10,scene0030_02,chair,10,155.0
10,scene0030_02,chair,11,167.0
10,scene0030_02,chair,12,152.0
10,scene0030_02,chair,13,164.0
10,scene0030_02,chair,14,154.0
10,scene0030_02,chair,15,160.0
10,scene0030_02,chair,16,150.0
10,scene0030_02,chair,17,181.0
10,scene0030_02,chair,18,182.0
10,scene0030_02,chair,19,171.0
10,scene0030_02,chair,20,162.0
10,scene0030_02,chair,21,165.0
10,scene0030_02,chair,22,173.0
10,scene0030_02,chair,23,179.0
11,scene0046_00,chair,0,131.0
11,scene0046_00,bathtub,1,2.0
11,scene0046_00,bed,2,57.0
11,scene0046_00,desk,3,218.0
11,scene0046_00,door,4,265.0
11,scene0046_00,door,5,263.0
11,scene0046_00,door,6,
11,scene0046_00,curtain,7,199.0
12,scene0046_01,curtain,0,174.0
12,scene0046_01,bed,1,51.0
12,scene0046_01,chair,2,129.0
12,scene0046_01,bathtub,3,9.0
12,scene0046_01,door,4,235.0
12,scene0046_01,door,5,238.0
12,scene0046_01,door,6,248.0
13,scene0046_02,desk,0,229.0
13,scene0046_02,curtain,1,214.0
13,scene0046_02,curtain,2,200.0
13,scene0046_02,cabinet,3,115.0
13,scene0046_02,bed,4,31.0
13,scene0046_02,bathtub,5,27.0
13,scene0046_02,chair,6,137.0
13,scene0046_02,door,7,264.0
13,scene0046_02,door,8,272.0
13,scene0046_02,door,9,251.0
14,scene0050_00,chair,0,100.0
14,scene0050_00,chair,1,108.0
14,scene0050_00,desk,2,186.0
14,scene0050_00,door,3,214.0
14,scene0050_00,door,4,197.0
14,scene0050_00,door,5,192.0
14,scene0050_00,door,6,194.0
14,scene0050_00,door,7,192.0
14,scene0050_00,door,8,197.0
15,scene0050_01,door,0,273.0
15,scene0050_01,door,2,265.0
15,scene0050_01,door,3,253.0
15,scene0050_01,door,6,278.0
15,scene0050_01,door,7,278.0
15,scene0050_01,door,8,253.0
15,scene0050_01,chair,1,139.0
15,scene0050_01,chair,5,138.0
15,scene0050_01,desk,4,227.0
16,scene0050_02,chair,0,113.0
16,scene0050_02,chair,1,124.0
16,scene0050_02,desk,2,208.0
16,scene0050_02,door,3,
16,scene0050_02,door,4,242.0
16,scene0050_02,door,5,224.0
16,scene0050_02,door,6,236.0
16,scene0050_02,door,7,224.0
16,scene0050_02,door,8,242.0
17,scene0063_00,chair,0,120.0
17,scene0063_00,chair,1,
17,scene0063_00,chair,2,130.0
17,scene0063_00,chair,3,113.0
17,scene0063_00,cabinet,4,99.0
17,scene0063_00,cabinet,5,96.0
17,scene0063_00,cabinet,7,
17,scene0063_00,door,6,227.0
17,scene0063_00,counter,8,151.0
18,scene0064_00,bookshelf,0,57.0
18,scene0064_00,bookshelf,4,59.0
18,scene0064_00,chair,1,84.0
18,scene0064_00,chair,2,91.0
18,scene0064_00,door,3,169.0
19,scene0064_01,bookshelf,0,34.0
19,scene0064_01,bookshelf,1,41.0
19,scene0064_01,chair,2,74.0
19,scene0064_01,chair,3,69.0
19,scene0064_01,chair,4,84.0
19,scene0064_01,chair,5,83.0
19,scene0064_01,door,6,
20,scene0077_00,cabinet,0,
20,scene0077_00,door,1,256.0
20,scene0077_00,door,2,256.0
20,scene0077_00,door,3,
20,scene0077_00,door,5,241.0
20,scene0077_00,counter,4,171.0
21,scene0077_01,door,0,184.0
21,scene0077_01,door,2,187.0
21,scene0077_01,door,3,
21,scene0077_01,counter,1,132.0
21,scene0077_01,cabinet,4,
23,scene0081_01,chair,0,209.0
23,scene0081_01,chair,1,242.0
23,scene0081_01,chair,2,220.0
23,scene0081_01,chair,3,
23,scene0081_01,chair,4,
23,scene0081_01,chair,5,225.0
23,scene0081_01,chair,6,
23,scene0081_01,chair,7,226.0
23,scene0081_01,chair,8,212.0
23,scene0081_01,chair,9,213.0
23,scene0081_01,chair,10,232.0
23,scene0081_01,chair,11,
23,scene0081_01,chair,12,
23,scene0081_01,chair,13,198.0
23,scene0081_01,chair,14,222.0
23,scene0081_01,chair,15,204.0
23,scene0081_01,chair,16,206.0
23,scene0081_01,chair,17,243.0
23,scene0081_01,chair,18,217.0
23,scene0081_01,chair,19,224.0
23,scene0081_01,chair,20,197.0
23,scene0081_01,chair,21,
23,scene0081_01,chair,22,244.0
23,scene0081_01,chair,23,238.0
23,scene0081_01,chair,24,237.0
23,scene0081_01,chair,25,235.0
24,scene0081_02,chair,0,218.0
24,scene0081_02,chair,1,252.0
24,scene0081_02,chair,2,224.0
24,scene0081_02,chair,3,221.0
24,scene0081_02,chair,4,223.0
24,scene0081_02,chair,5,222.0
24,scene0081_02,chair,6,242.0
24,scene0081_02,chair,7,239.0
24,scene0081_02,chair,8,216.0
24,scene0081_02,chair,9,231.0
24,scene0081_02,chair,10,220.0
24,scene0081_02,chair,11,251.0
24,scene0081_02,chair,12,210.0
24,scene0081_02,chair,13,209.0
24,scene0081_02,chair,14,213.0
24,scene0081_02,chair,15,214.0
24,scene0081_02,chair,16,230.0
24,scene0081_02,chair,17,245.0
24,scene0081_02,chair,18,229.0
24,scene0081_02,chair,19,238.0
24,scene0081_02,chair,20,205.0
24,scene0081_02,chair,21,208.0
24,scene0081_02,chair,22,225.0
24,scene0081_02,chair,23,219.0
24,scene0081_02,chair,24,204.0
24,scene0081_02,chair,25,235.0
24,scene0081_02,chair,26,217.0
25,scene0084_00,door,0,213.0
25,scene0084_00,door,1,213.0
25,scene0084_00,counter,2,130.0
26,scene0084_01,counter,0,161.0
26,scene0084_01,door,1,234.0
26,scene0084_01,door,2,234.0
27,scene0084_02,counter,0,154.0
27,scene0084_02,door,1,251.0
27,scene0084_02,door,2,251.0
28,scene0086_00,door,0,263.0
28,scene0086_00,door,1,256.0
28,scene0086_00,door,2,286.0
28,scene0086_00,door,3,
28,scene0086_00,door,4,263.0
28,scene0086_00,door,5,270.0
29,scene0086_01,door,0,290.0
29,scene0086_01,door,1,293.0
29,scene0086_01,door,2,306.0
29,scene0086_01,door,3,287.0
29,scene0086_01,door,4,290.0
29,scene0086_01,door,5,293.0
30,scene0086_02,door,0,256.0
30,scene0086_02,door,1,284.0
30,scene0086_02,door,2,264.0
30,scene0086_02,door,3,258.0
30,scene0086_02,door,4,264.0
30,scene0086_02,door,5,256.0
31,scene0088_00,chair,0,230.0
31,scene0088_00,chair,1,262.0
31,scene0088_00,chair,2,226.0
31,scene0088_00,chair,3,247.0
31,scene0088_00,chair,4,271.0
31,scene0088_00,chair,5,234.0
31,scene0088_00,chair,6,253.0
31,scene0088_00,chair,7,243.0
31,scene0088_00,chair,8,232.0
31,scene0088_00,chair,9,236.0
31,scene0088_00,chair,10,245.0
31,scene0088_00,chair,11,263.0
31,scene0088_00,chair,12,260.0
31,scene0088_00,chair,13,227.0
31,scene0088_00,chair,14,264.0
31,scene0088_00,chair,15,266.0
31,scene0088_00,chair,16,269.0
31,scene0088_00,chair,17,
31,scene0088_00,chair,18,239.0
31,scene0088_00,chair,19,248.0
31,scene0088_00,chair,20,
31,scene0088_00,chair,21,242.0
31,scene0088_00,chair,22,222.0
31,scene0088_00,chair,23,
31,scene0088_00,chair,24,
31,scene0088_00,door,25,457.0
31,scene0088_00,door,26,
32,scene0088_01,chair,0,211.0
32,scene0088_01,chair,1,230.0
32,scene0088_01,chair,2,221.0
32,scene0088_01,chair,3,234.0
32,scene0088_01,chair,4,196.0
32,scene0088_01,chair,5,213.0
32,scene0088_01,chair,6,
32,scene0088_01,chair,7,205.0
32,scene0088_01,chair,8,222.0
32,scene0088_01,chair,9,194.0
32,scene0088_01,chair,11,212.0
32,scene0088_01,chair,12,219.0
32,scene0088_01,chair,13,203.0
32,scene0088_01,chair,14,210.0
32,scene0088_01,chair,15,189.0
32,scene0088_01,chair,16,200.0
32,scene0088_01,chair,17,195.0
32,scene0088_01,chair,18,218.0
32,scene0088_01,door,10,396.0
33,scene0088_02,cabinet,0,213.0
33,scene0088_02,chair,1,288.0
33,scene0088_02,chair,2,302.0
33,scene0088_02,chair,3,260.0
33,scene0088_02,chair,4,303.0
33,scene0088_02,chair,5,265.0
33,scene0088_02,chair,6,253.0
33,scene0088_02,chair,7,
33,scene0088_02,chair,8,272.0
33,scene0088_02,chair,9,297.0
33,scene0088_02,chair,10,248.0
33,scene0088_02,chair,11,278.0
33,scene0088_02,chair,12,264.0
33,scene0088_02,chair,13,282.0
33,scene0088_02,chair,14,266.0
33,scene0088_02,chair,15,262.0
33,scene0088_02,chair,16,259.0
33,scene0088_02,chair,17,277.0
33,scene0088_02,chair,18,291.0
33,scene0088_02,chair,19,
33,scene0088_02,chair,20,252.0
33,scene0088_02,chair,21,254.0
33,scene0088_02,chair,22,273.0
33,scene0088_02,chair,23,290.0
33,scene0088_02,chair,24,276.0
33,scene0088_02,door,25,532.0
34,scene0088_03,chair,0,185.0
34,scene0088_03,chair,1,206.0
34,scene0088_03,chair,2,201.0
34,scene0088_03,chair,3,214.0
34,scene0088_03,chair,4,205.0
34,scene0088_03,chair,5,199.0
34,scene0088_03,chair,6,210.0
34,scene0088_03,chair,7,193.0
34,scene0088_03,chair,8,219.0
34,scene0088_03,chair,9,213.0
34,scene0088_03,chair,10,217.0
34,scene0088_03,chair,11,194.0
34,scene0088_03,chair,12,202.0
34,scene0088_03,chair,13,218.0
34,scene0088_03,chair,14,187.0
34,scene0088_03,chair,15,204.0
34,scene0088_03,chair,16,191.0
34,scene0088_03,chair,17,200.0
34,scene0088_03,chair,18,203.0
34,scene0088_03,chair,20,207.0
34,scene0088_03,chair,21,211.0
34,scene0088_03,chair,22,189.0
34,scene0088_03,door,19,391.0
35,scene0095_00,chair,0,218.0
35,scene0095_00,chair,1,210.0
35,scene0095_00,chair,2,201.0
35,scene0095_00,chair,3,203.0
35,scene0095_00,chair,4,207.0
35,scene0095_00,chair,6,205.0
35,scene0095_00,chair,7,193.0
35,scene0095_00,chair,8,198.0
35,scene0095_00,chair,9,
35,scene0095_00,chair,10,188.0
35,scene0095_00,chair,11,215.0
35,scene0095_00,chair,12,220.0
35,scene0095_00,chair,13,209.0
35,scene0095_00,chair,14,
35,scene0095_00,chair,15,199.0
35,scene0095_00,chair,16,210.0
35,scene0095_00,cabinet,5,175.0
35,scene0095_00,door,17,
36,scene0095_01,chair,0,179.0
36,scene0095_01,chair,1,178.0
36,scene0095_01,chair,2,169.0
36,scene0095_01,chair,3,167.0
36,scene0095_01,chair,4,165.0
36,scene0095_01,chair,5,187.0
36,scene0095_01,chair,6,176.0
36,scene0095_01,chair,7,160.0
36,scene0095_01,chair,8,190.0
36,scene0095_01,chair,9,161.0
36,scene0095_01,chair,10,166.0
36,scene0095_01,chair,11,181.0
36,scene0095_01,chair,12,164.0
36,scene0095_01,chair,13,193.0
36,scene0095_01,chair,14,173.0
36,scene0095_01,chair,15,163.0
36,scene0095_01,chair,17,
36,scene0095_01,cabinet,16,153.0
37,scene0100_00,cabinet,0,58.0
37,scene0100_00,bathtub,1,11.0
37,scene0100_00,door,2,134.0
37,scene0100_00,door,3,
38,scene0100_01,cabinet,0,45.0
38,scene0100_01,bathtub,1,1.0
38,scene0100_01,door,2,130.0
38,scene0100_01,door,3,
39,scene0100_02,cabinet,0,39.0
39,scene0100_02,door,1,
39,scene0100_02,counter,2,
39,scene0100_02,bathtub,3,2.0
40,scene0131_00,chair,0,189.0
40,scene0131_00,chair,1,161.0
40,scene0131_00,chair,2,182.0
40,scene0131_00,chair,3,173.0
40,scene0131_00,chair,4,168.0
40,scene0131_00,chair,5,172.0
40,scene0131_00,chair,6,159.0
40,scene0131_00,chair,7,155.0
40,scene0131_00,chair,8,188.0
40,scene0131_00,desk,9,
41,scene0131_01,desk,0,
41,scene0131_01,chair,1,178.0
41,scene0131_01,chair,2,188.0
41,scene0131_01,chair,3,162.0
41,scene0131_01,chair,4,159.0
41,scene0131_01,chair,5,189.0
41,scene0131_01,chair,6,161.0
41,scene0131_01,chair,7,169.0
41,scene0131_01,chair,8,171.0
41,scene0131_01,chair,9,157.0
42,scene0131_02,desk,0,
42,scene0131_02,chair,1,169.0
42,scene0131_02,chair,2,187.0
42,scene0131_02,chair,3,185.0
42,scene0131_02,chair,4,168.0
42,scene0131_02,chair,5,178.0
42,scene0131_02,chair,6,183.0
42,scene0131_02,chair,7,186.0
42,scene0131_02,chair,8,175.0
42,scene0131_02,chair,9,201.0
42,scene0131_02,cabinet,10,147.0
43,scene0139_00,cabinet,0,
43,scene0139_00,door,1,133.0
43,scene0139_00,door,2,133.0
44,scene0144_00,bed,0,47.0
44,scene0144_00,curtain,1,188.0
44,scene0144_00,curtain,6,
44,scene0144_00,chair,2,119.0
44,scene0144_00,chair,3,120.0
44,scene0144_00,chair,8,115.0
44,scene0144_00,door,4,224.0
44,scene0144_00,door,5,
44,scene0144_00,door,7,
45,scene0144_01,desk,0,205.0
45,scene0144_01,bed,1,47.0
45,scene0144_01,chair,2,123.0
45,scene0144_01,chair,3,124.0
45,scene0144_01,chair,4,129.0
45,scene0144_01,door,5,210.0
45,scene0144_01,door,6,
45,scene0144_01,curtain,7,
45,scene0144_01,curtain,8,
46,scene0146_00,door,0,104.0
47,scene0146_01,door,0,
48,scene0146_02,door,0,104.0
49,scene0149_00,counter,0,223.0
49,scene0149_00,counter,8,237.0
49,scene0149_00,cabinet,1,
49,scene0149_00,cabinet,2,
49,scene0149_00,cabinet,3,141.0
49,scene0149_00,cabinet,4,153.0
49,scene0149_00,cabinet,5,132.0
49,scene0149_00,cabinet,6,130.0
49,scene0149_00,cabinet,9,135.0
49,scene0149_00,cabinet,10,127.0
49,scene0149_00,cabinet,11,158.0
49,scene0149_00,chair,7,
50,scene0153_00,cabinet,0,50.0
50,scene0153_00,cabinet,2,
50,scene0153_00,door,1,109.0
50,scene0153_00,bathtub,3,1.0
51,scene0153_01,cabinet,0,38.0
51,scene0153_01,cabinet,3,
51,scene0153_01,door,1,89.0
51,scene0153_01,bathtub,2,7.0
52,scene0164_00,counter,0,165.0
52,scene0164_00,cabinet,1,103.0
52,scene0164_00,cabinet,2,109.0
52,scene0164_00,cabinet,4,111.0
52,scene0164_00,cabinet,5,
52,scene0164_00,cabinet,6,
52,scene0164_00,cabinet,7,
52,scene0164_00,cabinet,8,
52,scene0164_00,cabinet,9,
52,scene0164_00,cabinet,10,
52,scene0164_00,cabinet,11,
52,scene0164_00,door,3,
53,scene0164_01,counter,0,244.0
53,scene0164_01,door,1,336.0
53,scene0164_01,cabinet,2,
53,scene0164_01,cabinet,3,144.0
53,scene0164_01,cabinet,4,141.0
53,scene0164_01,cabinet,5,
54,scene0164_02,cabinet,0,92.0
54,scene0164_02,cabinet,1,
54,scene0164_02,cabinet,3,115.0
54,scene0164_02,cabinet,5,111.0
54,scene0164_02,counter,2,172.0
54,scene0164_02,door,4,250.0
55,scene0164_03,counter,0,215.0
55,scene0164_03,cabinet,1,140.0
55,scene0164_03,cabinet,2,114.0
55,scene0164_03,cabinet,3,119.0
55,scene0164_03,door,4,314.0
56,scene0169_00,chair,0,220.0
56,scene0169_00,chair,1,204.0
56,scene0169_00,chair,2,235.0
56,scene0169_00,chair,3,196.0
56,scene0169_00,chair,4,203.0
56,scene0169_00,chair,5,227.0
56,scene0169_00,chair,6,229.0
56,scene0169_00,chair,7,219.0
56,scene0169_00,chair,10,195.0
56,scene0169_00,chair,11,
56,scene0169_00,chair,13,234.0
56,scene0169_00,chair,14,192.0
56,scene0169_00,chair,15,192.0
56,scene0169_00,chair,16,215.0
56,scene0169_00,chair,17,200.0
56,scene0169_00,chair,18,
56,scene0169_00,chair,19,230.0
56,scene0169_00,chair,20,216.0
56,scene0169_00,chair,21,218.0
56,scene0169_00,chair,22,199.0
56,scene0169_00,chair,23,198.0
56,scene0169_00,chair,24,198.0
56,scene0169_00,chair,25,217.0
56,scene0169_00,chair,26,197.0
56,scene0169_00,chair,27,209.0
56,scene0169_00,cabinet,8,157.0
56,scene0169_00,cabinet,12,159.0
56,scene0169_00,door,9,393.0
57,scene0169_01,chair,0,229.0
57,scene0169_01,chair,1,200.0
57,scene0169_01,chair,2,195.0
57,scene0169_01,chair,3,231.0
57,scene0169_01,chair,4,232.0
57,scene0169_01,chair,7,204.0
57,scene0169_01,chair,8,210.0
57,scene0169_01,chair,10,190.0
57,scene0169_01,chair,11,190.0
57,scene0169_01,chair,12,213.0
57,scene0169_01,chair,13,213.0
57,scene0169_01,chair,14,
57,scene0169_01,chair,15,217.0
57,scene0169_01,chair,16,197.0
57,scene0169_01,chair,17,221.0
57,scene0169_01,chair,18,228.0
57,scene0169_01,chair,19,219.0
57,scene0169_01,chair,20,205.0
57,scene0169_01,chair,21,234.0
57,scene0169_01,chair,22,215.0
57,scene0169_01,chair,23,207.0
57,scene0169_01,chair,24,227.0
57,scene0169_01,cabinet,5,162.0
57,scene0169_01,cabinet,9,149.0
57,scene0169_01,door,6,377.0
58,scene0187_00,chair,0,114.0
58,scene0187_00,chair,1,101.0
58,scene0187_00,chair,2,113.0
58,scene0187_00,chair,3,116.0
59,scene0187_01,chair,0,123.0
59,scene0187_01,chair,1,125.0
59,scene0187_01,chair,2,117.0
59,scene0187_01,chair,3,121.0
60,scene0193_00,door,0,156.0
60,scene0193_00,door,5,154.0
60,scene0193_00,curtain,1,124.0
60,scene0193_00,chair,2,83.0
60,scene0193_00,bed,3,35.0
60,scene0193_00,desk,4,146.0
61,scene0193_01,chair,0,115.0
61,scene0193_01,bed,1,46.0
61,scene0193_01,door,2,227.0
61,scene0193_01,desk,3,214.0
61,scene0193_01,curtain,4,170.0
62,scene0196_00,door,0,408.0
62,scene0196_00,chair,1,216.0
62,scene0196_00,chair,2,234.0
62,scene0196_00,chair,3,237.0
62,scene0196_00,chair,4,231.0
62,scene0196_00,chair,5,206.0
62,scene0196_00,chair,6,224.0
62,scene0196_00,chair,7,235.0
62,scene0196_00,chair,8,204.0
62,scene0196_00,chair,9,214.0
62,scene0196_00,chair,10,243.0
62,scene0196_00,chair,11,197.0
62,scene0196_00,chair,12,
62,scene0196_00,chair,13,207.0
62,scene0196_00,chair,14,228.0
62,scene0196_00,chair,15,216.0
62,scene0196_00,chair,16,216.0
62,scene0196_00,chair,17,240.0
62,scene0196_00,chair,18,198.0
62,scene0196_00,chair,19,203.0
62,scene0196_00,chair,20,196.0
62,scene0196_00,chair,21,209.0
62,scene0196_00,chair,22,215.0
62,scene0196_00,chair,23,201.0
63,scene0203_00,door,0,231.0
63,scene0203_00,curtain,1,
63,scene0203_00,bookshelf,2,77.0
63,scene0203_00,chair,3,121.0
64,scene0203_01,bookshelf,0,76.0
64,scene0203_01,chair,1,116.0
64,scene0203_01,chair,2,125.0
64,scene0203_01,door,3,248.0
64,scene0203_01,door,4,248.0
64,scene0203_01,door,5,247.0
65,scene0203_02,bookshelf,0,70.0
65,scene0203_02,door,1,200.0
65,scene0203_02,door,3,212.0
65,scene0203_02,chair,2,108.0
65,scene0203_02,curtain,4,
66,scene0207_00,cabinet,0,156.0
66,scene0207_00,cabinet,3,155.0
66,scene0207_00,cabinet,7,
66,scene0207_00,cabinet,10,157.0
66,scene0207_00,cabinet,14,160.0
66,scene0207_00,door,1,361.0
66,scene0207_00,door,9,
66,scene0207_00,door,11,360.0
66,scene0207_00,door,12,355.0
66,scene0207_00,bed,2,51.0
66,scene0207_00,chair,4,212.0
66,scene0207_00,chair,5,195.0
66,scene0207_00,desk,6,304.0
66,scene0207_00,counter,8,230.0
66,scene0207_00,counter,13,
66,scene0207_00,bathtub,15,13.0
67,scene0207_01,counter,0,
67,scene0207_01,bed,1,70.0
67,scene0207_01,door,2,418.0
67,scene0207_01,door,8,408.0
67,scene0207_01,door,9,402.0
67,scene0207_01,cabinet,3,147.0
67,scene0207_01,cabinet,4,186.0
67,scene0207_01,cabinet,5,172.0
67,scene0207_01,bathtub,6,23.0
67,scene0207_01,chair,7,210.0
68,scene0207_02,door,0,462.0
68,scene0207_02,door,1,449.0
68,scene0207_02,door,12,437.0
68,scene0207_02,cabinet,2,171.0
68,scene0207_02,cabinet,3,
68,scene0207_02,cabinet,6,182.0
68,scene0207_02,cabinet,9,180.0
68,scene0207_02,cabinet,11,168.0
68,scene0207_02,bathtub,4,14.0
68,scene0207_02,bed,5,61.0
68,scene0207_02,desk,7,396.0
68,scene0207_02,chair,8,230.0
68,scene0207_02,counter,10,260.0
69,scene0208_00,bookshelf,0,43.0
69,scene0208_00,bookshelf,1,40.0
69,scene0208_00,bookshelf,2,56.0
69,scene0208_00,bookshelf,3,50.0
69,scene0208_00,bookshelf,4,46.0
70,scene0217_00,desk,0,222.0
70,scene0217_00,desk,1,228.0
70,scene0217_00,bed,2,46.0
70,scene0217_00,bed,3,61.0
70,scene0217_00,chair,4,142.0
70,scene0217_00,chair,5,140.0
70,scene0217_00,door,6,258.0
70,scene0217_00,door,7,271.0
71,scene0221_00,chair,0,148.0
71,scene0221_00,chair,1,145.0
71,scene0221_00,chair,10,149.0
71,scene0221_00,bed,2,60.0
71,scene0221_00,bed,3,58.0
71,scene0221_00,desk,4,226.0
71,scene0221_00,cabinet,5,96.0
71,scene0221_00,cabinet,7,126.0
71,scene0221_00,door,6,265.0
71,scene0221_00,door,9,
71,scene0221_00,door,12,269.0
71,scene0221_00,curtain,8,206.0
71,scene0221_00,bathtub,11,
72,scene0221_01,chair,0,
72,scene0221_01,chair,1,140.0
72,scene0221_01,chair,2,138.0
72,scene0221_01,door,3,287.0
72,scene0221_01,door,9,
72,scene0221_01,bed,4,50.0
72,scene0221_01,bed,5,35.0
72,scene0221_01,desk,6,239.0
72,scene0221_01,cabinet,7,115.0
72,scene0221_01,curtain,8,215.0
73,scene0222_00,bed,0,55.0
73,scene0222_00,bed,3,42.0
73,scene0222_00,door,1,254.0
73,scene0222_00,door,2,239.0
73,scene0222_00,door,8,241.0
73,scene0222_00,door,9,241.0
73,scene0222_00,chair,4,122.0
73,scene0222_00,chair,5,130.0
73,scene0222_00,desk,6,214.0
73,scene0222_00,desk,7,226.0
74,scene0222_01,chair,0,122.0
74,scene0222_01,chair,1,128.0
74,scene0222_01,bed,2,58.0
74,scene0222_01,bed,7,39.0
74,scene0222_01,desk,3,228.0
74,scene0222_01,desk,4,217.0
74,scene0222_01,door,5,262.0
74,scene0222_01,door,6,256.0
74,scene0222_01,door,8,265.0
75,scene0231_00,desk,0,327.0
75,scene0231_00,door,1,
75,scene0231_00,door,21,
75,scene0231_00,door,22,
75,scene0231_00,chair,2,222.0
75,scene0231_00,chair,3,198.0
75,scene0231_00,chair,4,198.0
75,scene0231_00,chair,5,211.0
75,scene0231_00,chair,24,223.0
75,scene0231_00,chair,25,195.0
75,scene0231_00,cabinet,6,
75,scene0231_00,cabinet,8,
75,scene0231_00,cabinet,9,149.0
75,scene0231_00,cabinet,10,143.0
75,scene0231_00,cabinet,11,
75,scene0231_00,cabinet,12,
75,scene0231_00,cabinet,13,159.0
75,scene0231_00,cabinet,14,135.0
75,scene0231_00,cabinet,15,156.0
75,scene0231_00,cabinet,16,
75,scene0231_00,cabinet,17,141.0
75,scene0231_00,cabinet,18,
75,scene0231_00,cabinet,19,146.0
75,scene0231_00,cabinet,20,152.0
75,scene0231_00,cabinet,23,139.0
75,scene0231_00,counter,7,
76,scene0231_01,chair,0,167.0
76,scene0231_01,chair,1,169.0
76,scene0231_01,chair,8,161.0
76,scene0231_01,chair,12,184.0
76,scene0231_01,chair,13,
76,scene0231_01,chair,14,
76,scene0231_01,counter,2,
76,scene0231_01,cabinet,3,115.0
76,scene0231_01,cabinet,4,
76,scene0231_01,cabinet,5,113.0
76,scene0231_01,cabinet,6,118.0
76,scene0231_01,cabinet,7,120.0
76,scene0231_01,cabinet,15,
76,scene0231_01,cabinet,16,
76,scene0231_01,cabinet,17,128.0
76,scene0231_01,cabinet,18,117.0
76,scene0231_01,cabinet,19,
76,scene0231_01,cabinet,20,117.0
76,scene0231_01,cabinet,21,
76,scene0231_01,cabinet,22,
76,scene0231_01,cabinet,23,146.0
76,scene0231_01,cabinet,24,137.0
76,scene0231_01,cabinet,25,123.0
76,scene0231_01,desk,9,270.0
76,scene0231_01,door,10,
76,scene0231_01,door,11,320.0
77,scene0231_02,chair,0,181.0
77,scene0231_02,chair,4,162.0
77,scene0231_02,chair,5,196.0
77,scene0231_02,chair,6,183.0
77,scene0231_02,chair,8,
77,scene0231_02,desk,1,285.0
77,scene0231_02,cabinet,2,154.0
77,scene0231_02,cabinet,3,
77,scene0231_02,cabinet,9,
77,scene0231_02,cabinet,11,
77,scene0231_02,cabinet,12,
77,scene0231_02,cabinet,13,131.0
77,scene0231_02,cabinet,14,140.0
77,scene0231_02,cabinet,15,144.0
77,scene0231_02,cabinet,16,
77,scene0231_02,cabinet,17,126.0
77,scene0231_02,door,7,
77,scene0231_02,door,18,321.0
77,scene0231_02,counter,10,230.0
78,scene0246_00,chair,0,128.0
78,scene0246_00,cabinet,1,
78,scene0246_00,cabinet,2,93.0
78,scene0246_00,bed,3,48.0
78,scene0246_00,curtain,4,205.0
79,scene0249_00,chair,0,290.0
79,scene0249_00,chair,1,291.0
79,scene0249_00,chair,2,274.0
79,scene0249_00,chair,3,339.0
79,scene0249_00,chair,4,309.0
79,scene0249_00,chair,5,308.0
79,scene0249_00,chair,6,297.0
79,scene0249_00,chair,7,293.0
79,scene0249_00,chair,8,307.0
79,scene0249_00,chair,9,315.0
79,scene0249_00,chair,10,
79,scene0249_00,chair,11,325.0
79,scene0249_00,chair,12,333.0
79,scene0249_00,chair,13,313.0
79,scene0249_00,chair,14,320.0
79,scene0249_00,chair,15,298.0
79,scene0249_00,chair,16,304.0
79,scene0249_00,chair,17,332.0
79,scene0249_00,chair,18,324.0
79,scene0249_00,chair,19,285.0
79,scene0249_00,chair,20,336.0
79,scene0249_00,chair,21,282.0
79,scene0249_00,chair,22,335.0
79,scene0249_00,chair,23,302.0
79,scene0249_00,chair,24,294.0
79,scene0249_00,chair,25,318.0
79,scene0249_00,chair,26,
79,scene0249_00,chair,27,303.0
79,scene0249_00,chair,28,272.0
79,scene0249_00,chair,29,
79,scene0249_00,chair,30,305.0
79,scene0249_00,chair,31,284.0
79,scene0249_00,chair,32,316.0
80,scene0251_00,chair,0,179.0
80,scene0251_00,chair,1,162.0
80,scene0251_00,door,2,307.0
80,scene0251_00,door,3,318.0
80,scene0251_00,door,4,316.0
80,scene0251_00,cabinet,5,127.0
81,scene0256_00,curtain,0,126.0
81,scene0256_00,curtain,2,128.0
81,scene0256_00,chair,1,94.0
82,scene0256_01,chair,0,94.0
82,scene0256_01,curtain,1,131.0
82,scene0256_01,curtain,2,133.0
83,scene0256_02,curtain,0,
83,scene0256_02,curtain,1,
83,scene0256_02,curtain,2,
83,scene0256_02,bed,3,23.0
83,scene0256_02,cabinet,4,
84,scene0257_00,chair,0,214.0
84,scene0257_00,chair,1,191.0
84,scene0257_00,chair,3,219.0
84,scene0257_00,chair,4,
84,scene0257_00,chair,5,228.0
84,scene0257_00,chair,6,211.0
84,scene0257_00,chair,7,229.0
84,scene0257_00,chair,8,230.0
84,scene0257_00,chair,9,234.0
84,scene0257_00,chair,10,206.0
84,scene0257_00,chair,11,198.0
84,scene0257_00,chair,12,216.0
84,scene0257_00,chair,13,225.0
84,scene0257_00,chair,14,226.0
84,scene0257_00,chair,15,
84,scene0257_00,chair,16,192.0
84,scene0257_00,chair,17,
84,scene0257_00,chair,18,
84,scene0257_00,chair,19,205.0
84,scene0257_00,door,2,381.0
84,scene0257_00,door,20,409.0
85,scene0277_00,bed,0,36.0
85,scene0277_00,desk,1,137.0
85,scene0277_00,chair,2,87.0
85,scene0277_00,cabinet,3,67.0
85,scene0277_00,door,4,168.0
86,scene0277_01,bed,0,31.0
86,scene0277_01,desk,1,175.0
86,scene0277_01,cabinet,2,80.0
86,scene0277_01,chair,3,92.0
86,scene0277_01,door,4,205.0
87,scene0277_02,desk,0,142.0
87,scene0277_02,chair,1,
87,scene0277_02,cabinet,2,69.0
87,scene0277_02,door,3,
87,scene0277_02,bed,4,35.0
88,scene0278_00,chair,0,119.0
88,scene0278_00,chair,1,100.0
88,scene0278_00,cabinet,2,92.0
88,scene0278_00,cabinet,3,90.0
88,scene0278_00,counter,4,136.0
89,scene0278_01,chair,0,104.0
89,scene0278_01,chair,1,105.0
89,scene0278_01,cabinet,2,80.0
89,scene0278_01,cabinet,3,77.0
90,scene0300_00,bookshelf,0,60.0
90,scene0300_00,bookshelf,4,50.0
90,scene0300_00,chair,1,109.0
90,scene0300_00,chair,2,123.0
90,scene0300_00,chair,3,124.0
91,scene0300_01,bookshelf,0,56.0
91,scene0300_01,bookshelf,1,64.0
91,scene0300_01,bookshelf,2,53.0
91,scene0300_01,desk,3,187.0
91,scene0300_01,desk,4,186.0
91,scene0300_01,chair,5,106.0
91,scene0300_01,chair,6,113.0
91,scene0300_01,chair,7,110.0
91,scene0300_01,chair,8,
91,scene0300_01,chair,9,96.0
92,scene0304_00,door,0,168.0
92,scene0304_00,cabinet,1,71.0
93,scene0307_00,door,0,305.0
93,scene0307_00,door,1,293.0
93,scene0307_00,door,2,
93,scene0307_00,door,7,282.0
93,scene0307_00,door,8,
93,scene0307_00,door,9,290.0
93,scene0307_00,cabinet,3,108.0
93,scene0307_00,cabinet,4,138.0
93,scene0307_00,cabinet,5,126.0
93,scene0307_00,chair,6,
94,scene0307_01,door,0,
94,scene0307_01,door,2,367.0
94,scene0307_01,door,4,381.0
94,scene0307_01,door,5,
94,scene0307_01,door,6,346.0
94,scene0307_01,door,7,
94,scene0307_01,chair,1,
94,scene0307_01,cabinet,3,134.0
95,scene0307_02,cabinet,0,126.0
95,scene0307_02,cabinet,1,150.0
95,scene0307_02,cabinet,2,149.0
95,scene0307_02,door,3,
95,scene0307_02,door,4,333.0
95,scene0307_02,door,5,326.0
95,scene0307_02,door,7,341.0
95,scene0307_02,door,8,331.0
95,scene0307_02,door,9,336.0
95,scene0307_02,door,10,320.0
95,scene0307_02,chair,6,
96,scene0314_00,chair,0,124.0
96,scene0314_00,chair,1,138.0
96,scene0314_00,chair,2,132.0
96,scene0314_00,chair,3,122.0
97,scene0316_00,chair,0,94.0
97,scene0316_00,chair,1,86.0
97,scene0316_00,door,2,164.0
97,scene0316_00,door,3,166.0
98,scene0328_00,cabinet,0,
98,scene0328_00,cabinet,1,106.0
98,scene0328_00,cabinet,2,
98,scene0328_00,cabinet,3,94.0
98,scene0328_00,cabinet,5,102.0
98,scene0328_00,cabinet,6,
98,scene0328_00,cabinet,7,
98,scene0328_00,cabinet,8,114.0
98,scene0328_00,cabinet,9,112.0
98,scene0328_00,cabinet,10,107.0
98,scene0328_00,cabinet,11,92.0
98,scene0328_00,counter,4,149.0
99,scene0329_00,door,0,272.0
99,scene0329_00,door,2,266.0
99,scene0329_00,door,3,266.0
99,scene0329_00,door,4,272.0
99,scene0329_00,door,9,277.0
99,scene0329_00,door,10,277.0
99,scene0329_00,door,11,280.0
99,scene0329_00,door,12,280.0
99,scene0329_00,chair,1,144.0
99,scene0329_00,chair,6,163.0
99,scene0329_00,chair,8,135.0
99,scene0329_00,cabinet,5,
99,scene0329_00,cabinet,7,
100,scene0329_01,door,0,306.0
100,scene0329_01,door,6,300.0
100,scene0329_01,door,7,300.0
100,scene0329_01,door,8,298.0
100,scene0329_01,door,10,284.0
100,scene0329_01,door,11,298.0
100,scene0329_01,door,12,286.0
100,scene0329_01,door,13,286.0
100,scene0329_01,cabinet,1,
100,scene0329_01,cabinet,2,
100,scene0329_01,chair,3,164.0
100,scene0329_01,chair,4,151.0
100,scene0329_01,chair,5,169.0
100,scene0329_01,chair,9,156.0
101,scene0329_02,bookshelf,0,86.0
101,scene0329_02,door,1,250.0
101,scene0329_02,door,2,261.0
101,scene0329_02,door,3,243.0
101,scene0329_02,door,4,252.0
101,scene0329_02,door,9,243.0
101,scene0329_02,door,10,261.0
101,scene0329_02,door,14,241.0
101,scene0329_02,door,15,250.0
101,scene0329_02,door,16,252.0
101,scene0329_02,desk,5,227.0
101,scene0329_02,chair,6,129.0
101,scene0329_02,chair,7,138.0
101,scene0329_02,chair,8,133.0
101,scene0329_02,chair,11,
101,scene0329_02,cabinet,12,
101,scene0329_02,cabinet,13,
105,scene0338_00,cabinet,0,88.0
105,scene0338_00,cabinet,3,
105,scene0338_00,cabinet,4,85.0
105,scene0338_00,counter,1,156.0
105,scene0338_00,door,2,233.0
106,scene0338_01,cabinet,0,70.0
106,scene0338_01,cabinet,3,66.0
106,scene0338_01,counter,1,101.0
106,scene0338_01,door,2,148.0
107,scene0338_02,cabinet,0,51.0
107,scene0338_02,cabinet,3,53.0
107,scene0338_02,door,1,117.0
107,scene0338_02,counter,2,77.0
108,scene0342_00,chair,0,122.0
108,scene0342_00,chair,1,120.0
108,scene0342_00,chair,2,132.0
108,scene0342_00,chair,3,144.0
108,scene0342_00,chair,4,118.0
108,scene0342_00,chair,5,136.0
108,scene0342_00,chair,6,129.0
108,scene0342_00,chair,7,134.0
108,scene0342_00,chair,8,119.0
108,scene0342_00,chair,9,139.0
108,scene0342_00,chair,10,142.0
108,scene0342_00,chair,11,133.0
108,scene0342_00,chair,12,141.0
108,scene0342_00,chair,13,
108,scene0342_00,chair,14,
108,scene0342_00,chair,15,
108,scene0342_00,chair,16,116.0
108,scene0342_00,chair,17,124.0
108,scene0342_00,chair,18,135.0
108,scene0342_00,chair,19,137.0
109,scene0343_00,chair,0,124.0
109,scene0343_00,chair,1,
110,scene0351_00,chair,0,82.0
110,scene0351_00,chair,1,87.0
110,scene0351_00,chair,2,77.0
110,scene0351_00,chair,3,72.0
110,scene0351_00,desk,4,133.0
110,scene0351_00,cabinet,5,67.0
111,scene0351_01,door,0,245.0
111,scene0351_01,chair,1,122.0
111,scene0351_01,chair,2,127.0
111,scene0351_01,chair,3,118.0
111,scene0351_01,chair,4,120.0
111,scene0351_01,cabinet,5,105.0
111,scene0351_01,cabinet,8,
111,scene0351_01,desk,6,204.0
111,scene0351_01,desk,7,229.0
112,scene0353_00,chair,0,106.0
112,scene0353_00,chair,1,102.0
112,scene0353_00,chair,2,113.0
112,scene0353_00,curtain,3,
112,scene0353_00,bookshelf,4,63.0
112,scene0353_00,desk,5,191.0
112,scene0353_00,desk,9,
112,scene0353_00,door,6,213.0
112,scene0353_00,door,7,192.0
112,scene0353_00,bed,8,43.0
113,scene0353_01,door,0,
113,scene0353_01,door,1,239.0
113,scene0353_01,chair,2,129.0
113,scene0353_01,chair,3,122.0
113,scene0353_01,chair,7,111.0
113,scene0353_01,bed,4,47.0
113,scene0353_01,bed,5,45.0
113,scene0353_01,bookshelf,6,
113,scene0353_01,curtain,8,
114,scene0353_02,curtain,0,
114,scene0353_02,bed,1,56.0
114,scene0353_02,bed,5,43.0
114,scene0353_02,chair,2,138.0
114,scene0353_02,chair,3,128.0
114,scene0353_02,chair,4,124.0
114,scene0353_02,door,6,
114,scene0353_02,door,8,250.0
114,scene0353_02,bookshelf,7,72.0
115,scene0354_00,chair,0,119.0
115,scene0354_00,chair,1,130.0
115,scene0354_00,chair,2,133.0
115,scene0354_00,chair,3,117.0
115,scene0354_00,chair,4,138.0
115,scene0354_00,chair,5,129.0
115,scene0354_00,chair,6,123.0
115,scene0354_00,chair,7,112.0
115,scene0354_00,door,8,
115,scene0354_00,door,9,251.0
116,scene0355_00,chair,0,147.0
116,scene0355_00,chair,1,141.0
116,scene0355_00,chair,2,156.0
116,scene0355_00,chair,3,145.0
116,scene0355_00,chair,4,138.0
116,scene0355_00,chair,5,137.0
116,scene0355_00,chair,6,130.0
116,scene0355_00,chair,7,149.0
116,scene0355_00,chair,8,139.0
117,scene0355_01,chair,0,129.0
117,scene0355_01,chair,1,120.0
117,scene0355_01,chair,2,119.0
117,scene0355_01,chair,3,126.0
117,scene0355_01,chair,4,121.0
118,scene0356_00,desk,0,167.0
118,scene0356_00,door,1,169.0
118,scene0356_00,door,3,182.0
118,scene0356_00,door,5,173.0
118,scene0356_00,door,6,170.0
118,scene0356_00,bed,2,33.0
118,scene0356_00,chair,4,99.0
119,scene0356_01,door,0,186.0
119,scene0356_01,door,2,181.0
119,scene0356_01,door,3,194.0
119,scene0356_01,door,4,179.0
119,scene0356_01,bed,1,34.0
119,scene0356_01,desk,5,169.0
119,scene0356_01,chair,6,95.0
120,scene0356_02,bed,0,22.0
120,scene0356_02,door,1,
120,scene0356_02,door,4,139.0
120,scene0356_02,door,5,152.0
120,scene0356_02,door,6,148.0
120,scene0356_02,chair,2,68.0
120,scene0356_02,desk,3,128.0
121,scene0357_00,door,0,219.0
121,scene0357_00,door,3,210.0
121,scene0357_00,door,5,
121,scene0357_00,door,6,225.0
121,scene0357_00,curtain,1,159.0
121,scene0357_00,cabinet,2,
121,scene0357_00,cabinet,4,83.0
122,scene0357_01,curtain,0,141.0
122,scene0357_01,cabinet,1,74.0
122,scene0357_01,cabinet,4,
122,scene0357_01,door,2,
122,scene0357_01,door,3,190.0
122,scene0357_01,door,5,193.0
122,scene0357_01,door,6,203.0
123,scene0377_00,chair,0,82.0
124,scene0377_01,chair,0,106.0
125,scene0377_02,chair,0,111.0
126,scene0378_00,desk,0,222.0
126,scene0378_00,desk,3,226.0
126,scene0378_00,desk,11,238.0
126,scene0378_00,cabinet,1,95.0
126,scene0378_00,cabinet,6,99.0
126,scene0378_00,door,2,244.0
126,scene0378_00,bookshelf,4,78.0
126,scene0378_00,bookshelf,5,79.0
126,scene0378_00,chair,7,134.0
126,scene0378_00,chair,8,128.0
126,scene0378_00,chair,9,137.0
126,scene0378_00,chair,10,147.0
127,scene0378_01,chair,0,110.0
127,scene0378_01,chair,1,113.0
127,scene0378_01,chair,2,122.0
127,scene0378_01,chair,3,109.0
127,scene0378_01,desk,4,187.0
127,scene0378_01,desk,5,182.0
127,scene0378_01,desk,9,189.0
127,scene0378_01,bookshelf,6,56.0
127,scene0378_01,bookshelf,7,71.0
127,scene0378_01,cabinet,8,76.0
127,scene0378_01,cabinet,10,77.0
127,scene0378_01,door,11,223.0
128,scene0378_02,desk,0,226.0
128,scene0378_02,desk,1,254.0
128,scene0378_02,desk,2,251.0
128,scene0378_02,bookshelf,3,82.0
128,scene0378_02,bookshelf,11,78.0
128,scene0378_02,chair,4,128.0
128,scene0378_02,chair,5,159.0
128,scene0378_02,chair,6,136.0
128,scene0378_02,chair,7,149.0
128,scene0378_02,cabinet,8,112.0
128,scene0378_02,cabinet,9,97.0
128,scene0378_02,door,10,285.0
129,scene0382_00,desk,0,198.0
129,scene0382_00,bed,1,
129,scene0382_00,chair,2,119.0
129,scene0382_00,door,3,226.0
129,scene0382_00,door,4,218.0
130,scene0382_01,desk,0,191.0
130,scene0382_01,chair,1,123.0
130,scene0382_01,bed,2,42.0
130,scene0382_01,curtain,3,150.0
130,scene0382_01,door,4,204.0
130,scene0382_01,door,5,218.0
131,scene0389_00,chair,0,139.0
131,scene0389_00,chair,1,142.0
131,scene0389_00,bed,2,50.0
131,scene0389_00,cabinet,3,107.0
131,scene0389_00,door,4,242.0
131,scene0389_00,door,5,256.0
131,scene0389_00,curtain,6,191.0
132,scene0406_00,counter,0,58.0
132,scene0406_00,bathtub,1,5.0
132,scene0406_00,door,2,94.0
132,scene0406_00,door,3,94.0
133,scene0406_01,bathtub,0,9.0
133,scene0406_01,cabinet,1,41.0
133,scene0406_01,door,2,
133,scene0406_01,door,3,103.0
134,scene0406_02,bathtub,0,7.0
134,scene0406_02,cabinet,1,36.0
134,scene0406_02,door,2,96.0
134,scene0406_02,door,3,96.0
135,scene0412_00,door,0,333.0
135,scene0412_00,door,1,313.0
135,scene0412_00,door,2,313.0
136,scene0412_01,door,0,278.0
136,scene0412_01,counter,1,
137,scene0414_00,chair,0,225.0
137,scene0414_00,chair,1,223.0
137,scene0414_00,chair,2,210.0
137,scene0414_00,chair,3,216.0
137,scene0414_00,chair,4,219.0
137,scene0414_00,chair,5,234.0
137,scene0414_00,chair,6,225.0
137,scene0414_00,chair,7,213.0
137,scene0414_00,chair,8,195.0
137,scene0414_00,chair,9,232.0
137,scene0414_00,chair,10,228.0
137,scene0414_00,chair,11,207.0
137,scene0414_00,chair,12,237.0
137,scene0414_00,chair,13,233.0
137,scene0414_00,chair,14,214.0
137,scene0414_00,chair,15,193.0
137,scene0414_00,chair,16,236.0
137,scene0414_00,chair,17,235.0
137,scene0414_00,chair,18,212.0
137,scene0414_00,chair,20,221.0
137,scene0414_00,chair,21,
137,scene0414_00,chair,22,
137,scene0414_00,chair,23,214.0
137,scene0414_00,chair,24,227.0
137,scene0414_00,chair,25,
137,scene0414_00,chair,26,220.0
137,scene0414_00,chair,27,201.0
137,scene0414_00,cabinet,19,154.0
138,scene0423_00,chair,0,23.0
138,scene0423_00,chair,1,22.0
138,scene0423_00,chair,2,20.0
138,scene0423_00,chair,3,24.0
139,scene0423_01,chair,0,37.0
139,scene0423_01,chair,1,34.0
139,scene0423_01,chair,2,39.0
139,scene0423_01,chair,3,38.0
140,scene0423_02,chair,0,66.0
140,scene0423_02,chair,1,56.0
140,scene0423_02,chair,2,62.0
140,scene0423_02,chair,3,58.0
141,scene0426_00,chair,0,114.0
141,scene0426_00,chair,1,124.0
141,scene0426_00,chair,2,104.0
141,scene0426_00,door,3,
141,scene0426_00,door,4,215.0
141,scene0426_00,bed,5,44.0
141,scene0426_00,desk,6,188.0
142,scene0426_01,door,0,208.0
142,scene0426_01,door,6,214.0
142,scene0426_01,chair,1,109.0
142,scene0426_01,chair,4,116.0
142,scene0426_01,chair,5,129.0
142,scene0426_01,desk,2,190.0
142,scene0426_01,bed,3,44.0
143,scene0426_02,door,0,173.0
143,scene0426_02,door,6,176.0
143,scene0426_02,chair,1,93.0
143,scene0426_02,chair,2,94.0
143,scene0426_02,chair,3,86.0
143,scene0426_02,desk,4,
143,scene0426_02,bed,5,34.0
144,scene0426_03,chair,0,117.0
144,scene0426_03,chair,1,113.0
144,scene0426_03,chair,6,124.0
144,scene0426_03,bed,2,45.0
144,scene0426_03,door,3,
144,scene0426_03,door,5,229.0
144,scene0426_03,desk,4,207.0
145,scene0427_00,chair,0,143.0
145,scene0427_00,chair,1,139.0
145,scene0427_00,chair,2,126.0
145,scene0427_00,chair,3,135.0
145,scene0427_00,door,4,239.0
146,scene0430_00,chair,0,200.0
146,scene0430_00,chair,1,193.0
146,scene0430_00,chair,2,224.0
146,scene0430_00,chair,3,185.0
146,scene0430_00,chair,4,184.0
146,scene0430_00,chair,5,199.0
146,scene0430_00,chair,6,183.0
146,scene0430_00,chair,7,197.0
146,scene0430_00,chair,8,202.0
146,scene0430_00,chair,9,203.0
146,scene0430_00,chair,10,210.0
146,scene0430_00,chair,11,209.0
146,scene0430_00,chair,12,186.0
146,scene0430_00,chair,13,187.0
146,scene0430_00,chair,14,223.0
146,scene0430_00,chair,15,192.0
146,scene0430_00,chair,16,206.0
146,scene0430_00,chair,17,198.0
146,scene0430_00,chair,18,221.0
146,scene0430_00,door,19,
147,scene0430_01,chair,0,136.0
147,scene0430_01,chair,1,140.0
147,scene0430_01,chair,2,132.0
147,scene0430_01,chair,3,147.0
147,scene0430_01,chair,4,163.0
147,scene0430_01,chair,5,141.0
147,scene0430_01,chair,6,149.0
147,scene0430_01,chair,7,146.0
147,scene0430_01,chair,8,143.0
147,scene0430_01,chair,9,150.0
147,scene0430_01,chair,10,135.0
148,scene0432_00,chair,0,32.0
148,scene0432_00,chair,1,34.0
149,scene0432_01,chair,0,32.0
149,scene0432_01,chair,1,39.0
150,scene0435_00,desk,0,221.0
150,scene0435_00,curtain,1,181.0
150,scene0435_00,curtain,11,
150,scene0435_00,chair,2,130.0
150,scene0435_00,chair,12,143.0
150,scene0435_00,cabinet,3,112.0
150,scene0435_00,cabinet,13,94.0
150,scene0435_00,bathtub,4,14.0
150,scene0435_00,bed,5,42.0
150,scene0435_00,bed,6,51.0
150,scene0435_00,door,7,256.0
150,scene0435_00,door,8,
150,scene0435_00,door,9,
150,scene0435_00,door,10,240.0
151,scene0435_01,curtain,0,198.0
151,scene0435_01,curtain,1,
151,scene0435_01,bathtub,2,24.0
151,scene0435_01,chair,3,159.0
151,scene0435_01,chair,4,156.0
151,scene0435_01,bed,5,40.0
151,scene0435_01,bed,6,32.0
151,scene0435_01,desk,7,243.0
151,scene0435_01,door,8,257.0
151,scene0435_01,door,9,260.0
151,scene0435_01,door,10,
152,scene0435_02,desk,0,208.0
152,scene0435_02,bed,1,48.0
152,scene0435_02,bed,2,49.0
152,scene0435_02,curtain,3,179.0
152,scene0435_02,curtain,7,
152,scene0435_02,chair,4,128.0
152,scene0435_02,chair,5,131.0
152,scene0435_02,door,6,229.0
153,scene0435_03,curtain,0,160.0
153,scene0435_03,curtain,1,
153,scene0435_03,door,2,193.0
153,scene0435_03,desk,3,181.0
153,scene0435_03,chair,4,102.0
153,scene0435_03,chair,7,113.0
153,scene0435_03,bed,5,38.0
153,scene0435_03,bed,6,37.0
154,scene0441_00,door,0,170.0
154,scene0441_00,door,1,
155,scene0458_00,cabinet,0,38.0
155,scene0458_00,door,1,
156,scene0458_01,cabinet,0,44.0
156,scene0458_01,door,1,
157,scene0461_00,chair,0,56.0
157,scene0461_00,chair,1,52.0
158,scene0462_00,cabinet,0,99.0
158,scene0462_00,door,1,274.0
158,scene0462_00,door,2,293.0
158,scene0462_00,door,3,
159,scene0474_00,desk,0,232.0
159,scene0474_00,bookshelf,1,69.0
159,scene0474_00,chair,2,126.0
159,scene0474_00,chair,3,146.0
159,scene0474_00,chair,4,140.0
159,scene0474_00,chair,5,138.0
159,scene0474_00,door,6,245.0
160,scene0474_01,bookshelf,0,59.0
160,scene0474_01,desk,1,184.0
160,scene0474_01,desk,2,190.0
160,scene0474_01,door,3,211.0
160,scene0474_01,chair,4,110.0
160,scene0474_01,chair,5,113.0
160,scene0474_01,chair,6,104.0
160,scene0474_01,chair,7,105.0
161,scene0474_02,chair,0,
161,scene0474_02,chair,1,107.0
161,scene0474_02,chair,2,110.0
161,scene0474_02,chair,3,99.0
161,scene0474_02,bookshelf,4,48.0
161,scene0474_02,desk,5,182.0
161,scene0474_02,door,6,195.0
162,scene0474_03,chair,0,98.0
162,scene0474_03,chair,1,106.0
162,scene0474_03,chair,2,107.0
162,scene0474_03,bookshelf,3,49.0
162,scene0474_03,cabinet,4,86.0
162,scene0474_03,cabinet,5,77.0
162,scene0474_03,door,6,
162,scene0474_03,door,8,193.0
162,scene0474_03,desk,7,171.0
162,scene0474_03,desk,9,162.0
163,scene0474_04,door,0,177.0
163,scene0474_04,door,7,178.0
163,scene0474_04,bookshelf,1,62.0
163,scene0474_04,desk,2,162.0
163,scene0474_04,chair,3,92.0
163,scene0474_04,chair,4,84.0
163,scene0474_04,chair,5,89.0
163,scene0474_04,chair,6,92.0
163,scene0474_04,cabinet,8,
163,scene0474_04,cabinet,9,
164,scene0474_05,chair,0,102.0
164,scene0474_05,chair,1,113.0
164,scene0474_05,chair,2,94.0
164,scene0474_05,bookshelf,3,46.0
164,scene0474_05,desk,4,162.0
164,scene0474_05,door,5,188.0
164,scene0474_05,cabinet,6,80.0
164,scene0474_05,cabinet,7,84.0
165,scene0488_00,cabinet,0,113.0
165,scene0488_00,cabinet,1,117.0
165,scene0488_00,cabinet,2,135.0
165,scene0488_00,cabinet,3,
165,scene0488_00,cabinet,4,
165,scene0488_00,cabinet,7,115.0
165,scene0488_00,cabinet,8,142.0
165,scene0488_00,cabinet,9,121.0
165,scene0488_00,cabinet,10,126.0
165,scene0488_00,cabinet,11,114.0
165,scene0488_00,counter,5,180.0
165,scene0488_00,counter,6,206.0
166,scene0488_01,cabinet,0,128.0
166,scene0488_01,cabinet,1,
166,scene0488_01,cabinet,3,
166,scene0488_01,cabinet,4,124.0
166,scene0488_01,cabinet,5,
166,scene0488_01,cabinet,7,163.0
166,scene0488_01,cabinet,8,132.0
166,scene0488_01,cabinet,9,155.0
166,scene0488_01,cabinet,10,123.0
166,scene0488_01,cabinet,11,152.0
166,scene0488_01,counter,2,236.0
166,scene0488_01,counter,6,240.0
167,scene0490_00,chair,0,164.0
167,scene0490_00,chair,1,146.0
167,scene0490_00,chair,2,154.0
167,scene0490_00,chair,3,153.0
167,scene0490_00,chair,4,160.0
167,scene0490_00,chair,5,140.0
167,scene0490_00,chair,6,152.0
167,scene0490_00,chair,7,173.0
167,scene0490_00,chair,8,145.0
167,scene0490_00,chair,9,167.0
168,scene0494_00,chair,0,66.0
168,scene0494_00,chair,1,64.0
168,scene0494_00,chair,2,73.0
168,scene0494_00,chair,4,78.0
168,scene0494_00,door,3,135.0
169,scene0496_00,chair,0,205.0
169,scene0496_00,chair,1,196.0
169,scene0496_00,chair,2,193.0
169,scene0496_00,chair,3,195.0
169,scene0496_00,chair,4,178.0
169,scene0496_00,chair,5,174.0
169,scene0496_00,chair,6,186.0
169,scene0496_00,chair,7,202.0
169,scene0496_00,chair,8,191.0
169,scene0496_00,chair,9,192.0
169,scene0496_00,chair,10,177.0
169,scene0496_00,chair,11,175.0
169,scene0496_00,chair,12,185.0
169,scene0496_00,chair,14,
169,scene0496_00,chair,15,184.0
169,scene0496_00,chair,16,
169,scene0496_00,door,13,339.0
170,scene0500_00,chair,0,
170,scene0500_00,chair,1,206.0
170,scene0500_00,chair,2,194.0
170,scene0500_00,chair,3,215.0
170,scene0500_00,chair,4,231.0
170,scene0500_00,chair,5,228.0
170,scene0500_00,chair,6,204.0
170,scene0500_00,chair,7,216.0
170,scene0500_00,chair,8,225.0
170,scene0500_00,chair,9,198.0
170,scene0500_00,chair,10,198.0
170,scene0500_00,chair,11,201.0
170,scene0500_00,chair,12,
170,scene0500_00,chair,13,220.0
170,scene0500_00,chair,14,188.0
170,scene0500_00,chair,15,213.0
170,scene0500_00,chair,17,
170,scene0500_00,chair,18,
170,scene0500_00,chair,19,217.0
170,scene0500_00,chair,20,
170,scene0500_00,chair,21,219.0
170,scene0500_00,chair,22,190.0
170,scene0500_00,chair,23,221.0
170,scene0500_00,chair,24,199.0
170,scene0500_00,chair,25,210.0
170,scene0500_00,chair,26,205.0
170,scene0500_00,chair,27,205.0
170,scene0500_00,chair,28,214.0
170,scene0500_00,chair,29,227.0
170,scene0500_00,chair,30,196.0
170,scene0500_00,chair,31,222.0
170,scene0500_00,chair,32,209.0
170,scene0500_00,chair,33,229.0
170,scene0500_00,chair,34,218.0
170,scene0500_00,chair,35,211.0
170,scene0500_00,chair,36,211.0
170,scene0500_00,chair,37,189.0
170,scene0500_00,chair,38,232.0
170,scene0500_00,chair,39,207.0
170,scene0500_00,door,16,
171,scene0500_01,chair,0,261.0
171,scene0500_01,chair,1,267.0
171,scene0500_01,chair,3,266.0
171,scene0500_01,chair,5,216.0
171,scene0500_01,chair,6,238.0
171,scene0500_01,chair,7,
171,scene0500_01,chair,8,260.0
171,scene0500_01,chair,9,
171,scene0500_01,chair,10,252.0
171,scene0500_01,chair,11,
171,scene0500_01,chair,12,239.0
171,scene0500_01,chair,13,234.0
171,scene0500_01,chair,14,241.0
171,scene0500_01,chair,15,237.0
171,scene0500_01,chair,16,222.0
171,scene0500_01,chair,17,254.0
171,scene0500_01,chair,18,236.0
171,scene0500_01,chair,19,258.0
171,scene0500_01,chair,20,226.0
171,scene0500_01,chair,21,253.0
171,scene0500_01,chair,22,218.0
171,scene0500_01,chair,23,256.0
171,scene0500_01,chair,24,240.0
171,scene0500_01,chair,25,
171,scene0500_01,chair,26,220.0
171,scene0500_01,chair,27,245.0
171,scene0500_01,chair,28,248.0
171,scene0500_01,chair,29,262.0
171,scene0500_01,chair,30,228.0
171,scene0500_01,chair,31,257.0
171,scene0500_01,chair,32,219.0
171,scene0500_01,cabinet,2,
171,scene0500_01,cabinet,4,
172,scene0518_00,chair,0,124.0
172,scene0518_00,chair,1,117.0
172,scene0518_00,desk,2,214.0
172,scene0518_00,cabinet,3,
172,scene0518_00,cabinet,4,112.0
173,scene0527_00,curtain,0,150.0
173,scene0527_00,cabinet,1,
173,scene0527_00,cabinet,2,87.0
173,scene0527_00,cabinet,3,99.0
173,scene0527_00,cabinet,5,85.0
173,scene0527_00,cabinet,8,
173,scene0527_00,door,4,220.0
173,scene0527_00,door,6,220.0
173,scene0527_00,door,7,202.0
174,scene0535_00,cabinet,0,
174,scene0535_00,chair,1,
174,scene0535_00,chair,5,129.0
174,scene0535_00,chair,6,136.0
174,scene0535_00,chair,7,135.0
174,scene0535_00,desk,2,238.0
174,scene0535_00,desk,3,213.0
174,scene0535_00,bookshelf,4,83.0
175,scene0549_00,chair,0,138.0
175,scene0549_00,chair,1,123.0
175,scene0549_00,chair,2,137.0
175,scene0549_00,chair,4,113.0
175,scene0549_00,door,3,
175,scene0549_00,door,5,237.0
175,scene0549_00,door,6,228.0
176,scene0549_01,chair,0,166.0
176,scene0549_01,chair,1,164.0
176,scene0549_01,chair,2,153.0
176,scene0549_01,chair,3,144.0
177,scene0550_00,door,0,224.0
177,scene0550_00,door,1,201.0
177,scene0550_00,door,3,201.0
177,scene0550_00,cabinet,2,90.0
178,scene0552_00,chair,0,144.0
178,scene0552_00,chair,1,149.0
178,scene0552_00,chair,2,145.0
178,scene0552_00,chair,3,163.0
178,scene0552_00,chair,4,146.0
178,scene0552_00,chair,5,147.0
178,scene0552_00,chair,8,159.0
178,scene0552_00,cabinet,6,119.0
178,scene0552_00,cabinet,7,118.0
178,scene0552_00,cabinet,10,107.0
178,scene0552_00,counter,9,186.0
179,scene0552_01,cabinet,0,94.0
179,scene0552_01,cabinet,1,100.0
179,scene0552_01,cabinet,9,84.0
179,scene0552_01,chair,2,127.0
179,scene0552_01,chair,3,124.0
179,scene0552_01,chair,4,131.0
179,scene0552_01,chair,5,120.0
179,scene0552_01,chair,6,123.0
179,scene0552_01,chair,7,136.0
179,scene0552_01,counter,8,145.0
180,scene0553_00,door,0,88.0
181,scene0553_01,door,0,119.0
182,scene0553_02,door,0,141.0
183,scene0558_00,chair,0,146.0
183,scene0558_00,chair,1,123.0
183,scene0558_00,chair,4,131.0
183,scene0558_00,bookshelf,2,
183,scene0558_00,bookshelf,3,65.0
184,scene0558_01,bookshelf,0,
184,scene0558_01,bookshelf,4,78.0
184,scene0558_01,chair,1,120.0
184,scene0558_01,chair,2,116.0
184,scene0558_01,chair,3,115.0
185,scene0558_02,chair,0,150.0
185,scene0558_02,chair,1,141.0
185,scene0558_02,chair,2,147.0
185,scene0558_02,bookshelf,3,
185,scene0558_02,bookshelf,4,90.0
185,scene0558_02,bookshelf,5,99.0
187,scene0559_01,door,0,198.0
189,scene0565_00,chair,0,177.0
189,scene0565_00,chair,1,179.0
189,scene0565_00,chair,7,171.0
189,scene0565_00,chair,8,157.0
189,scene0565_00,cabinet,2,
189,scene0565_00,desk,3,302.0
189,scene0565_00,desk,4,292.0
189,scene0565_00,door,5,327.0
189,scene0565_00,door,6,324.0
189,scene0565_00,door,9,
189,scene0565_00,door,10,324.0
190,scene0568_00,chair,0,
190,scene0568_00,chair,1,93.0
190,scene0568_00,chair,2,
190,scene0568_00,chair,4,
190,scene0568_00,bookshelf,3,56.0
190,scene0568_00,curtain,5,132.0
191,scene0568_01,chair,0,
191,scene0568_01,chair,1,
191,scene0568_01,chair,2,
191,scene0568_01,chair,5,
191,scene0568_01,bookshelf,3,43.0
191,scene0568_01,curtain,4,90.0
192,scene0568_02,curtain,0,157.0
192,scene0568_02,bookshelf,1,46.0
192,scene0568_02,chair,2,
192,scene0568_02,chair,3,
192,scene0568_02,chair,4,
192,scene0568_02,chair,5,
193,scene0574_00,door,0,
193,scene0574_00,door,1,
193,scene0574_00,door,3,176.0
193,scene0574_00,cabinet,2,64.0
194,scene0574_01,door,0,
194,scene0574_01,door,2,
194,scene0574_01,door,3,121.0
194,scene0574_01,cabinet,1,59.0
195,scene0574_02,cabinet,0,54.0
195,scene0574_02,door,1,
195,scene0574_02,door,2,145.0
195,scene0574_02,door,3,155.0
196,scene0575_00,chair,0,151.0
196,scene0575_00,chair,1,150.0
196,scene0575_00,chair,2,152.0
196,scene0575_00,chair,3,141.0
196,scene0575_00,chair,4,129.0
196,scene0575_00,chair,5,139.0
196,scene0575_00,chair,6,154.0
196,scene0575_00,chair,7,136.0
196,scene0575_00,chair,8,146.0
196,scene0575_00,chair,9,147.0
196,scene0575_00,door,10,268.0
197,scene0575_01,chair,0,131.0
197,scene0575_01,chair,1,158.0
197,scene0575_01,chair,2,153.0
197,scene0575_01,chair,3,143.0
197,scene0575_01,chair,4,130.0
197,scene0575_01,chair,5,150.0
197,scene0575_01,chair,6,154.0
197,scene0575_01,chair,7,148.0
197,scene0575_01,chair,8,133.0
197,scene0575_01,chair,9,139.0
197,scene0575_01,door,10,266.0
198,scene0575_02,chair,0,134.0
198,scene0575_02,chair,1,120.0
198,scene0575_02,chair,2,139.0
198,scene0575_02,chair,3,121.0
198,scene0575_02,chair,5,136.0
198,scene0575_02,chair,6,119.0
198,scene0575_02,chair,7,132.0
198,scene0575_02,chair,8,131.0
198,scene0575_02,chair,9,128.0
198,scene0575_02,chair,10,126.0
198,scene0575_02,door,4,258.0
199,scene0578_00,chair,0,83.0
199,scene0578_00,chair,1,76.0
199,scene0578_00,chair,2,86.0
199,scene0578_00,chair,3,93.0
199,scene0578_00,door,4,
200,scene0578_01,chair,0,82.0
200,scene0578_01,chair,1,88.0
200,scene0578_01,chair,2,96.0
200,scene0578_01,chair,4,83.0
200,scene0578_01,door,3,166.0
201,scene0578_02,chair,0,95.0
201,scene0578_02,chair,1,94.0
201,scene0578_02,chair,2,100.0
201,scene0578_02,chair,3,90.0
201,scene0578_02,desk,4,159.0
201,scene0578_02,door,5,190.0
202,scene0580_00,bookshelf,0,29.0
202,scene0580_00,curtain,1,71.0
202,scene0580_00,chair,2,
202,scene0580_00,bed,3,19.0
202,scene0580_00,door,4,88.0
202,scene0580_00,door,5,91.0
203,scene0580_01,bed,0,17.0
203,scene0580_01,bookshelf,1,41.0
203,scene0580_01,curtain,2,86.0
203,scene0580_01,cabinet,3,50.0
203,scene0580_01,chair,4,
203,scene0580_01,door,5,117.0
203,scene0580_01,door,6,118.0
204,scene0583_00,door,0,177.0
204,scene0583_00,door,1,190.0
204,scene0583_00,door,2,185.0
204,scene0583_00,door,4,184.0
204,scene0583_00,door,5,195.0
204,scene0583_00,cabinet,3,78.0
204,scene0583_00,bathtub,6,6.0
205,scene0583_01,cabinet,0,57.0
205,scene0583_01,door,1,128.0
205,scene0583_01,door,2,127.0
205,scene0583_01,bathtub,3,
206,scene0583_02,door,0,174.0
206,scene0583_02,door,2,164.0
206,scene0583_02,bathtub,1,2.0
207,scene0591_00,chair,0,141.0
207,scene0591_00,chair,1,144.0
207,scene0591_00,cabinet,2,120.0
207,scene0591_00,cabinet,4,101.0
207,scene0591_00,cabinet,8,
207,scene0591_00,cabinet,9,
207,scene0591_00,cabinet,10,
207,scene0591_00,desk,3,227.0
207,scene0591_00,desk,7,220.0
207,scene0591_00,door,5,272.0
207,scene0591_00,bookshelf,6,83.0
208,scene0591_01,chair,0,152.0
208,scene0591_01,chair,1,172.0
208,scene0591_01,cabinet,2,126.0
208,scene0591_01,cabinet,5,118.0
208,scene0591_01,cabinet,6,142.0
208,scene0591_01,cabinet,7,
208,scene0591_01,cabinet,9,123.0
208,scene0591_01,door,3,301.0
208,scene0591_01,desk,4,291.0
208,scene0591_01,desk,8,285.0
209,scene0591_02,bookshelf,0,80.0
209,scene0591_02,bookshelf,11,81.0
209,scene0591_02,cabinet,1,109.0
209,scene0591_02,cabinet,4,111.0
209,scene0591_02,cabinet,5,
209,scene0591_02,cabinet,8,108.0
209,scene0591_02,cabinet,10,
209,scene0591_02,chair,2,159.0
209,scene0591_02,chair,3,140.0
209,scene0591_02,door,6,301.0
209,scene0591_02,desk,7,271.0
209,scene0591_02,desk,9,243.0
210,scene0593_00,cabinet,0,95.0
210,scene0593_00,cabinet,1,91.0
210,scene0593_00,cabinet,2,97.0
210,scene0593_00,cabinet,3,108.0
210,scene0593_00,door,4,254.0
210,scene0593_00,door,5,260.0
211,scene0593_01,door,0,350.0
211,scene0593_01,door,4,355.0
211,scene0593_01,cabinet,1,
211,scene0593_01,cabinet,2,126.0
211,scene0593_01,cabinet,3,139.0
211,scene0593_01,cabinet,5,
213,scene0598_00,bookshelf,0,109.0
213,scene0598_00,chair,1,193.0
213,scene0598_00,chair,2,187.0
213,scene0598_00,chair,3,192.0
213,scene0598_00,chair,4,201.0
213,scene0598_00,chair,5,164.0
213,scene0598_00,chair,6,168.0
214,scene0598_01,chair,0,112.0
214,scene0598_01,chair,1,104.0
214,scene0598_01,chair,2,124.0
214,scene0598_01,chair,3,114.0
214,scene0598_01,chair,5,109.0
214,scene0598_01,chair,6,119.0
214,scene0598_01,door,4,218.0
215,scene0598_02,bookshelf,0,20.0
215,scene0598_02,bookshelf,1,23.0
216,scene0599_00,door,0,326.0
216,scene0599_00,door,1,326.0
216,scene0599_00,chair,2,165.0
216,scene0599_00,chair,3,161.0
216,scene0599_00,chair,4,191.0
216,scene0599_00,chair,5,193.0
216,scene0599_00,chair,6,179.0
216,scene0599_00,chair,7,176.0
216,scene0599_00,chair,8,177.0
216,scene0599_00,chair,9,181.0
216,scene0599_00,chair,10,187.0
217,scene0599_01,chair,0,166.0
217,scene0599_01,chair,1,152.0
217,scene0599_01,chair,2,187.0
217,scene0599_01,chair,3,180.0
217,scene0599_01,chair,4,162.0
217,scene0599_01,chair,5,161.0
217,scene0599_01,chair,6,182.0
217,scene0599_01,chair,7,162.0
217,scene0599_01,chair,8,158.0
217,scene0599_01,door,9,315.0
217,scene0599_01,door,10,322.0
218,scene0599_02,chair,0,147.0
218,scene0599_02,chair,1,148.0
218,scene0599_02,chair,2,138.0
218,scene0599_02,chair,3,126.0
218,scene0599_02,chair,4,135.0
218,scene0599_02,chair,5,123.0
218,scene0599_02,chair,6,141.0
218,scene0599_02,chair,7,127.0
218,scene0599_02,door,8,248.0
219,scene0606_00,door,0,369.0
219,scene0606_00,chair,1,200.0
219,scene0606_00,chair,5,187.0
219,scene0606_00,chair,6,181.0
219,scene0606_00,chair,7,172.0
219,scene0606_00,chair,8,190.0
219,scene0606_00,chair,9,206.0
219,scene0606_00,cabinet,2,164.0
219,scene0606_00,cabinet,4,
219,scene0606_00,counter,3,234.0
220,scene0606_01,chair,0,189.0
220,scene0606_01,chair,2,202.0
220,scene0606_01,chair,3,173.0
220,scene0606_01,chair,4,197.0
220,scene0606_01,chair,7,
220,scene0606_01,chair,8,
220,scene0606_01,cabinet,1,163.0
220,scene0606_01,door,5,328.0
220,scene0606_01,counter,6,232.0
221,scene0606_02,chair,0,222.0
221,scene0606_02,chair,1,216.0
221,scene0606_02,chair,2,204.0
221,scene0606_02,chair,3,210.0
221,scene0606_02,chair,7,217.0
221,scene0606_02,chair,8,
221,scene0606_02,cabinet,4,166.0
221,scene0606_02,door,5,382.0
221,scene0606_02,counter,6,243.0
222,scene0607_00,counter,0,173.0
222,scene0607_00,cabinet,1,105.0
222,scene0607_00,cabinet,8,97.0
222,scene0607_00,chair,2,123.0
222,scene0607_00,chair,3,124.0
222,scene0607_00,chair,4,137.0
222,scene0607_00,chair,5,129.0
222,scene0607_00,chair,6,125.0
222,scene0607_00,chair,7,136.0
223,scene0607_01,chair,0,131.0
223,scene0607_01,chair,2,130.0
223,scene0607_01,chair,3,150.0
223,scene0607_01,chair,4,
223,scene0607_01,cabinet,1,104.0
223,scene0607_01,cabinet,5,109.0
223,scene0607_01,counter,6,170.0
224,scene0608_00,door,0,
224,scene0608_00,curtain,1,118.0
224,scene0608_00,chair,2,93.0
224,scene0608_00,chair,3,77.0
224,scene0608_00,chair,4,91.0
225,scene0608_01,chair,0,122.0
225,scene0608_01,chair,1,124.0
225,scene0608_01,chair,2,128.0
225,scene0608_01,curtain,3,162.0
225,scene0608_01,door,4,
226,scene0608_02,chair,0,109.0
226,scene0608_02,chair,1,100.0
226,scene0608_02,chair,2,116.0
226,scene0608_02,door,3,220.0
226,scene0608_02,door,4,218.0
226,scene0608_02,door,5,202.0
226,scene0608_02,cabinet,6,
226,scene0608_02,counter,7,
227,scene0609_00,chair,0,92.0
227,scene0609_00,chair,1,89.0
227,scene0609_00,chair,2,109.0
227,scene0609_00,chair,3,
227,scene0609_00,chair,4,93.0
227,scene0609_00,chair,5,91.0
227,scene0609_00,chair,6,101.0
228,scene0609_01,chair,0,115.0
228,scene0609_01,chair,1,110.0
228,scene0609_01,chair,2,116.0
228,scene0609_01,chair,3,122.0
228,scene0609_01,chair,4,123.0
228,scene0609_01,chair,5,117.0
228,scene0609_01,chair,6,127.0
229,scene0609_02,chair,0,166.0
229,scene0609_02,chair,1,194.0
229,scene0609_02,chair,2,171.0
229,scene0609_02,chair,3,163.0
229,scene0609_02,chair,4,185.0
229,scene0609_02,chair,5,179.0
229,scene0609_02,chair,6,170.0
229,scene0609_02,chair,7,186.0
229,scene0609_02,chair,8,173.0
229,scene0609_02,chair,9,162.0
229,scene0609_02,chair,10,168.0
229,scene0609_02,chair,11,
230,scene0609_03,chair,0,101.0
230,scene0609_03,chair,1,85.0
230,scene0609_03,chair,2,95.0
230,scene0609_03,chair,3,94.0
230,scene0609_03,chair,4,103.0
230,scene0609_03,chair,5,87.0
231,scene0616_00,chair,0,113.0
231,scene0616_00,chair,1,108.0
231,scene0616_00,chair,2,107.0
231,scene0616_00,chair,3,97.0
231,scene0616_00,chair,4,95.0
231,scene0616_00,chair,5,110.0
231,scene0616_00,chair,6,102.0
231,scene0616_00,door,7,
231,scene0616_00,door,8,
231,scene0616_00,door,9,
232,scene0616_01,chair,0,117.0
232,scene0616_01,chair,1,120.0
232,scene0616_01,chair,2,121.0
232,scene0616_01,chair,3,130.0
232,scene0616_01,chair,4,138.0
232,scene0616_01,chair,7,118.0
232,scene0616_01,chair,8,116.0
232,scene0616_01,door,5,224.0
232,scene0616_01,door,6,231.0
233,scene0618_00,chair,0,137.0
233,scene0618_00,chair,1,164.0
233,scene0618_00,chair,2,146.0
233,scene0618_00,chair,3,147.0
233,scene0618_00,chair,4,148.0
233,scene0618_00,chair,5,162.0
233,scene0618_00,chair,6,145.0
233,scene0618_00,chair,7,152.0
233,scene0618_00,chair,8,
233,scene0618_00,chair,9,
234,scene0621_00,chair,0,206.0
234,scene0621_00,chair,1,212.0
234,scene0621_00,chair,2,233.0
234,scene0621_00,chair,3,254.0
234,scene0621_00,chair,4,252.0
234,scene0621_00,chair,5,216.0
234,scene0621_00,chair,7,
234,scene0621_00,chair,8,222.0
234,scene0621_00,chair,9,247.0
234,scene0621_00,chair,10,234.0
234,scene0621_00,chair,11,244.0
234,scene0621_00,chair,12,221.0
234,scene0621_00,chair,13,
234,scene0621_00,chair,14,248.0
234,scene0621_00,chair,15,219.0
234,scene0621_00,chair,16,246.0
234,scene0621_00,chair,17,236.0
234,scene0621_00,chair,18,227.0
234,scene0621_00,chair,19,251.0
234,scene0621_00,chair,20,217.0
234,scene0621_00,chair,21,242.0
234,scene0621_00,chair,22,239.0
234,scene0621_00,chair,23,237.0
234,scene0621_00,chair,24,218.0
234,scene0621_00,chair,25,225.0
234,scene0621_00,chair,26,213.0
234,scene0621_00,chair,27,249.0
234,scene0621_00,door,6,436.0
235,scene0629_00,door,0,205.0
235,scene0629_00,door,1,198.0
235,scene0629_00,door,4,205.0
235,scene0629_00,door,6,198.0
235,scene0629_00,bed,2,36.0
235,scene0629_00,cabinet,3,79.0
235,scene0629_00,cabinet,5,69.0
235,scene0629_00,chair,7,109.0
235,scene0629_00,chair,8,103.0
236,scene0629_01,bed,0,43.0
236,scene0629_01,door,1,
236,scene0629_01,door,2,209.0
236,scene0629_01,door,6,209.0
236,scene0629_01,door,8,
236,scene0629_01,desk,3,
236,scene0629_01,chair,4,116.0
236,scene0629_01,cabinet,5,85.0
236,scene0629_01,cabinet,7,85.0
237,scene0629_02,bed,0,30.0
237,scene0629_02,door,1,194.0
237,scene0629_02,door,2,196.0
237,scene0629_02,door,6,194.0
237,scene0629_02,door,8,196.0
237,scene0629_02,desk,3,
237,scene0629_02,chair,4,117.0
237,scene0629_02,cabinet,5,86.0
237,scene0629_02,cabinet,7,73.0
238,scene0633_00,curtain,0,
238,scene0633_00,curtain,2,110.0
238,scene0633_00,chair,1,72.0
239,scene0633_01,chair,0,66.0
239,scene0633_01,curtain,1,101.0
239,scene0633_01,curtain,2,101.0
240,scene0643_00,desk,0,272.0
240,scene0643_00,desk,8,256.0
240,scene0643_00,desk,9,264.0
240,scene0643_00,desk,11,284.0
240,scene0643_00,chair,1,144.0
240,scene0643_00,chair,2,157.0
240,scene0643_00,chair,3,178.0
240,scene0643_00,chair,4,161.0
240,scene0643_00,chair,5,151.0
240,scene0643_00,door,6,306.0
240,scene0643_00,door,7,289.0
240,scene0643_00,bookshelf,10,101.0
241,scene0644_00,chair,0,204.0
241,scene0644_00,chair,1,242.0
241,scene0644_00,chair,2,237.0
241,scene0644_00,chair,3,206.0
241,scene0644_00,chair,4,239.0
241,scene0644_00,chair,5,245.0
241,scene0644_00,chair,6,246.0
241,scene0644_00,chair,9,229.0
241,scene0644_00,chair,10,213.0
241,scene0644_00,chair,11,204.0
241,scene0644_00,chair,12,230.0
241,scene0644_00,chair,13,209.0
241,scene0644_00,cabinet,7,172.0
241,scene0644_00,cabinet,14,
241,scene0644_00,door,8,401.0
242,scene0645_00,door,0,
242,scene0645_00,door,1,282.0
242,scene0645_00,door,12,290.0
242,scene0645_00,door,15,272.0
242,scene0645_00,desk,2,260.0
242,scene0645_00,curtain,3,229.0
242,scene0645_00,curtain,13,
242,scene0645_00,curtain,14,225.0
242,scene0645_00,bathtub,4,
242,scene0645_00,bed,5,58.0
242,scene0645_00,bed,6,63.0
242,scene0645_00,chair,7,137.0
242,scene0645_00,chair,8,160.0
242,scene0645_00,chair,9,141.0
242,scene0645_00,cabinet,10,102.0
242,scene0645_00,cabinet,11,116.0
243,scene0645_01,chair,0,130.0
243,scene0645_01,chair,1,140.0
243,scene0645_01,chair,11,148.0
243,scene0645_01,bed,2,54.0
243,scene0645_01,bed,3,48.0
243,scene0645_01,cabinet,4,93.0
243,scene0645_01,cabinet,8,108.0
243,scene0645_01,bathtub,5,10.0
243,scene0645_01,desk,6,230.0
243,scene0645_01,curtain,7,190.0
243,scene0645_01,door,9,273.0
243,scene0645_01,door,10,250.0
243,scene0645_01,door,12,
243,scene0645_01,door,13,278.0
244,scene0645_02,curtain,0,
244,scene0645_02,curtain,10,
244,scene0645_02,curtain,11,
244,scene0645_02,desk,1,216.0
244,scene0645_02,chair,2,132.0
244,scene0645_02,chair,3,134.0
244,scene0645_02,chair,6,127.0
244,scene0645_02,bed,4,50.0
244,scene0645_02,bed,5,52.0
244,scene0645_02,cabinet,7,107.0
244,scene0645_02,door,8,
244,scene0645_02,door,9,
244,scene0645_02,door,12,254.0
245,scene0647_00,chair,0,164.0
245,scene0647_00,door,1,
245,scene0647_00,door,2,286.0
246,scene0647_01,chair,0,137.0
246,scene0647_01,door,1,
246,scene0647_01,door,2,
247,scene0648_00,door,0,217.0
247,scene0648_00,bed,1,26.0
247,scene0648_00,bed,2,50.0
247,scene0648_00,desk,3,197.0
247,scene0648_00,desk,8,192.0
247,scene0648_00,bookshelf,4,
247,scene0648_00,cabinet,5,80.0
247,scene0648_00,chair,6,108.0
247,scene0648_00,chair,7,125.0
248,scene0648_01,chair,0,93.0
248,scene0648_01,chair,1,89.0
248,scene0648_01,bed,2,34.0
248,scene0648_01,bed,3,20.0
248,scene0648_01,desk,4,142.0
248,scene0648_01,desk,5,157.0
248,scene0648_01,door,6,
249,scene0651_00,counter,0,248.0
249,scene0651_00,cabinet,1,130.0
249,scene0651_00,cabinet,2,149.0
249,scene0651_00,cabinet,3,163.0
249,scene0651_00,cabinet,8,132.0
249,scene0651_00,chair,4,208.0
249,scene0651_00,chair,5,202.0
249,scene0651_00,chair,6,196.0
249,scene0651_00,chair,7,193.0
250,scene0651_01,cabinet,0,178.0
250,scene0651_01,cabinet,3,
250,scene0651_01,cabinet,7,175.0
250,scene0651_01,cabinet,8,141.0
250,scene0651_01,chair,1,194.0
250,scene0651_01,chair,4,225.0
250,scene0651_01,chair,5,190.0
250,scene0651_01,chair,6,206.0
250,scene0651_01,counter,2,243.0
251,scene0651_02,cabinet,0,121.0
251,scene0651_02,cabinet,1,124.0
251,scene0651_02,cabinet,6,147.0
251,scene0651_02,cabinet,8,156.0
251,scene0651_02,chair,2,170.0
251,scene0651_02,chair,3,171.0
251,scene0651_02,chair,4,160.0
251,scene0651_02,chair,5,190.0
251,scene0651_02,counter,7,228.0
252,scene0652_00,bed,0,46.0
252,scene0652_00,cabinet,1,97.0
252,scene0652_00,curtain,2,150.0
253,scene0653_00,cabinet,0,146.0
253,scene0653_00,cabinet,1,120.0
253,scene0653_00,cabinet,12,139.0
253,scene0653_00,cabinet,14,155.0
253,scene0653_00,cabinet,17,145.0
253,scene0653_00,cabinet,18,
253,scene0653_00,chair,2,189.0
253,scene0653_00,chair,3,188.0
253,scene0653_00,chair,11,181.0
253,scene0653_00,chair,13,164.0
253,scene0653_00,chair,15,163.0
253,scene0653_00,chair,16,172.0
253,scene0653_00,chair,19,180.0
253,scene0653_00,chair,20,199.0
253,scene0653_00,desk,4,289.0
253,scene0653_00,desk,5,316.0
253,scene0653_00,desk,6,293.0
253,scene0653_00,desk,7,316.0
253,scene0653_00,desk,8,281.0
253,scene0653_00,desk,9,313.0
253,scene0653_00,door,10,
254,scene0653_01,desk,0,325.0
254,scene0653_01,desk,2,333.0
254,scene0653_01,desk,10,308.0
254,scene0653_01,desk,11,304.0
254,scene0653_01,desk,17,336.0
254,scene0653_01,desk,19,336.0
254,scene0653_01,cabinet,1,157.0
254,scene0653_01,cabinet,12,138.0
254,scene0653_01,cabinet,13,
254,scene0653_01,cabinet,15,130.0
254,scene0653_01,cabinet,18,155.0
254,scene0653_01,cabinet,20,
254,scene0653_01,chair,3,194.0
254,scene0653_01,chair,4,185.0
254,scene0653_01,chair,5,172.0
254,scene0653_01,chair,6,182.0
254,scene0653_01,chair,7,191.0
254,scene0653_01,chair,8,213.0
254,scene0653_01,chair,16,199.0
254,scene0653_01,chair,21,211.0
254,scene0653_01,door,9,364.0
254,scene0653_01,door,14,364.0
255,scene0655_00,chair,0,135.0
255,scene0655_00,chair,1,148.0
255,scene0655_00,chair,2,139.0
255,scene0655_00,chair,3,153.0
255,scene0655_00,chair,4,151.0
255,scene0655_00,chair,5,138.0
255,scene0655_00,chair,6,128.0
255,scene0655_00,chair,7,150.0
255,scene0655_00,chair,8,143.0
255,scene0655_00,chair,9,136.0
255,scene0655_00,chair,10,152.0
255,scene0655_00,chair,11,131.0
255,scene0655_00,chair,12,140.0
255,scene0655_00,chair,13,127.0
256,scene0655_01,chair,0,187.0
256,scene0655_01,chair,1,194.0
256,scene0655_01,chair,2,195.0
256,scene0655_01,chair,3,191.0
256,scene0655_01,chair,4,196.0
256,scene0655_01,chair,5,170.0
256,scene0655_01,chair,6,193.0
256,scene0655_01,chair,7,184.0
256,scene0655_01,chair,8,178.0
256,scene0655_01,chair,9,189.0
256,scene0655_01,chair,10,183.0
256,scene0655_01,chair,11,188.0
256,scene0655_01,chair,12,164.0
256,scene0655_01,chair,13,169.0
256,scene0655_01,chair,14,199.0
256,scene0655_01,chair,15,174.0
256,scene0655_01,chair,16,198.0
257,scene0655_02,chair,0,202.0
257,scene0655_02,chair,1,186.0
257,scene0655_02,chair,2,193.0
257,scene0655_02,chair,3,176.0
257,scene0655_02,chair,4,201.0
257,scene0655_02,chair,5,185.0
257,scene0655_02,chair,6,175.0
257,scene0655_02,chair,7,180.0
257,scene0655_02,chair,8,173.0
257,scene0655_02,chair,9,192.0
257,scene0655_02,chair,10,213.0
257,scene0655_02,chair,11,188.0
257,scene0655_02,chair,12,211.0
257,scene0655_02,chair,13,177.0
257,scene0655_02,chair,14,210.0
258,scene0658_00,desk,0,205.0
258,scene0658_00,cabinet,1,91.0
258,scene0658_00,cabinet,4,
258,scene0658_00,door,2,241.0
258,scene0658_00,bed,3,52.0
258,scene0658_00,chair,5,133.0
259,scene0660_00,chair,0,117.0
259,scene0660_00,chair,1,127.0
259,scene0660_00,chair,2,126.0
259,scene0660_00,chair,3,133.0
259,scene0660_00,chair,4,119.0
259,scene0660_00,chair,5,136.0
259,scene0660_00,chair,6,124.0
260,scene0663_00,door,0,259.0
260,scene0663_00,desk,1,236.0
260,scene0663_00,desk,2,251.0
260,scene0663_00,chair,3,147.0
260,scene0663_00,chair,6,139.0
260,scene0663_00,chair,7,158.0
260,scene0663_00,cabinet,4,117.0
260,scene0663_00,cabinet,5,105.0
260,scene0663_00,cabinet,8,
261,scene0663_01,desk,0,161.0
261,scene0663_01,desk,1,155.0
261,scene0663_01,chair,2,99.0
261,scene0663_01,chair,5,95.0
261,scene0663_01,chair,8,103.0
261,scene0663_01,cabinet,3,68.0
261,scene0663_01,cabinet,6,
261,scene0663_01,cabinet,7,
261,scene0663_01,door,4,185.0
262,scene0663_02,chair,0,118.0
262,scene0663_02,chair,1,110.0
262,scene0663_02,chair,2,123.0
262,scene0663_02,door,3,213.0
262,scene0663_02,cabinet,4,103.0
262,scene0663_02,cabinet,6,82.0
262,scene0663_02,cabinet,7,78.0
262,scene0663_02,desk,5,197.0
263,scene0664_00,cabinet,0,39.0
263,scene0664_00,door,1,
263,scene0664_00,door,2,104.0
263,scene0664_00,bathtub,3,9.0
264,scene0664_01,counter,0,69.0
264,scene0664_01,bathtub,1,7.0
264,scene0664_01,door,2,109.0
264,scene0664_01,door,3,109.0
265,scene0664_02,door,0,72.0
265,scene0664_02,door,3,72.0
265,scene0664_02,bathtub,1,8.0
265,scene0664_02,counter,2,51.0
266,scene0665_00,chair,0,191.0
266,scene0665_00,chair,2,178.0
266,scene0665_00,chair,3,160.0
266,scene0665_00,chair,4,180.0
266,scene0665_00,chair,5,165.0
266,scene0665_00,chair,6,184.0
266,scene0665_00,chair,7,169.0
266,scene0665_00,chair,8,164.0
266,scene0665_00,chair,9,182.0
266,scene0665_00,chair,10,195.0
266,scene0665_00,chair,11,168.0
266,scene0665_00,chair,12,186.0
266,scene0665_00,chair,13,
266,scene0665_00,chair,19,
266,scene0665_00,chair,21,192.0
266,scene0665_00,chair,22,
266,scene0665_00,chair,23,176.0
266,scene0665_00,chair,24,
266,scene0665_00,desk,1,316.0
266,scene0665_00,desk,14,292.0
266,scene0665_00,desk,18,291.0
266,scene0665_00,desk,20,286.0
266,scene0665_00,door,15,350.0
266,scene0665_00,door,16,350.0
266,scene0665_00,cabinet,17,
267,scene0665_01,chair,0,206.0
267,scene0665_01,chair,2,214.0
267,scene0665_01,chair,3,215.0
267,scene0665_01,chair,4,209.0
267,scene0665_01,chair,5,176.0
267,scene0665_01,chair,6,219.0
267,scene0665_01,chair,7,213.0
267,scene0665_01,chair,8,
267,scene0665_01,chair,9,
267,scene0665_01,chair,10,218.0
267,scene0665_01,chair,11,183.0
267,scene0665_01,chair,13,201.0
267,scene0665_01,chair,14,
267,scene0665_01,chair,15,
267,scene0665_01,chair,18,212.0
267,scene0665_01,desk,1,346.0
267,scene0665_01,desk,12,
267,scene0665_01,desk,19,328.0
267,scene0665_01,door,16,393.0
267,scene0665_01,door,17,393.0
268,scene0670_00,cabinet,0,88.0
268,scene0670_00,cabinet,2,94.0
268,scene0670_00,cabinet,3,87.0
268,scene0670_00,cabinet,4,78.0
268,scene0670_00,cabinet,5,90.0
268,scene0670_00,cabinet,6,
268,scene0670_00,counter,1,154.0
269,scene0670_01,cabinet,0,172.0
269,scene0670_01,cabinet,2,160.0
269,scene0670_01,cabinet,3,
269,scene0670_01,cabinet,4,
269,scene0670_01,cabinet,9,
269,scene0670_01,counter,1,246.0
269,scene0670_01,counter,8,266.0
269,scene0670_01,door,5,361.0
269,scene0670_01,door,10,393.0
269,scene0670_01,chair,6,206.0
269,scene0670_01,chair,7,208.0
269,scene0670_01,chair,11,186.0
270,scene0671_00,chair,0,139.0
270,scene0671_00,chair,1,122.0
270,scene0671_00,chair,2,125.0
270,scene0671_00,chair,3,114.0
270,scene0671_00,chair,4,126.0
270,scene0671_00,cabinet,5,109.0
271,scene0671_01,chair,0,122.0
271,scene0671_01,chair,1,107.0
271,scene0671_01,chair,2,128.0
271,scene0671_01,chair,3,125.0
271,scene0671_01,cabinet,4,78.0
272,scene0678_00,door,0,292.0
272,scene0678_00,door,1,310.0
272,scene0678_00,door,2,
272,scene0678_00,door,3,280.0
273,scene0678_01,door,0,289.0
273,scene0678_01,door,1,289.0
273,scene0678_01,door,2,
273,scene0678_01,door,3,302.0
274,scene0678_02,counter,0,185.0
274,scene0678_02,door,1,
274,scene0678_02,door,2,
275,scene0684_00,door,0,143.0
275,scene0684_00,door,2,143.0
275,scene0684_00,chair,1,72.0
276,scene0684_01,chair,0,74.0
276,scene0684_01,door,1,128.0
276,scene0684_01,door,2,128.0
277,scene0685_00,door,0,205.0
278,scene0685_01,door,0,215.0
279,scene0685_02,door,0,163.0
280,scene0686_00,door,0,230.0
280,scene0686_00,door,1,237.0
281,scene0686_01,door,0,230.0
281,scene0686_01,door,1,213.0
282,scene0686_02,door,0,230.0
282,scene0686_02,door,1,226.0
283,scene0689_00,door,0,336.0
283,scene0689_00,chair,1,171.0
283,scene0689_00,chair,2,172.0
283,scene0689_00,chair,3,189.0
283,scene0689_00,chair,4,192.0
283,scene0689_00,chair,5,180.0
283,scene0689_00,chair,6,164.0
283,scene0689_00,chair,7,181.0
283,scene0689_00,chair,8,174.0
284,scene0690_00,cabinet,0,91.0
284,scene0690_00,chair,1,117.0
284,scene0690_00,chair,2,106.0
284,scene0690_00,chair,3,100.0
284,scene0690_00,chair,4,108.0
284,scene0690_00,chair,5,107.0
284,scene0690_00,chair,6,101.0
285,scene0690_01,chair,0,123.0
285,scene0690_01,chair,1,112.0
285,scene0690_01,chair,2,115.0
285,scene0690_01,chair,3,130.0
285,scene0690_01,chair,4,118.0
285,scene0690_01,chair,6,114.0
285,scene0690_01,cabinet,5,109.0
285,scene0690_01,bookshelf,7,79.0
286,scene0693_00,bathtub,0,6.0
286,scene0693_00,cabinet,1,43.0
286,scene0693_00,door,2,89.0
286,scene0693_00,door,3,
286,scene0693_00,door,4,91.0
287,scene0693_01,cabinet,0,48.0
287,scene0693_01,bathtub,1,15.0
287,scene0693_01,door,2,135.0
287,scene0693_01,door,3,
288,scene0693_02,cabinet,0,62.0
288,scene0693_02,door,1,135.0
288,scene0693_02,door,2,
288,scene0693_02,door,4,
288,scene0693_02,bathtub,3,9.0
289,scene0695_00,desk,0,215.0
289,scene0695_00,curtain,1,184.0
289,scene0695_00,bed,2,48.0
289,scene0695_00,chair,3,139.0
289,scene0695_00,chair,4,124.0
289,scene0695_00,door,5,
289,scene0695_00,door,7,
289,scene0695_00,bookshelf,6,61.0
289,scene0695_00,cabinet,8,
290,scene0695_01,bed,0,45.0
290,scene0695_01,chair,1,132.0
290,scene0695_01,chair,2,119.0
290,scene0695_01,curtain,3,179.0
290,scene0695_01,bookshelf,4,72.0
290,scene0695_01,desk,5,219.0
291,scene0695_02,desk,0,124.0
291,scene0695_02,bed,1,27.0
291,scene0695_02,chair,2,77.0
291,scene0695_02,chair,3,79.0
291,scene0695_02,chair,4,
291,scene0695_02,bookshelf,5,36.0
291,scene0695_02,curtain,6,104.0
292,scene0695_03,bookshelf,0,47.0
292,scene0695_03,desk,1,144.0
292,scene0695_03,chair,2,93.0
292,scene0695_03,chair,3,81.0
292,scene0695_03,cabinet,4,
292,scene0695_03,bed,5,34.0
292,scene0695_03,curtain,6,130.0
293,scene0696_00,cabinet,0,127.0
293,scene0696_00,cabinet,12,
293,scene0696_00,cabinet,13,111.0
293,scene0696_00,cabinet,15,103.0
293,scene0696_00,door,1,259.0
293,scene0696_00,curtain,2,193.0
293,scene0696_00,chair,3,153.0
293,scene0696_00,chair,4,130.0
293,scene0696_00,chair,5,130.0
293,scene0696_00,chair,6,144.0
293,scene0696_00,chair,7,
293,scene0696_00,chair,8,136.0
293,scene0696_00,chair,9,147.0
293,scene0696_00,chair,10,146.0
293,scene0696_00,chair,11,155.0
293,scene0696_00,bed,14,58.0
294,scene0696_01,chair,0,148.0
294,scene0696_01,chair,1,139.0
294,scene0696_01,chair,2,133.0
294,scene0696_01,chair,8,139.0
294,scene0696_01,chair,9,
294,scene0696_01,chair,10,127.0
294,scene0696_01,chair,11,138.0
294,scene0696_01,chair,12,142.0
294,scene0696_01,chair,13,144.0
294,scene0696_01,chair,15,134.0
294,scene0696_01,door,3,263.0
294,scene0696_01,bed,4,41.0
294,scene0696_01,cabinet,5,94.0
294,scene0696_01,cabinet,6,
294,scene0696_01,cabinet,16,
294,scene0696_01,cabinet,17,110.0
294,scene0696_01,curtain,7,192.0
294,scene0696_01,curtain,14,196.0
295,scene0696_02,chair,0,150.0
295,scene0696_02,chair,9,150.0
295,scene0696_02,chair,10,146.0
295,scene0696_02,chair,11,131.0
295,scene0696_02,chair,12,131.0
295,scene0696_02,chair,13,133.0
295,scene0696_02,chair,14,
295,scene0696_02,chair,15,141.0
295,scene0696_02,chair,16,144.0
295,scene0696_02,chair,17,140.0
295,scene0696_02,chair,18,130.0
295,scene0696_02,curtain,1,200.0
295,scene0696_02,curtain,6,198.0
295,scene0696_02,cabinet,2,105.0
295,scene0696_02,cabinet,3,119.0
295,scene0696_02,cabinet,7,100.0
295,scene0696_02,cabinet,8,
295,scene0696_02,door,4,270.0
295,scene0696_02,bed,5,
296,scene0697_00,door,0,
296,scene0697_00,door,3,
296,scene0697_00,bed,1,25.0
296,scene0697_00,bed,2,
297,scene0697_01,bed,0,39.0
297,scene0697_01,bed,1,
298,scene0697_02,bed,0,
298,scene0697_02,bed,1,36.0
299,scene0697_03,bed,0,
299,scene0697_03,bed,1,44.0
299,scene0697_03,door,2,223.0
300,scene0699_00,door,0,248.0
300,scene0699_00,door,1,
300,scene0699_00,door,5,274.0
300,scene0699_00,door,6,
300,scene0699_00,cabinet,2,112.0
300,scene0699_00,bed,3,55.0
300,scene0699_00,chair,4,146.0
301,scene0700_00,chair,0,97.0
301,scene0700_00,chair,1,111.0
301,scene0700_00,chair,2,
301,scene0700_00,chair,7,98.0
301,scene0700_00,bookshelf,3,64.0
301,scene0700_00,door,4,187.0
301,scene0700_00,cabinet,5,76.0
301,scene0700_00,cabinet,8,85.0
301,scene0700_00,desk,6,178.0
302,scene0700_01,chair,0,111.0
302,scene0700_01,chair,1,114.0
302,scene0700_01,chair,2,99.0
302,scene0700_01,chair,3,112.0
302,scene0700_01,desk,4,170.0
302,scene0700_01,bookshelf,5,58.0
302,scene0700_01,door,6,188.0
302,scene0700_01,cabinet,7,79.0
302,scene0700_01,cabinet,8,71.0
303,scene0700_02,chair,0,123.0
303,scene0700_02,chair,1,130.0
303,scene0700_02,chair,2,124.0
303,scene0700_02,chair,3,
303,scene0700_02,desk,4,227.0
303,scene0700_02,cabinet,5,98.0
303,scene0700_02,door,6,234.0
307,scene0702_00,door,0,91.0
307,scene0702_00,door,2,92.0
307,scene0702_00,bathtub,1,5.0
308,scene0702_01,door,0,149.0
308,scene0702_01,door,2,136.0
308,scene0702_01,cabinet,1,
308,scene0702_01,bathtub,3,9.0
309,scene0702_02,bathtub,0,4.0
309,scene0702_02,door,1,61.0
309,scene0702_02,curtain,2,
310,scene0704_00,door,0,395.0
310,scene0704_00,cabinet,1,
310,scene0704_00,cabinet,2,138.0
310,scene0704_00,cabinet,3,153.0
310,scene0704_00,counter,4,250.0
311,scene0704_01,cabinet,0,134.0
311,scene0704_01,cabinet,1,
311,scene0704_01,cabinet,3,133.0
311,scene0704_01,cabinet,4,140.0
311,scene0704_01,counter,2,219.0
