img_id,classname,gt_index,has_pred_bbox
0,sofa,0,False
0,sofa,1,True
0,otherfurniture,2,True
0,otherfurniture,3,True
0,otherfurniture,4,False
0,table,5,True
0,table,6,False
1,chair,0,True
1,chair,1,True
1,bed,2,True
1,cabinet,3,True
1,door,4,False
1,door,5,True
1,table,6,True
1,picture,7,False
1,otherfurniture,8,False
1,otherfurniture,9,True
1,otherfurniture,10,True
1,curtain,11,True
1,refrigerator,12,True
2,window,0,True
2,window,1,False
2,door,2,True
2,table,3,True
2,chair,4,True
2,chair,5,True
2,chair,6,True
2,chair,7,True
2,chair,8,True
2,chair,9,True
2,chair,10,True
2,chair,11,True
2,otherfurniture,12,True
3,bed,0,True
3,door,1,False
3,door,2,True
3,door,3,True
3,door,4,True
3,table,5,True
3,desk,6,False
3,chair,7,True
3,cabinet,8,True
3,cabinet,9,True
3,picture,10,False
3,picture,11,False
3,picture,12,False
3,picture,13,False
3,picture,14,False
4,window,0,False
4,cabinet,1,True
4,otherfurniture,2,True
4,otherfurniture,3,True
4,door,4,True
4,door,5,False
4,door,6,False
4,door,7,True
4,counter,8,False
4,table,9,False
5,chair,0,True
5,chair,1,True
5,chair,2,True
5,chair,3,True
5,otherfurniture,4,False
5,otherfurniture,5,True
5,otherfurniture,6,True
5,bookshelf,7,True
5,window,8,True
5,door,9,True
5,cabinet,10,True
5,cabinet,11,True
5,desk,12,True
6,sofa,0,True
6,cabinet,1,True
6,cabinet,2,True
6,cabinet,3,False
6,cabinet,4,True
6,cabinet,5,True
6,door,6,False
6,door,7,True
6,door,8,True
6,door,9,False
6,refrigerator,10,True
6,bed,11,True
6,otherfurniture,12,True
6,otherfurniture,13,False
6,otherfurniture,14,False
6,otherfurniture,15,True
6,chair,16,True
6,chair,17,True
6,window,18,True
6,window,19,True
6,desk,20,True
6,sink,21,True
6,sink,22,False
6,toilet,23,True
6,counter,24,True
6,counter,25,False
6,table,26,True
6,showercurtain,27,True
6,bathtub,28,True
7,door,0,False
7,cabinet,1,False
7,cabinet,2,True
7,cabinet,3,True
7,otherfurniture,4,True
7,otherfurniture,5,True
7,otherfurniture,6,True
7,otherfurniture,7,True
7,otherfurniture,8,False
7,picture,9,True
7,picture,10,False
7,picture,11,False
7,picture,12,True
7,counter,13,True
7,table,14,True
8,counter,0,True
8,sink,1,True
8,refrigerator,2,True
8,cabinet,3,True
8,cabinet,4,True
8,cabinet,5,True
8,cabinet,6,True
8,chair,7,True
8,chair,8,True
8,chair,9,False
8,chair,10,True
8,table,11,True
8,otherfurniture,12,True
9,door,0,False
9,door,1,True
9,chair,2,True
9,chair,3,True
9,chair,4,True
9,desk,5,True
9,window,6,False
9,otherfurniture,7,False
9,otherfurniture,8,False
9,bed,9,True
10,table,0,True
10,table,1,False
10,table,2,False
10,table,3,True
10,table,4,False
10,table,5,True
10,otherfurniture,6,True
10,bookshelf,7,True
10,bookshelf,8,False
10,bookshelf,9,False
10,bookshelf,10,True
10,bookshelf,11,False
10,bookshelf,12,False
10,door,13,True
10,door,14,True
10,window,15,False
10,window,16,False
10,window,17,False
10,chair,18,True
10,chair,19,True
10,chair,20,True
10,chair,21,True
10,chair,22,True
10,chair,23,True
10,chair,24,True
10,chair,25,True
10,chair,26,True
10,chair,27,True
10,chair,28,True
10,chair,29,True
10,chair,30,True
10,chair,31,True
10,chair,32,False
10,chair,33,True
10,chair,34,True
11,otherfurniture,0,True
11,otherfurniture,1,False
11,chair,2,True
11,chair,3,True
11,cabinet,4,False
11,cabinet,5,True
11,counter,6,True
12,window,0,True
12,window,1,True
12,otherfurniture,2,True
12,otherfurniture,3,True
12,otherfurniture,4,False
12,otherfurniture,5,True
12,otherfurniture,6,True
12,otherfurniture,7,False
12,otherfurniture,8,False
12,table,9,False
12,table,10,False
12,table,11,False
12,table,12,False
12,table,13,False
12,door,14,True
12,sink,15,False
12,counter,16,False
13,otherfurniture,0,True
13,otherfurniture,1,True
13,door,2,True
13,door,3,True
13,door,4,False
13,counter,5,True
13,table,6,True
13,window,7,False
13,cabinet,8,False
14,window,0,True
14,refrigerator,1,True
14,cabinet,2,True
14,cabinet,3,True
14,cabinet,4,True
14,cabinet,5,True
14,cabinet,6,True
14,cabinet,7,False
14,cabinet,8,True
14,cabinet,9,True
14,cabinet,10,False
14,cabinet,11,False
14,cabinet,12,True
14,sink,13,True
14,picture,14,False
14,counter,15,True
15,sofa,0,True
15,sofa,1,True
15,otherfurniture,2,True
15,otherfurniture,3,True
15,table,4,True
16,refrigerator,0,True
16,refrigerator,1,True
16,sofa,2,True
16,desk,3,False
16,chair,4,True
16,chair,5,True
16,chair,6,True
16,chair,7,True
16,chair,8,True
16,chair,9,True
16,chair,10,True
16,chair,11,True
16,chair,12,False
17,sofa,0,True
17,sofa,1,True
17,table,2,True
18,curtain,0,True
18,picture,1,False
18,picture,2,False
18,picture,3,False
18,picture,4,False
18,table,5,True
18,table,6,True
18,cabinet,7,False
18,cabinet,8,True
18,cabinet,9,True
18,cabinet,10,False
18,cabinet,11,False
18,door,12,False
18,door,13,False
18,door,14,True
18,sink,15,False
18,sink,16,False
19,chair,0,True
19,chair,1,True
19,chair,2,True
19,bookshelf,3,False
19,bookshelf,4,True
19,table,5,True
19,sofa,6,False
19,window,7,False
19,window,8,False
19,window,9,False
19,window,10,False
19,window,11,False
19,window,12,False
19,window,13,False
20,toilet,0,True
20,otherfurniture,1,False
20,otherfurniture,2,True
20,otherfurniture,3,False
20,otherfurniture,4,True
20,otherfurniture,5,True
20,counter,6,True
20,showercurtain,7,True
20,window,8,True
20,door,9,False
20,door,10,False
20,sink,11,True
21,chair,0,True
21,chair,1,True
21,chair,2,True
21,chair,3,True
21,table,4,True
21,table,5,True
21,door,6,False
21,otherfurniture,7,True
21,window,8,True
21,window,9,True
22,chair,0,True
22,chair,1,True
22,chair,2,True
22,table,3,True
22,table,4,True
22,bed,5,True
22,bed,6,True
22,desk,7,True
22,otherfurniture,8,False
22,otherfurniture,9,True
22,otherfurniture,10,True
22,otherfurniture,11,True
22,otherfurniture,12,False
22,cabinet,13,True
22,cabinet,14,False
22,door,15,True
22,door,16,False
22,door,17,True
22,sink,18,False
22,picture,19,False
22,picture,20,False
22,curtain,21,True
22,window,22,True
22,bathtub,23,True
23,chair,0,True
23,chair,1,True
23,chair,2,True
23,chair,3,True
23,chair,4,True
23,chair,5,True
23,chair,6,True
23,chair,7,True
23,chair,8,False
23,chair,9,True
23,chair,10,True
23,chair,11,True
23,chair,12,False
23,chair,13,True
23,chair,14,True
23,chair,15,False
23,chair,16,True
23,chair,17,False
23,desk,18,True
23,desk,19,False
23,desk,20,True
23,desk,21,True
23,table,22,True
23,table,23,True
23,table,24,False
23,table,25,True
23,table,26,False
23,door,27,True
23,door,28,True
23,cabinet,29,False
24,otherfurniture,0,False
24,otherfurniture,1,False
24,otherfurniture,2,False
24,otherfurniture,3,True
24,desk,4,True
24,door,5,True
24,door,6,True
24,door,7,True
24,door,8,True
24,window,9,True
24,bed,10,True
24,chair,11,True
25,sofa,0,True
25,sofa,1,True
25,door,2,True
25,door,3,True
25,door,4,True
25,door,5,True
25,door,6,True
25,door,7,True
25,door,8,False
25,door,9,True
25,table,10,True
25,table,11,True
25,table,12,False
25,table,13,False
25,chair,14,True
25,chair,15,False
25,chair,16,True
25,otherfurniture,17,False
25,otherfurniture,18,True
25,otherfurniture,19,False
25,picture,20,False
25,picture,21,False
25,picture,22,False
25,picture,23,True
25,picture,24,False
25,picture,25,False
25,picture,26,False
25,cabinet,27,False
25,cabinet,28,False
26,chair,0,True
26,chair,1,True
26,chair,2,True
26,chair,3,True
26,otherfurniture,4,True
26,table,5,True
26,desk,6,True
26,door,7,True
26,window,8,False
26,window,9,True
27,window,0,True
27,window,1,False
27,cabinet,2,False
27,chair,3,True
27,chair,4,True
27,chair,5,True
27,chair,6,True
27,desk,7,True
27,desk,8,True
27,bookshelf,9,True
27,picture,10,False
28,chair,0,True
28,chair,1,True
28,chair,2,True
28,chair,3,True
28,chair,4,True
28,chair,5,True
28,chair,6,True
28,chair,7,True
28,chair,8,True
28,chair,9,True
28,chair,10,True
28,chair,11,True
28,chair,12,True
28,chair,13,True
28,chair,14,True
28,chair,15,True
28,chair,16,False
28,chair,17,True
28,chair,18,True
28,table,19,True
28,door,20,False
28,window,21,False
29,otherfurniture,0,True
29,otherfurniture,1,True
29,table,2,False
29,picture,3,False
30,door,0,False
30,door,1,True
30,sink,2,True
30,bathtub,3,True
30,counter,4,True
30,toilet,5,True
30,otherfurniture,6,True
30,picture,7,True
30,showercurtain,8,True
31,sofa,0,True
31,cabinet,1,True
31,table,2,True
31,table,3,True
31,table,4,True
31,chair,5,True
31,chair,6,True
31,chair,7,True
31,chair,8,True
31,chair,9,True
31,chair,10,True
32,door,0,False
32,picture,1,False
32,picture,2,False
32,picture,3,False
32,otherfurniture,4,False
32,bed,5,True
32,bed,6,True
32,desk,7,True
32,desk,8,True
32,bookshelf,9,False
32,cabinet,10,True
32,window,11,True
32,chair,12,True
32,chair,13,True
33,chair,0,False
33,chair,1,True
33,chair,2,True
33,door,3,True
33,door,4,False
33,table,5,True
33,otherfurniture,6,True
33,otherfurniture,7,False
33,otherfurniture,8,True
33,bed,9,True
33,bed,10,True
33,desk,11,True
33,cabinet,12,True
33,picture,13,True
33,picture,14,False
33,curtain,15,True
34,chair,0,True
34,chair,1,True
34,chair,2,True
34,chair,3,True
34,chair,4,True
34,chair,5,True
34,table,6,True
34,table,7,False
34,table,8,True
34,otherfurniture,9,True
35,chair,0,True
35,chair,1,True
35,chair,2,True
35,chair,3,True
35,chair,4,True
35,chair,5,True
35,chair,6,True
35,chair,7,True
35,chair,8,False
35,chair,9,True
35,chair,10,False
35,chair,11,True
35,cabinet,12,True
35,cabinet,13,False
35,window,14,True
35,table,15,True
35,table,16,True
35,otherfurniture,17,True
35,otherfurniture,18,False
35,otherfurniture,19,True
35,door,20,False
36,desk,0,True
36,desk,1,True
36,desk,2,True
36,cabinet,3,False
36,cabinet,4,True
36,door,5,True
36,otherfurniture,6,True
36,window,7,True
36,bookshelf,8,True
36,bookshelf,9,True
36,chair,10,True
36,chair,11,True
36,chair,12,True
36,chair,13,True
37,otherfurniture,0,True
37,otherfurniture,1,True
37,otherfurniture,2,True
37,otherfurniture,3,False
37,otherfurniture,4,False
37,cabinet,5,True
37,door,6,True
37,door,7,True
37,sink,8,True
37,table,9,True
38,sofa,0,True
38,sofa,1,True
38,table,2,True
38,otherfurniture,3,True
38,otherfurniture,4,True
39,bathtub,0,True
39,door,1,True
39,toilet,2,True
39,otherfurniture,3,True
39,curtain,4,True
40,chair,0,True
40,window,1,True
40,otherfurniture,2,True
41,chair,0,True
41,chair,1,True
41,chair,2,True
41,chair,3,True
41,chair,4,True
41,chair,5,True
41,chair,6,True
41,chair,7,True
41,chair,8,True
41,desk,9,False
41,refrigerator,10,True
41,refrigerator,11,True
41,sofa,12,True
42,window,0,False
42,chair,1,True
42,chair,2,True
42,chair,3,True
42,chair,4,True
42,chair,5,True
42,chair,6,True
42,chair,7,True
42,chair,8,True
42,chair,9,True
42,chair,10,True
42,otherfurniture,11,True
42,door,12,False
42,table,13,True
43,chair,0,True
43,chair,1,True
43,chair,2,True
43,sofa,3,True
43,bookshelf,4,True
43,desk,5,True
43,door,6,True
43,cabinet,7,False
43,cabinet,8,True
43,otherfurniture,9,True
43,window,10,True
43,window,11,True
44,chair,0,True
44,chair,1,True
44,chair,2,True
44,bed,3,True
44,door,4,False
44,door,5,True
44,desk,6,True
44,picture,7,False
44,otherfurniture,8,False
44,window,9,False
45,sofa,0,True
45,window,1,True
45,chair,2,True
45,chair,3,True
45,chair,4,True
45,table,5,True
45,table,6,True
45,table,7,True
45,otherfurniture,8,False
45,otherfurniture,9,True
45,otherfurniture,10,False
45,otherfurniture,11,False
45,picture,12,False
45,picture,13,False
45,picture,14,False
45,picture,15,False
45,picture,16,False
45,picture,17,False
45,picture,18,False
45,picture,19,False
45,picture,20,False
45,picture,21,False
45,picture,22,False
45,picture,23,False
45,picture,24,False
45,door,25,False
45,door,26,True
45,door,27,False
45,cabinet,28,False
45,counter,29,True
46,curtain,0,True
46,curtain,1,False
46,refrigerator,2,True
46,picture,3,True
46,picture,4,False
46,picture,5,True
46,otherfurniture,6,False
46,otherfurniture,7,True
46,otherfurniture,8,True
46,bathtub,9,True
46,sink,10,True
46,sink,11,True
46,chair,12,True
46,chair,13,True
46,bed,14,True
46,bed,15,True
46,toilet,16,True
46,desk,17,True
46,door,18,False
46,door,19,True
46,door,20,False
46,showercurtain,21,True
47,table,0,True
47,table,1,True
47,otherfurniture,2,True
47,otherfurniture,3,True
47,door,4,True
47,picture,5,False
48,chair,0,True
48,curtain,1,True
48,curtain,2,True
48,table,3,True
48,otherfurniture,4,False
48,otherfurniture,5,False
49,bed,0,True
49,table,1,True
49,curtain,2,False
49,curtain,3,False
49,chair,4,True
49,chair,5,True
49,chair,6,True
49,window,7,True
49,door,8,True
49,door,9,False
49,door,10,False
50,sofa,0,True
50,sofa,1,True
50,table,2,True
51,desk,0,True
51,window,1,True
51,bed,2,True
51,chair,3,True
51,door,4,True
51,door,5,True
51,otherfurniture,6,True
52,otherfurniture,0,False
52,otherfurniture,1,False
52,bookshelf,2,True
52,desk,3,True
52,chair,4,True
52,chair,5,True
52,cabinet,6,True
52,bed,7,True
52,curtain,8,True
53,chair,0,True
53,chair,1,True
53,chair,2,True
53,chair,3,True
53,chair,4,True
53,chair,5,True
53,chair,6,True
53,chair,7,True
53,chair,8,True
53,table,9,True
53,door,10,True
53,door,11,False
53,otherfurniture,12,True
53,window,13,True
53,window,14,True
54,chair,0,True
54,chair,1,True
54,chair,2,True
54,door,3,False
54,door,4,True
54,window,5,True
54,bed,6,True
54,desk,7,True
54,otherfurniture,8,False
54,otherfurniture,9,False
54,picture,10,False
55,bookshelf,0,False
55,bookshelf,1,False
55,bookshelf,2,True
55,bookshelf,3,False
55,bookshelf,4,True
55,chair,5,True
55,chair,6,True
55,chair,7,True
55,chair,8,True
55,chair,9,True
55,chair,10,True
55,chair,11,True
55,chair,12,False
55,chair,13,False
55,chair,14,True
55,chair,15,True
55,chair,16,True
55,chair,17,True
55,chair,18,True
55,chair,19,False
55,chair,20,True
55,door,21,True
55,door,22,False
55,table,23,True
55,table,24,True
55,table,25,False
55,table,26,True
55,table,27,False
55,otherfurniture,28,True
55,window,29,False
55,window,30,False
55,window,31,False
56,door,0,True
56,chair,1,True
56,chair,2,True
56,chair,3,True
56,chair,4,True
56,window,5,True
56,cabinet,6,True
56,cabinet,7,False
56,desk,8,True
56,desk,9,True
56,otherfurniture,10,True
56,otherfurniture,11,True
57,desk,0,True
57,desk,1,True
57,chair,2,True
57,chair,3,True
57,chair,4,True
57,cabinet,5,True
57,cabinet,6,False
57,cabinet,7,True
57,door,8,True
57,window,9,False
57,window,10,True
57,otherfurniture,11,True
57,otherfurniture,12,True
58,otherfurniture,0,True
58,otherfurniture,1,True
58,otherfurniture,2,False
58,sink,3,True
58,door,4,False
58,door,5,False
58,door,6,True
58,cabinet,7,False
59,sofa,0,True
59,chair,1,True
59,chair,2,True
59,chair,3,True
59,chair,4,True
59,chair,5,True
59,chair,6,True
59,chair,7,False
59,chair,8,True
59,chair,9,True
59,chair,10,True
59,chair,11,True
59,table,12,True
59,curtain,13,True
59,curtain,14,True
59,otherfurniture,15,True
59,cabinet,16,True
59,cabinet,17,True
59,cabinet,18,True
59,cabinet,19,False
59,door,20,True
59,bed,21,True
60,door,0,False
60,table,1,True
60,table,2,True
60,otherfurniture,3,True
60,otherfurniture,4,True
60,picture,5,False
61,desk,0,True
61,curtain,1,True
61,curtain,2,False
61,chair,3,True
61,chair,4,True
61,cabinet,5,True
61,cabinet,6,True
61,bathtub,7,True
61,bed,8,True
61,bed,9,True
61,toilet,10,True
61,door,11,False
61,door,12,False
61,door,13,False
61,door,14,True
61,sink,15,True
61,picture,16,True
61,picture,17,True
61,otherfurniture,18,True
61,otherfurniture,19,False
61,showercurtain,20,True
61,refrigerator,21,True
62,counter,0,True
62,bathtub,1,True
62,toilet,2,True
62,door,3,True
62,door,4,True
62,picture,5,False
62,otherfurniture,6,True
62,sink,7,False
62,showercurtain,8,True
63,sink,0,False
63,cabinet,1,True
63,otherfurniture,2,True
63,otherfurniture,3,True
63,otherfurniture,4,True
63,otherfurniture,5,False
63,door,6,False
63,door,7,True
63,door,8,False
63,table,9,True
64,window,0,True
64,window,1,False
64,chair,2,True
64,chair,3,True
64,chair,4,True
64,table,5,True
64,door,6,True
64,otherfurniture,7,True
64,otherfurniture,8,True
64,cabinet,9,True
64,cabinet,10,False
64,cabinet,11,False
64,desk,12,True
65,sofa,0,True
65,sofa,1,True
65,cabinet,2,False
65,cabinet,3,True
65,cabinet,4,True
65,cabinet,5,False
65,table,6,True
65,chair,7,True
65,chair,8,True
65,door,9,True
65,door,10,True
65,desk,11,True
65,window,12,False
65,window,13,True
65,window,14,True
66,chair,0,True
66,chair,1,True
66,chair,2,True
66,chair,3,True
66,chair,4,True
66,chair,5,True
66,chair,6,False
66,chair,7,True
66,chair,8,True
66,chair,9,True
66,table,10,True
67,bookshelf,0,True
67,bookshelf,1,True
67,table,2,True
67,table,3,True
67,chair,4,True
67,chair,5,True
67,chair,6,True
67,chair,7,True
67,door,8,True
68,sink,0,True
68,door,1,True
68,toilet,2,True
68,otherfurniture,3,True
69,sofa,0,True
69,sofa,1,False
69,otherfurniture,2,True
69,chair,3,True
69,table,4,False
69,table,5,True
69,table,6,True
69,door,7,False
69,door,8,False
69,picture,9,False
69,picture,10,True
69,picture,11,True
70,toilet,0,True
70,cabinet,1,True
70,bathtub,2,True
70,door,3,False
70,door,4,True
70,sink,5,False
70,otherfurniture,6,False
71,chair,0,True
71,chair,1,True
71,chair,2,True
71,curtain,3,True
71,bookshelf,4,True
71,otherfurniture,5,False
71,otherfurniture,6,True
71,otherfurniture,7,True
71,refrigerator,8,True
71,sofa,9,True
71,desk,10,True
71,desk,11,False
71,door,12,False
71,door,13,True
71,window,14,True
71,bed,15,True
72,otherfurniture,0,True
72,chair,1,True
72,chair,2,True
72,chair,3,True
72,chair,4,True
72,table,5,True
73,sink,0,True
73,cabinet,1,True
73,cabinet,2,False
73,showercurtain,3,True
73,door,4,True
73,toilet,5,True
73,bathtub,6,True
74,curtain,0,True
74,table,1,True
74,window,2,False
74,cabinet,3,True
74,cabinet,4,True
74,door,5,False
74,door,6,False
74,door,7,False
74,door,8,False
75,bookshelf,0,True
75,bookshelf,1,True
76,desk,0,True
76,bed,1,True
76,chair,2,True
76,chair,3,True
76,chair,4,False
76,otherfurniture,5,True
76,otherfurniture,6,False
76,otherfurniture,7,True
76,bookshelf,8,True
76,curtain,9,True
77,desk,0,False
77,chair,1,True
77,chair,2,True
77,chair,3,True
77,chair,4,True
77,chair,5,True
77,chair,6,True
77,chair,7,True
77,chair,8,True
77,chair,9,True
77,cabinet,10,True
77,refrigerator,11,True
77,refrigerator,12,True
77,sofa,13,True
78,chair,0,True
78,chair,1,True
78,chair,2,True
78,chair,3,True
78,chair,4,True
78,chair,5,True
78,chair,6,True
78,chair,7,False
78,chair,8,True
78,chair,9,True
78,chair,10,True
78,chair,11,True
78,chair,12,True
78,chair,13,True
78,chair,14,False
78,chair,15,False
78,chair,16,True
78,chair,17,True
78,chair,18,True
78,chair,19,True
78,table,20,True
79,desk,0,True
79,desk,1,True
79,desk,2,True
79,bookshelf,3,True
79,bookshelf,4,True
79,chair,5,True
79,chair,6,True
79,chair,7,True
79,chair,8,True
79,cabinet,9,True
79,cabinet,10,True
79,door,11,True
79,window,12,True
79,otherfurniture,13,True
80,door,0,True
80,door,1,True
80,door,2,True
80,door,3,True
80,bed,4,True
80,cabinet,5,True
80,cabinet,6,True
80,table,7,True
80,picture,8,False
80,picture,9,False
80,picture,10,False
80,picture,11,False
80,chair,12,True
80,chair,13,True
81,door,0,True
81,door,1,False
81,toilet,2,True
81,toilet,3,True
81,otherfurniture,4,True
81,otherfurniture,5,False
81,otherfurniture,6,False
81,sink,7,True
82,otherfurniture,0,False
82,otherfurniture,1,False
82,otherfurniture,2,False
82,curtain,3,False
82,curtain,4,False
82,curtain,5,True
82,bed,6,True
82,cabinet,7,True
82,picture,8,False
83,sofa,0,True
83,chair,1,True
83,chair,2,True
83,desk,3,True
83,picture,4,False
83,otherfurniture,5,True
83,table,6,True
83,cabinet,7,False
83,cabinet,8,False
84,bookshelf,0,True
84,bookshelf,1,True
84,bookshelf,2,True
84,bookshelf,3,True
84,bookshelf,4,False
84,otherfurniture,5,False
84,otherfurniture,6,False
84,otherfurniture,7,False
84,otherfurniture,8,False
84,otherfurniture,9,False
84,otherfurniture,10,False
84,otherfurniture,11,False
84,table,12,True
84,table,13,False
85,door,0,False
85,door,1,True
85,door,2,True
85,door,3,True
85,door,4,True
85,door,5,True
85,otherfurniture,6,True
85,otherfurniture,7,False
85,toilet,8,True
85,toilet,9,True
85,sink,10,True
85,sink,11,True
85,window,12,False
86,sofa,0,True
86,sofa,1,True
86,table,2,True
87,otherfurniture,0,True
87,sink,1,True
87,toilet,2,True
87,door,3,False
88,otherfurniture,0,True
88,sofa,1,True
88,table,2,True
88,table,3,True
88,cabinet,4,True
88,cabinet,5,True
88,cabinet,6,True
88,cabinet,7,False
88,chair,8,True
88,chair,9,True
88,chair,10,True
88,chair,11,True
88,refrigerator,12,True
88,sink,13,True
88,counter,14,True
89,bookshelf,0,True
89,bookshelf,1,True
89,otherfurniture,2,True
89,otherfurniture,3,True
89,sofa,4,True
89,cabinet,5,False
89,cabinet,6,True
89,cabinet,7,False
89,cabinet,8,True
89,cabinet,9,False
89,chair,10,True
89,chair,11,True
89,door,12,True
89,window,13,True
89,desk,14,False
89,desk,15,True
90,chair,0,True
90,chair,1,True
90,chair,2,True
90,chair,3,True
90,chair,4,True
90,chair,5,True
90,chair,6,True
90,chair,7,True
90,chair,8,True
90,chair,9,True
90,chair,10,True
90,chair,11,True
90,chair,12,True
90,chair,13,True
90,chair,14,True
90,chair,15,True
90,chair,16,True
90,chair,17,True
90,table,18,True
90,table,19,True
90,window,20,False
90,window,21,True
90,door,22,True
90,otherfurniture,23,True
91,otherfurniture,0,True
91,toilet,1,True
91,sink,2,True
91,door,3,False
92,chair,0,True
92,chair,1,False
92,chair,2,True
92,chair,3,False
92,table,4,True
92,cabinet,5,True
92,cabinet,6,True
92,refrigerator,7,True
92,sink,8,False
92,sink,9,True
92,counter,10,True
93,sofa,0,True
93,chair,1,True
93,chair,2,True
93,chair,3,False
93,chair,4,True
93,chair,5,True
93,chair,6,True
93,chair,7,True
93,chair,8,True
93,chair,9,True
93,chair,10,True
93,table,11,True
93,door,12,False
93,bed,13,False
93,cabinet,14,True
93,cabinet,15,False
93,cabinet,16,True
93,cabinet,17,True
93,curtain,18,True
93,curtain,19,True
93,otherfurniture,20,False
94,bookshelf,0,False
94,bookshelf,1,True
94,table,2,True
94,table,3,True
94,sofa,4,True
94,sofa,5,True
94,chair,6,True
94,chair,7,True
94,door,8,True
95,chair,0,True
95,chair,1,True
95,chair,2,True
95,chair,3,True
95,chair,4,True
95,chair,5,True
95,chair,6,False
95,chair,7,True
95,chair,8,False
95,chair,9,True
95,chair,10,False
95,chair,11,False
95,chair,12,False
95,chair,13,True
95,chair,14,True
95,chair,15,True
95,chair,16,True
95,chair,17,True
95,chair,18,True
95,chair,19,False
95,chair,20,True
95,chair,21,False
95,chair,22,True
95,chair,23,True
95,chair,24,True
95,chair,25,True
95,chair,26,False
95,chair,27,True
95,chair,28,True
95,chair,29,True
95,chair,30,True
95,chair,31,True
95,chair,32,True
95,chair,33,True
95,chair,34,True
95,chair,35,False
95,chair,36,True
95,chair,37,True
95,chair,38,True
95,table,39,True
95,table,40,True
95,window,41,True
95,window,42,True
95,window,43,False
95,window,44,True
95,window,45,True
95,door,46,False
96,otherfurniture,0,True
96,table,1,True
96,door,2,True
96,door,3,False
96,window,4,True
96,window,5,True
96,chair,6,True
96,chair,7,True
96,chair,8,True
96,chair,9,True
96,chair,10,True
96,chair,11,True
96,chair,12,True
96,chair,13,True
96,chair,14,True
97,chair,0,True
97,chair,1,True
97,chair,2,True
97,chair,3,True
97,chair,4,True
97,chair,5,True
97,chair,6,True
97,chair,7,True
97,chair,8,True
97,chair,9,True
97,chair,10,True
97,chair,11,True
97,chair,12,True
97,chair,13,True
97,chair,14,True
97,chair,15,True
97,chair,16,True
97,table,17,True
98,cabinet,0,True
98,bathtub,1,True
98,door,2,True
98,door,3,False
98,sink,4,False
98,window,5,False
98,toilet,6,True
98,otherfurniture,7,False
98,picture,8,False
99,bed,0,True
99,bed,1,True
99,door,2,False
99,door,3,True
99,door,4,True
99,door,5,True
99,chair,6,True
99,chair,7,True
99,desk,8,True
99,desk,9,True
99,otherfurniture,10,True
99,otherfurniture,11,True
99,otherfurniture,12,False
99,otherfurniture,13,True
99,refrigerator,14,True
99,refrigerator,15,True
99,window,16,False
99,window,17,True
100,chair,0,True
100,chair,1,True
100,chair,2,True
100,chair,3,True
100,chair,4,True
100,chair,5,True
100,chair,6,True
100,chair,7,True
100,chair,8,True
100,chair,9,False
100,chair,10,True
100,chair,11,True
100,chair,12,True
100,chair,13,True
100,chair,14,True
100,chair,15,False
100,chair,16,True
100,chair,17,True
100,chair,18,True
100,chair,19,True
100,chair,20,True
100,chair,21,True
100,chair,22,True
100,chair,23,True
100,chair,24,True
100,picture,25,True
100,table,26,True
100,cabinet,27,True
100,cabinet,28,True
100,door,29,True
100,window,30,False
100,window,31,False
100,otherfurniture,32,True
101,otherfurniture,0,True
101,otherfurniture,1,True
101,otherfurniture,2,False
101,otherfurniture,3,True
101,otherfurniture,4,True
101,otherfurniture,5,False
101,otherfurniture,6,True
101,counter,7,False
101,sink,8,False
101,window,9,True
101,window,10,False
101,window,11,False
101,picture,12,False
101,picture,13,False
101,door,14,False
101,door,15,True
102,window,0,True
102,showercurtain,1,False
102,cabinet,2,True
102,door,3,True
102,door,4,True
102,picture,5,False
102,sink,6,True
102,otherfurniture,7,True
102,toilet,8,True
102,bathtub,9,False
103,chair,0,True
103,chair,1,True
103,chair,2,True
103,chair,3,True
103,chair,4,True
103,chair,5,True
103,chair,6,True
103,chair,7,True
103,chair,8,True
103,chair,9,True
103,otherfurniture,10,True
103,table,11,False
103,door,12,True
103,window,13,False
104,chair,0,True
104,chair,1,True
104,bed,2,True
104,bed,3,True
104,desk,4,True
104,desk,5,True
104,door,6,True
104,door,7,False
104,door,8,True
104,refrigerator,9,True
104,refrigerator,10,True
104,otherfurniture,11,False
104,otherfurniture,12,True
104,otherfurniture,13,True
104,otherfurniture,14,False
104,window,15,False
104,window,16,False
105,chair,0,True
105,chair,1,True
105,chair,2,True
105,chair,3,True
105,chair,4,False
105,chair,5,True
105,chair,6,True
105,chair,7,True
105,chair,8,True
105,chair,9,True
105,chair,10,True
105,chair,11,True
105,chair,12,False
105,chair,13,True
105,chair,14,True
105,chair,15,True
105,chair,16,True
105,chair,17,True
105,chair,18,True
105,chair,19,True
105,chair,20,True
105,chair,21,True
105,chair,22,True
105,chair,23,True
105,chair,24,True
105,chair,25,True
105,table,26,True
105,table,27,True
105,table,28,False
105,table,29,True
105,table,30,True
105,table,31,True
105,table,32,True
105,table,33,True
106,otherfurniture,0,True
106,chair,1,True
106,chair,2,True
106,chair,3,True
106,chair,4,True
106,chair,5,True
106,chair,6,True
106,chair,7,True
106,chair,8,True
106,window,9,True
106,window,10,True
106,table,11,True
106,door,12,True
107,chair,0,True
107,chair,1,True
107,desk,2,True
107,otherfurniture,3,True
107,otherfurniture,4,True
107,otherfurniture,5,True
107,otherfurniture,6,False
107,sofa,7,True
107,refrigerator,8,False
107,door,9,False
107,door,10,True
107,door,11,True
107,door,12,True
107,door,13,True
107,door,14,True
107,table,15,True
108,otherfurniture,0,True
108,chair,1,True
108,table,2,True
108,table,3,True
108,table,4,False
108,sofa,5,True
108,sofa,6,False
108,picture,7,True
108,picture,8,False
108,door,9,False
108,door,10,False
109,chair,0,True
109,chair,1,True
109,table,2,True
109,table,3,True
109,table,4,False
110,chair,0,True
110,chair,1,True
110,chair,2,True
110,chair,3,True
110,chair,4,True
110,chair,5,True
110,chair,6,True
110,chair,7,True
110,chair,8,True
110,chair,9,True
110,chair,10,True
110,chair,11,False
110,table,12,True
110,table,13,True
110,table,14,True
110,table,15,True
110,table,16,False
110,otherfurniture,17,False
111,chair,0,True
111,chair,1,True
111,chair,2,True
111,chair,3,False
111,chair,4,True
111,chair,5,True
111,chair,6,True
111,table,7,True
111,table,8,True
111,table,9,True
111,otherfurniture,10,True
112,sofa,0,True
112,window,1,True
112,chair,2,True
112,chair,3,True
112,cabinet,4,False
112,cabinet,5,False
112,cabinet,6,True
112,cabinet,7,True
112,cabinet,8,True
112,door,9,True
112,desk,10,True
112,desk,11,True
112,otherfurniture,12,True
112,otherfurniture,13,True
113,chair,0,True
113,chair,1,True
113,chair,2,True
113,chair,3,True
113,chair,4,True
113,cabinet,5,False
113,table,6,True
113,otherfurniture,7,False
114,door,0,True
114,door,1,True
114,door,2,True
114,door,3,True
114,door,4,True
114,door,5,True
114,toilet,6,True
114,toilet,7,True
114,sink,8,True
114,sink,9,True
114,otherfurniture,10,True
114,window,11,True
115,chair,0,True
115,chair,1,True
115,chair,2,True
115,chair,3,True
115,chair,4,True
115,chair,5,True
115,chair,6,True
115,table,7,False
115,table,8,True
115,table,9,True
115,table,10,False
115,otherfurniture,11,True
116,chair,0,True
116,chair,1,True
116,chair,2,True
116,chair,3,True
116,chair,4,True
116,chair,5,False
116,chair,6,True
116,chair,7,False
116,chair,8,False
116,chair,9,True
116,chair,10,False
116,chair,11,True
116,chair,12,False
116,chair,13,False
116,chair,14,True
116,desk,15,True
116,desk,16,False
116,desk,17,True
116,table,18,True
116,table,19,True
116,table,20,True
116,table,21,True
116,door,22,True
116,door,23,True
117,bookshelf,0,True
117,bookshelf,1,True
117,bookshelf,2,True
117,desk,3,True
117,desk,4,True
117,chair,5,True
117,chair,6,True
117,chair,7,True
117,chair,8,False
117,chair,9,False
117,window,10,True
117,picture,11,False
117,picture,12,True
117,otherfurniture,13,True
118,chair,0,True
118,chair,1,True
118,chair,2,True
118,chair,3,True
118,table,4,True
119,chair,0,True
119,chair,1,True
119,chair,2,True
119,chair,3,True
119,chair,4,True
119,chair,5,True
119,sofa,6,True
119,table,7,True
119,table,8,True
119,table,9,True
119,cabinet,10,True
119,bookshelf,11,True
120,chair,0,True
120,chair,1,True
120,chair,2,True
120,chair,3,True
120,table,4,True
120,table,5,True
120,table,6,True
120,table,7,True
120,table,8,True
120,table,9,True
120,otherfurniture,10,True
120,otherfurniture,11,True
121,cabinet,0,False
121,cabinet,1,True
121,cabinet,2,True
121,cabinet,3,True
121,cabinet,4,False
121,counter,5,True
121,counter,6,False
121,otherfurniture,7,True
121,otherfurniture,8,True
121,otherfurniture,9,True
121,refrigerator,10,True
121,refrigerator,11,True
121,refrigerator,12,True
121,door,13,True
121,door,14,True
121,chair,15,True
121,chair,16,True
121,chair,17,True
121,sink,18,True
121,picture,19,False
121,picture,20,False
121,picture,21,False
121,picture,22,False
121,picture,23,False
121,picture,24,False
121,picture,25,False
121,picture,26,False
121,picture,27,False
121,window,28,True
121,table,29,True
122,bathtub,0,True
122,cabinet,1,True
122,sink,2,False
122,toilet,3,True
122,door,4,True
122,door,5,False
122,door,6,True
122,window,7,False
122,otherfurniture,8,False
123,table,0,True
123,chair,1,True
123,chair,2,True
123,chair,3,True
123,chair,4,True
124,sink,0,False
124,cabinet,1,True
124,toilet,2,True
124,bathtub,3,True
124,otherfurniture,4,False
124,door,5,True
124,door,6,False
124,window,7,False
125,chair,0,True
125,chair,1,True
125,chair,2,True
125,chair,3,True
125,sofa,4,True
125,window,5,True
125,window,6,False
125,bookshelf,7,True
125,desk,8,True
125,door,9,True
125,otherfurniture,10,True
126,bookshelf,0,True
126,bookshelf,1,False
126,table,2,True
126,table,3,True
126,chair,4,True
126,chair,5,True
126,chair,6,True
126,window,7,False
126,picture,8,False
126,picture,9,False
126,otherfurniture,10,True
127,chair,0,True
127,chair,1,True
127,chair,2,True
127,chair,3,True
127,chair,4,True
127,chair,5,True
127,chair,6,True
127,table,7,True
128,toilet,0,True
128,cabinet,1,True
128,sink,2,False
128,door,3,True
128,door,4,True
128,bathtub,5,True
128,showercurtain,6,True
128,picture,7,True
128,otherfurniture,8,True
129,table,0,True
129,chair,1,True
129,chair,2,True
129,chair,3,True
129,chair,4,True
129,chair,5,True
129,chair,6,True
129,chair,7,True
129,chair,8,True
129,chair,9,True
129,chair,10,True
129,chair,11,True
129,chair,12,True
129,chair,13,True
129,chair,14,True
129,chair,15,True
129,chair,16,True
129,chair,17,True
129,chair,18,True
129,chair,19,True
129,chair,20,True
129,chair,21,True
129,chair,22,True
129,door,23,True
129,window,24,False
130,sink,0,False
130,cabinet,1,True
130,door,2,False
130,counter,3,False
130,toilet,4,True
130,otherfurniture,5,False
130,bathtub,6,True
131,chair,0,True
131,chair,1,True
131,chair,2,True
131,chair,3,True
131,table,4,True
131,window,5,False
131,door,6,True
131,otherfurniture,7,True
132,refrigerator,0,False
132,refrigerator,1,False
132,chair,2,True
132,chair,3,True
132,chair,4,True
132,chair,5,True
132,chair,6,True
132,chair,7,True
132,chair,8,True
132,chair,9,True
132,chair,10,True
132,chair,11,True
132,counter,12,True
132,window,13,True
132,table,14,True
132,otherfurniture,15,False
132,otherfurniture,16,True
132,otherfurniture,17,False
132,cabinet,18,True
132,cabinet,19,False
132,cabinet,20,False
132,sink,21,False
132,door,22,True
133,chair,0,True
133,chair,1,True
133,chair,2,True
133,chair,3,True
133,chair,4,True
133,chair,5,True
133,chair,6,True
133,chair,7,True
133,chair,8,True
133,chair,9,True
133,chair,10,True
133,chair,11,True
133,chair,12,True
133,chair,13,True
133,table,14,True
134,chair,0,True
134,chair,1,True
134,chair,2,True
134,chair,3,True
134,chair,4,True
134,chair,5,False
134,cabinet,6,True
134,table,7,True
134,door,8,True
134,picture,9,False
134,otherfurniture,10,False
134,counter,11,True
134,window,12,True
135,chair,0,True
135,chair,1,True
135,chair,2,True
135,chair,3,True
135,chair,4,True
135,chair,5,True
135,chair,6,True
135,chair,7,True
135,chair,8,True
135,chair,9,True
135,chair,10,True
135,chair,11,True
135,chair,12,True
135,chair,13,True
135,chair,14,True
135,table,15,True
136,toilet,0,True
136,sink,1,True
136,otherfurniture,2,True
136,door,3,False
137,counter,0,True
137,refrigerator,1,False
137,cabinet,2,True
137,cabinet,3,False
137,table,4,True
137,chair,5,True
137,chair,6,True
137,chair,7,True
137,chair,8,True
137,chair,9,True
137,chair,10,True
137,sink,11,False
137,sink,12,True
138,bed,0,True
138,door,1,True
138,door,2,True
138,door,3,True
138,door,4,True
138,table,5,True
138,desk,6,True
138,chair,7,False
138,cabinet,8,True
138,cabinet,9,True
138,picture,10,False
138,picture,11,False
138,picture,12,False
138,picture,13,False
139,otherfurniture,0,True
139,otherfurniture,1,True
139,desk,2,True
139,bed,3,True
139,bed,4,True
139,curtain,5,True
139,curtain,6,False
139,chair,7,True
139,chair,8,True
139,refrigerator,9,False
139,door,10,True
139,picture,11,False
140,otherfurniture,0,False
140,otherfurniture,1,False
140,otherfurniture,2,False
140,otherfurniture,3,True
140,otherfurniture,4,True
140,otherfurniture,5,True
140,otherfurniture,6,False
140,otherfurniture,7,False
140,otherfurniture,8,True
140,door,9,False
140,door,10,False
140,door,11,False
140,door,12,False
140,window,13,True
140,window,14,True
140,window,15,True
140,window,16,True
140,picture,17,False
140,picture,18,False
141,desk,0,True
141,bed,1,True
141,chair,2,True
141,chair,3,True
141,chair,4,True
141,door,5,True
141,door,6,False
141,curtain,7,False
141,curtain,8,False
141,window,9,True
142,door,0,True
142,door,1,True
142,toilet,2,True
142,toilet,3,True
142,otherfurniture,4,True
142,sink,5,True
143,chair,0,True
143,chair,1,True
143,chair,2,True
143,chair,3,True
143,chair,4,True
143,chair,5,True
143,chair,6,True
143,chair,7,True
143,chair,8,True
143,table,9,True
143,table,10,True
144,sofa,0,True
144,sofa,1,True
144,sofa,2,True
144,otherfurniture,3,True
144,otherfurniture,4,True
144,table,5,True
144,table,6,True
144,table,7,True
145,table,0,True
145,chair,1,True
145,chair,2,True
145,chair,3,True
145,bookshelf,4,False
145,bookshelf,5,True
145,bookshelf,6,True
145,window,7,False
145,window,8,False
145,window,9,False
145,window,10,False
145,window,11,True
145,window,12,False
145,window,13,False
145,window,14,False
145,window,15,False
146,counter,0,True
146,cabinet,1,False
146,cabinet,2,True
146,cabinet,3,True
146,door,4,True
146,picture,5,True
146,refrigerator,6,True
147,sofa,0,True
147,otherfurniture,1,True
147,otherfurniture,2,True
147,curtain,3,True
147,bed,4,True
147,bed,5,True
147,chair,6,True
147,chair,7,True
147,chair,8,True
147,door,9,False
147,door,10,True
147,bookshelf,11,True
147,refrigerator,12,True
147,window,13,False
148,table,0,True
148,table,1,True
148,table,2,True
148,table,3,True
148,table,4,True
148,table,5,True
148,table,6,True
148,chair,7,True
148,chair,8,True
148,chair,9,True
148,chair,10,True
148,picture,11,False
148,picture,12,False
148,picture,13,False
148,sofa,14,True
148,sofa,15,True
149,window,0,True
149,otherfurniture,1,True
149,chair,2,True
150,bookshelf,0,True
150,otherfurniture,1,True
150,otherfurniture,2,True
150,otherfurniture,3,False
150,otherfurniture,4,True
150,picture,5,False
150,picture,6,False
150,picture,7,False
150,picture,8,False
150,picture,9,False
150,picture,10,False
150,picture,11,False
150,picture,12,False
150,picture,13,False
150,picture,14,False
150,picture,15,False
150,picture,16,False
150,picture,17,False
150,sofa,18,True
150,sofa,19,True
150,table,20,True
150,table,21,True
150,table,22,False
150,table,23,True
150,door,24,True
150,door,25,True
150,door,26,True
150,door,27,False
150,door,28,True
150,door,29,False
150,door,30,True
150,door,31,True
150,door,32,False
150,desk,33,True
150,chair,34,False
150,chair,35,True
150,chair,36,True
150,chair,37,True
150,cabinet,38,False
150,cabinet,39,False
151,sofa,0,True
151,chair,1,True
151,chair,2,True
151,chair,3,True
151,bed,4,True
151,bed,5,True
151,otherfurniture,6,True
151,otherfurniture,7,True
151,otherfurniture,8,True
151,otherfurniture,9,False
151,otherfurniture,10,False
151,cabinet,11,True
151,cabinet,12,True
151,bathtub,13,True
151,desk,14,True
151,toilet,15,False
151,curtain,16,True
151,table,17,True
151,table,18,False
151,table,19,True
151,door,20,True
151,door,21,False
151,door,22,True
151,door,23,True
151,picture,24,True
151,window,25,True
151,sink,26,False
151,showercurtain,27,False
152,showercurtain,0,True
152,toilet,1,True
152,counter,2,True
152,bathtub,3,True
152,sink,4,True
152,otherfurniture,5,True
152,picture,6,True
152,door,7,True
152,door,8,True
153,sofa,0,True
153,door,1,True
153,door,2,True
153,bookshelf,3,False
153,desk,4,True
153,otherfurniture,5,True
153,chair,6,True
153,chair,7,True
153,chair,8,True
153,chair,9,True
153,picture,10,True
153,picture,11,False
153,window,12,True
153,window,13,True
153,cabinet,14,False
153,cabinet,15,False
154,chair,0,True
154,chair,1,True
154,chair,2,True
154,chair,3,False
154,chair,4,True
154,chair,5,True
154,chair,6,True
154,chair,7,True
154,chair,8,True
154,chair,9,True
154,chair,10,True
154,chair,11,True
154,chair,12,True
154,chair,13,True
154,chair,14,True
154,chair,15,True
154,chair,16,True
154,chair,17,True
154,chair,18,True
154,chair,19,True
154,chair,20,True
154,chair,21,True
154,window,22,False
154,window,23,False
154,table,24,True
154,table,25,True
154,table,26,True
154,table,27,True
154,table,28,True
154,table,29,True
154,table,30,True
155,otherfurniture,0,False
155,otherfurniture,1,True
155,otherfurniture,2,False
155,window,3,True
155,chair,4,True
155,chair,5,True
155,chair,6,True
155,chair,7,True
155,desk,8,True
155,bookshelf,9,True
155,door,10,True
155,cabinet,11,True
155,cabinet,12,False
156,otherfurniture,0,True
156,otherfurniture,1,True
156,otherfurniture,2,True
156,otherfurniture,3,True
156,otherfurniture,4,True
156,cabinet,5,True
156,cabinet,6,False
156,cabinet,7,False
156,cabinet,8,True
156,counter,9,True
156,table,10,True
157,otherfurniture,0,True
157,otherfurniture,1,True
157,door,2,False
157,table,3,True
157,table,4,True
157,picture,5,False
158,table,0,True
158,table,1,True
158,table,2,True
158,table,3,True
158,table,4,True
158,table,5,True
158,table,6,True
158,chair,7,True
158,chair,8,True
158,chair,9,True
158,chair,10,True
158,chair,11,True
158,chair,12,True
158,chair,13,True
158,chair,14,True
158,chair,15,True
158,chair,16,True
158,chair,17,True
158,chair,18,True
158,chair,19,True
158,chair,20,True
158,chair,21,True
158,chair,22,True
158,chair,23,True
158,chair,24,True
158,chair,25,True
158,chair,26,True
158,chair,27,True
158,chair,28,True
158,chair,29,True
158,chair,30,True
158,chair,31,True
158,chair,32,True
158,chair,33,False
159,desk,0,True
159,table,1,True
159,door,2,False
159,door,3,False
159,door,4,False
159,picture,5,False
159,picture,6,False
159,picture,7,False
159,picture,8,False
159,otherfurniture,9,True
159,otherfurniture,10,False
159,window,11,True
159,window,12,False
159,window,13,False
159,chair,14,True
159,chair,15,True
159,chair,16,False
159,chair,17,True
159,chair,18,True
159,chair,19,True
159,cabinet,20,False
159,cabinet,21,False
159,cabinet,22,True
159,cabinet,23,False
159,cabinet,24,False
159,cabinet,25,False
159,cabinet,26,True
159,cabinet,27,True
159,cabinet,28,False
159,cabinet,29,False
159,cabinet,30,False
159,cabinet,31,False
159,cabinet,32,True
159,cabinet,33,True
159,cabinet,34,True
159,counter,35,False
159,sink,36,False
159,sink,37,False
159,sofa,38,True
159,refrigerator,39,True
160,sofa,0,True
160,otherfurniture,1,True
160,otherfurniture,2,True
160,otherfurniture,3,True
160,door,4,True
160,door,5,True
160,door,6,True
160,door,7,True
160,door,8,True
160,door,9,True
160,chair,10,True
160,chair,11,True
160,desk,12,True
161,table,0,True
161,table,1,True
161,curtain,2,True
161,sofa,3,True
161,bookshelf,4,True
161,picture,5,False
161,chair,6,True
161,chair,7,True
161,chair,8,True
161,chair,9,True
161,otherfurniture,10,False
161,otherfurniture,11,True
162,otherfurniture,0,True
162,cabinet,1,True
162,window,2,False
162,window,3,True
162,window,4,True
162,chair,5,True
162,chair,6,True
162,chair,7,True
162,chair,8,True
162,chair,9,True
162,chair,10,True
162,chair,11,True
162,chair,12,True
162,chair,13,True
162,chair,14,True
162,chair,15,True
162,chair,16,True
162,chair,17,True
162,chair,18,False
162,chair,19,False
162,chair,20,True
162,chair,21,True
162,chair,22,True
162,chair,23,False
162,chair,24,True
162,chair,25,True
162,chair,26,True
162,chair,27,True
162,chair,28,True
162,table,29,False
162,door,30,True
163,door,0,True
163,chair,1,True
163,chair,2,True
163,chair,3,True
163,chair,4,True
163,chair,5,True
163,chair,6,True
163,picture,7,False
163,window,8,True
163,cabinet,9,False
163,cabinet,10,False
163,counter,11,True
163,table,12,False
163,table,13,True
163,refrigerator,14,True
164,chair,0,True
164,bed,1,True
164,door,2,True
164,desk,3,True
164,curtain,4,False
164,window,5,True
165,refrigerator,0,True
165,door,1,False
165,door,2,True
165,window,3,False
165,chair,4,True
165,chair,5,True
165,chair,6,True
165,otherfurniture,7,True
165,otherfurniture,8,True
165,bed,9,True
165,bed,10,True
165,bookshelf,11,True
165,sofa,12,True
165,curtain,13,True
166,bed,0,True
166,sofa,1,True
166,otherfurniture,2,True
166,cabinet,3,False
166,picture,4,False
166,picture,5,False
166,curtain,6,False
166,window,7,True
167,bed,0,True
167,bookshelf,1,True
167,curtain,2,False
167,cabinet,3,True
167,chair,4,True
167,window,5,True
167,table,6,True
167,otherfurniture,7,False
167,door,8,False
167,door,9,False
168,table,0,True
168,window,1,False
168,window,2,False
168,bookshelf,3,True
168,door,4,True
168,door,5,False
168,chair,6,True
168,picture,7,False
168,picture,8,False
168,otherfurniture,9,True
168,curtain,10,False
168,sofa,11,True
168,sofa,12,True
168,sofa,13,True
169,door,0,True
169,door,1,True
169,door,2,True
169,door,3,False
169,table,4,True
169,toilet,5,True
169,cabinet,6,True
169,bed,7,True
169,otherfurniture,8,True
169,chair,9,True
169,window,10,True
169,window,11,False
169,picture,12,False
170,otherfurniture,0,True
170,sink,1,True
170,toilet,2,True
170,door,3,False
171,chair,0,True
171,chair,1,True
171,chair,2,True
171,chair,3,True
171,chair,4,True
171,chair,5,True
171,chair,6,True
171,table,7,False
171,table,8,False
171,table,9,True
171,refrigerator,10,True
171,cabinet,11,True
171,cabinet,12,True
171,cabinet,13,True
171,otherfurniture,14,True
171,otherfurniture,15,True
171,counter,16,True
171,sink,17,False
171,window,18,False
172,chair,0,True
172,chair,1,True
172,chair,2,False
172,chair,3,False
172,chair,4,True
172,chair,5,True
172,chair,6,False
172,chair,7,True
172,chair,8,True
172,chair,9,True
172,chair,10,True
172,chair,11,False
172,chair,12,True
172,chair,13,True
172,chair,14,False
172,chair,15,True
172,chair,16,True
172,chair,17,False
172,chair,18,True
172,door,19,False
172,door,20,False
172,table,21,True
172,sink,22,False
173,table,0,True
173,table,1,True
173,table,2,True
173,otherfurniture,3,False
173,otherfurniture,4,True
173,otherfurniture,5,True
173,otherfurniture,6,True
173,otherfurniture,7,False
173,door,8,False
173,picture,9,True
173,picture,10,False
173,picture,11,False
173,picture,12,False
173,picture,13,False
173,picture,14,False
173,picture,15,False
173,picture,16,False
173,picture,17,False
173,picture,18,False
173,picture,19,False
173,picture,20,False
173,curtain,21,True
173,window,22,True
173,sofa,23,True
173,chair,24,True
173,chair,25,True
173,chair,26,True
174,otherfurniture,0,True
174,otherfurniture,1,True
174,otherfurniture,2,False
174,otherfurniture,3,False
174,door,4,False
174,door,5,True
174,door,6,False
174,door,7,False
174,door,8,False
174,door,9,False
174,chair,10,True
174,cabinet,11,True
174,refrigerator,12,True
174,sink,13,True
174,sink,14,False
174,window,15,True
174,window,16,False
174,window,17,True
174,table,18,True
174,table,19,False
175,door,0,False
175,door,1,False
175,door,2,False
175,door,3,False
175,table,4,True
175,curtain,5,True
175,cabinet,6,False
175,cabinet,7,True
175,window,8,False
176,cabinet,0,True
176,cabinet,1,False
176,showercurtain,2,True
176,door,3,True
176,toilet,4,True
176,bathtub,5,True
176,sink,6,True
177,bed,0,True
177,otherfurniture,1,True
177,otherfurniture,2,True
177,otherfurniture,3,False
177,window,4,True
177,desk,5,True
177,cabinet,6,False
177,chair,7,True
177,door,8,False
178,chair,0,True
178,chair,1,True
178,chair,2,True
178,chair,3,True
178,chair,4,True
178,table,5,True
179,chair,0,True
179,chair,1,True
179,chair,2,True
179,chair,3,True
179,chair,4,True
179,chair,5,True
179,chair,6,True
179,chair,7,True
179,chair,8,True
179,chair,9,True
179,chair,10,True
179,chair,11,True
179,chair,12,True
179,chair,13,True
179,chair,14,True
179,chair,15,True
179,chair,16,True
179,bookshelf,17,True
179,bookshelf,18,True
179,bookshelf,19,False
179,bookshelf,20,True
179,bookshelf,21,False
179,window,22,False
179,window,23,False
179,window,24,False
179,table,25,True
179,table,26,False
179,table,27,True
179,table,28,True
179,table,29,False
179,door,30,True
179,door,31,True
179,otherfurniture,32,True
180,counter,0,True
180,cabinet,1,True
180,cabinet,2,True
180,cabinet,3,True
180,cabinet,4,True
180,cabinet,5,False
180,cabinet,6,False
180,cabinet,7,False
180,cabinet,8,False
180,cabinet,9,False
180,cabinet,10,False
180,door,11,False
180,refrigerator,12,True
180,picture,13,False
181,door,0,True
181,door,1,False
181,door,2,True
181,toilet,3,True
181,window,4,True
181,otherfurniture,5,True
181,otherfurniture,6,True
181,cabinet,7,True
181,sink,8,False
181,sink,9,True
181,showercurtain,10,True
182,curtain,0,True
182,showercurtain,1,True
182,table,2,True
182,toilet,3,True
182,otherfurniture,4,True
182,otherfurniture,5,True
182,otherfurniture,6,False
182,bed,7,True
182,chair,8,True
182,bathtub,9,True
182,sink,10,True
182,door,11,True
182,door,12,True
182,door,13,False
183,sofa,0,True
183,window,1,True
183,window,2,False
183,bookshelf,3,True
183,desk,4,True
183,desk,5,True
183,otherfurniture,6,True
183,otherfurniture,7,False
183,door,8,True
183,chair,9,True
183,chair,10,True
183,chair,11,True
183,chair,12,True
184,window,0,True
184,chair,1,True
184,chair,2,True
184,bed,3,True
184,bed,4,True
184,desk,5,True
184,desk,6,True
184,otherfurniture,7,True
184,otherfurniture,8,False
184,door,9,False
184,picture,10,False
184,picture,11,False
184,picture,12,False
185,chair,0,True
185,chair,1,True
185,chair,2,True
185,chair,3,True
185,chair,4,True
185,chair,5,True
185,chair,6,True
185,chair,7,True
185,chair,8,True
185,chair,9,True
185,chair,10,True
185,chair,11,True
185,chair,12,True
185,chair,13,True
185,chair,14,True
185,chair,15,False
185,table,16,True
185,otherfurniture,17,True
185,otherfurniture,18,True
185,door,19,True
185,window,20,True
185,window,21,False
185,window,22,True
185,window,23,False
186,otherfurniture,0,True
186,otherfurniture,1,False
186,otherfurniture,2,False
186,door,3,True
186,door,4,True
186,cabinet,5,False
186,showercurtain,6,True
186,toilet,7,True
186,bathtub,8,True
187,table,0,False
187,table,1,False
187,table,2,False
187,table,3,False
187,table,4,False
187,chair,5,True
187,chair,6,True
187,chair,7,True
187,chair,8,True
187,chair,9,True
187,chair,10,True
187,chair,11,True
187,chair,12,True
187,chair,13,True
187,chair,14,True
187,chair,15,True
187,chair,16,True
187,chair,17,True
187,chair,18,True
187,chair,19,True
187,chair,20,True
187,chair,21,True
187,chair,22,True
187,chair,23,True
187,chair,24,True
187,chair,25,True
187,chair,26,True
187,chair,27,True
187,chair,28,True
187,chair,29,True
187,chair,30,True
187,chair,31,True
187,door,32,False
188,door,0,True
188,door,1,True
188,sofa,2,True
188,cabinet,3,True
188,cabinet,4,True
188,cabinet,5,True
188,cabinet,6,False
188,otherfurniture,7,True
188,otherfurniture,8,False
188,window,9,True
188,window,10,False
188,table,11,False
189,chair,0,True
189,chair,1,True
189,chair,2,True
189,chair,3,True
189,table,4,True
190,table,0,True
190,curtain,1,True
190,curtain,2,True
190,chair,3,True
190,otherfurniture,4,False
190,otherfurniture,5,False
191,toilet,0,True
191,sink,1,True
191,otherfurniture,2,True
191,door,3,False
192,table,0,True
192,table,1,True
192,table,2,True
192,table,3,True
192,table,4,True
192,door,5,True
192,chair,6,True
192,chair,7,True
192,chair,8,True
192,chair,9,True
192,chair,10,True
192,chair,11,True
192,chair,12,True
192,chair,13,True
192,chair,14,True
192,chair,15,True
192,chair,16,True
192,chair,17,True
192,chair,18,True
192,chair,19,True
192,chair,20,True
192,chair,21,True
192,chair,22,True
192,chair,23,True
192,chair,24,True
192,chair,25,True
192,chair,26,True
192,chair,27,True
192,chair,28,True
192,otherfurniture,29,True
193,cabinet,0,True
193,cabinet,1,True
193,cabinet,2,True
193,cabinet,3,True
193,window,4,True
193,window,5,True
193,otherfurniture,6,True
193,otherfurniture,7,True
193,table,8,True
193,sofa,9,True
193,door,10,True
193,door,11,True
194,chair,0,True
194,chair,1,True
194,cabinet,2,True
194,cabinet,3,True
194,otherfurniture,4,True
194,otherfurniture,5,False
195,table,0,True
195,table,1,False
195,sofa,2,True
195,sofa,3,True
195,otherfurniture,4,True
195,otherfurniture,5,True
195,otherfurniture,6,True
196,toilet,0,True
196,toilet,1,True
196,otherfurniture,2,True
196,sink,3,True
196,door,4,False
196,door,5,True
197,window,0,True
197,showercurtain,1,False
197,toilet,2,True
197,door,3,True
197,door,4,True
197,sink,5,True
197,sink,6,False
197,bathtub,7,True
197,picture,8,True
197,otherfurniture,9,False
198,chair,0,True
198,otherfurniture,1,True
198,otherfurniture,2,True
198,otherfurniture,3,True
198,picture,4,False
198,picture,5,False
198,picture,6,False
198,picture,7,False
198,picture,8,False
198,picture,9,False
198,picture,10,False
198,curtain,11,True
198,curtain,12,True
198,window,13,False
198,table,14,True
199,chair,0,True
199,chair,1,True
199,chair,2,True
199,chair,3,True
199,window,4,False
199,window,5,False
199,window,6,True
199,table,7,False
199,table,8,True
199,door,9,True
199,otherfurniture,10,True
200,cabinet,0,True
200,cabinet,1,False
200,cabinet,2,True
200,cabinet,3,True
200,otherfurniture,4,False
200,door,5,True
200,curtain,6,True
200,chair,7,True
200,chair,8,True
200,chair,9,True
200,chair,10,True
200,chair,11,False
200,chair,12,True
200,chair,13,True
200,chair,14,True
200,chair,15,False
200,table,16,True
200,bed,17,False
201,otherfurniture,0,True
201,otherfurniture,1,True
201,window,2,False
201,window,3,True
201,door,4,False
201,door,5,False
201,bed,6,True
201,bed,7,False
201,picture,8,True
202,door,0,True
202,door,1,True
202,chair,2,True
202,table,3,True
202,window,4,False
202,window,5,True
203,sofa,0,True
203,desk,1,True
203,bookshelf,2,True
203,chair,3,True
203,chair,4,True
203,chair,5,True
203,chair,6,True
203,door,7,True
203,window,8,False
203,window,9,True
203,otherfurniture,10,False
204,bed,0,True
204,chair,1,True
204,chair,2,True
204,curtain,3,False
204,bookshelf,4,True
204,otherfurniture,5,True
204,otherfurniture,6,True
204,otherfurniture,7,False
204,desk,8,True
205,cabinet,0,True
205,otherfurniture,1,True
205,otherfurniture,2,True
205,otherfurniture,3,False
205,toilet,4,True
205,window,5,True
205,sink,6,True
205,door,7,False
206,chair,0,True
206,chair,1,True
206,chair,2,True
206,chair,3,True
206,chair,4,True
206,chair,5,True
206,chair,6,True
206,chair,7,True
206,chair,8,True
206,chair,9,True
206,chair,10,True
206,chair,11,True
206,chair,12,True
206,chair,13,True
206,chair,14,False
206,chair,15,True
206,chair,16,True
206,chair,17,True
206,chair,18,True
206,chair,19,True
206,chair,20,True
206,chair,21,True
206,chair,22,True
206,chair,23,True
206,chair,24,True
206,chair,25,True
206,chair,26,True
206,chair,27,True
206,chair,28,True
206,chair,29,True
206,chair,30,True
206,chair,31,True
206,chair,32,True
206,table,33,False
206,table,34,True
206,table,35,True
206,otherfurniture,36,True
206,otherfurniture,37,True
206,otherfurniture,38,True
206,otherfurniture,39,True
206,otherfurniture,40,True
206,otherfurniture,41,True
206,window,42,True
206,window,43,True
207,chair,0,True
207,table,1,True
207,toilet,2,True
207,cabinet,3,False
207,cabinet,4,True
207,bed,5,True
207,curtain,6,True
207,otherfurniture,7,True
207,sink,8,True
207,showercurtain,9,True
207,picture,10,False
207,picture,11,False
208,otherfurniture,0,True
208,otherfurniture,1,False
208,bed,2,False
208,bed,3,True
208,picture,4,True
209,cabinet,0,True
209,window,1,False
209,door,2,True
209,door,3,False
209,door,4,False
209,toilet,5,True
209,sink,6,True
209,picture,7,False
209,bathtub,8,True
210,counter,0,True
210,door,1,True
210,refrigerator,2,True
210,cabinet,3,False
210,cabinet,4,True
210,cabinet,5,True
210,cabinet,6,False
210,picture,7,False
210,sink,8,True
211,chair,0,True
211,chair,1,True
211,chair,2,True
211,bookshelf,3,True
211,sofa,4,True
211,window,5,True
211,window,6,True
211,otherfurniture,7,False
211,cabinet,8,False
211,cabinet,9,True
211,door,10,False
211,door,11,True
211,desk,12,True
211,desk,13,True
212,chair,0,True
212,chair,1,True
212,table,2,True
212,table,3,True
212,window,4,True
213,chair,0,True
213,chair,1,True
213,chair,2,True
213,chair,3,True
213,window,4,True
213,otherfurniture,5,True
213,desk,6,True
213,cabinet,7,True
214,picture,0,False
214,chair,1,True
214,bathtub,2,True
214,bed,3,True
214,otherfurniture,4,False
214,otherfurniture,5,False
214,desk,6,True
214,table,7,True
214,door,8,True
214,door,9,True
214,door,10,True
214,toilet,11,False
214,sink,12,False
214,showercurtain,13,True
214,curtain,14,True
215,chair,0,False
215,chair,1,False
215,chair,2,True
215,chair,3,True
215,chair,4,False
215,chair,5,False
215,chair,6,False
215,chair,7,False
215,chair,8,False
215,chair,9,True
215,sofa,10,True
215,otherfurniture,11,True
215,door,12,True
215,door,13,True
216,table,0,True
216,door,1,True
216,door,2,True
216,door,3,False
216,door,4,True
216,window,5,True
216,window,6,True
216,window,7,True
216,window,8,True
216,picture,9,False
216,picture,10,False
216,otherfurniture,11,True
216,otherfurniture,12,False
216,otherfurniture,13,False
216,otherfurniture,14,False
216,otherfurniture,15,True
216,otherfurniture,16,True
216,otherfurniture,17,False
216,otherfurniture,18,True
216,sink,19,True
217,sofa,0,True
217,sofa,1,True
217,door,2,True
217,desk,3,True
217,desk,4,True
217,chair,5,True
217,chair,6,True
217,cabinet,7,True
217,cabinet,8,False
217,cabinet,9,True
217,cabinet,10,True
217,otherfurniture,11,True
217,otherfurniture,12,True
217,otherfurniture,13,False
217,window,14,False
217,window,15,True
218,otherfurniture,0,False
218,otherfurniture,1,True
218,desk,2,True
218,curtain,3,True
218,curtain,4,True
218,sink,5,True
218,cabinet,6,False
218,bed,7,True
218,bathtub,8,True
218,chair,9,True
218,toilet,10,True
218,door,11,True
218,door,12,True
218,door,13,True
219,cabinet,0,True
219,otherfurniture,1,False
219,otherfurniture,2,True
219,otherfurniture,3,True
219,window,4,True
219,toilet,5,True
219,door,6,False
220,otherfurniture,0,True
220,otherfurniture,1,True
220,otherfurniture,2,False
220,sink,3,False
220,door,4,False
220,door,5,False
220,door,6,True
220,cabinet,7,True
221,table,0,True
221,bookshelf,1,False
221,bookshelf,2,True
221,chair,3,True
221,chair,4,True
221,chair,5,True
221,window,6,False
221,window,7,False
221,window,8,False
221,window,9,False
221,window,10,False
221,window,11,False
221,window,12,False
222,door,0,False
222,door,1,True
222,door,2,True
222,door,3,True
222,otherfurniture,4,True
222,otherfurniture,5,True
222,otherfurniture,6,True
222,otherfurniture,7,True
222,otherfurniture,8,False
222,desk,9,True
222,curtain,10,False
222,curtain,11,False
222,curtain,12,True
222,bathtub,13,True
222,table,14,False
222,table,15,True
222,bed,16,True
222,bed,17,True
222,chair,18,True
222,chair,19,True
222,chair,20,True
222,toilet,21,True
222,cabinet,22,False
222,cabinet,23,True
222,sofa,24,True
222,window,25,False
222,window,26,True
222,picture,27,False
222,picture,28,True
222,sink,29,True
222,showercurtain,30,True
223,chair,0,True
223,chair,1,True
223,otherfurniture,2,True
223,otherfurniture,3,True
223,table,4,True
223,door,5,True
223,door,6,False
224,chair,0,True
224,chair,1,True
224,chair,2,True
224,chair,3,True
224,chair,4,True
224,chair,5,True
224,chair,6,True
224,chair,7,True
224,door,8,False
224,door,9,True
224,table,10,True
224,window,11,True
224,otherfurniture,12,True
225,door,0,True
225,door,1,True
225,curtain,2,True
225,chair,3,True
225,otherfurniture,4,True
225,bed,5,True
225,desk,6,True
226,table,0,True
226,door,1,True
226,door,2,False
226,door,3,True
226,cabinet,4,False
226,cabinet,5,True
226,cabinet,6,True
226,cabinet,7,True
226,cabinet,8,True
226,sink,9,True
226,sink,10,False
226,toilet,11,True
226,showercurtain,12,True
226,bathtub,13,True
226,otherfurniture,14,True
226,otherfurniture,15,False
226,otherfurniture,16,True
226,sofa,17,True
226,bed,18,True
226,desk,19,True
226,refrigerator,20,True
226,chair,21,False
226,window,22,True
226,window,23,True
226,counter,24,True
227,table,0,True
227,table,1,True
227,chair,2,True
227,chair,3,True
227,chair,4,True
227,chair,5,True
227,chair,6,True
227,chair,7,True
227,door,8,True
227,otherfurniture,9,False
227,otherfurniture,10,False
228,window,0,True
228,table,1,True
228,table,2,True
228,chair,3,True
228,chair,4,True
228,chair,5,True
228,chair,6,True
228,chair,7,False
228,chair,8,True
228,chair,9,True
228,otherfurniture,10,True
228,otherfurniture,11,True
228,otherfurniture,12,True
228,door,13,True
228,door,14,False
228,picture,15,False
228,picture,16,False
228,picture,17,False
229,chair,0,True
229,chair,1,True
229,chair,2,False
229,chair,3,True
229,chair,4,False
229,chair,5,False
229,chair,6,False
229,chair,7,True
229,chair,8,False
229,chair,9,True
229,sofa,10,True
229,door,11,True
229,door,12,True
229,otherfurniture,13,True
230,chair,0,True
230,chair,1,True
230,chair,2,True
230,chair,3,True
230,otherfurniture,4,True
230,otherfurniture,5,True
230,otherfurniture,6,True
230,table,7,True
230,table,8,True
230,table,9,True
230,table,10,True
230,table,11,True
231,chair,0,True
231,chair,1,True
231,otherfurniture,2,True
231,otherfurniture,3,True
231,otherfurniture,4,True
231,otherfurniture,5,False
231,otherfurniture,6,False
231,door,7,True
231,door,8,True
231,door,9,True
231,table,10,True
231,table,11,True
231,window,12,True
231,window,13,True
231,window,14,True
231,cabinet,15,False
232,sofa,0,True
232,table,1,True
232,table,2,True
232,otherfurniture,3,True
232,otherfurniture,4,False
232,chair,5,True
232,chair,6,False
232,chair,7,True
232,chair,8,True
232,bookshelf,9,True
232,curtain,10,True
232,picture,11,False
233,table,0,True
233,table,1,True
233,table,2,False
233,sofa,3,True
233,sofa,4,True
233,bookshelf,5,True
233,chair,6,True
233,chair,7,True
233,door,8,True
233,door,9,True
233,door,10,False
233,window,11,False
233,window,12,False
233,otherfurniture,13,True
233,picture,14,False
233,picture,15,False
234,sofa,0,True
234,table,1,True
234,table,2,True
234,table,3,True
234,curtain,4,True
234,curtain,5,False
234,curtain,6,False
234,desk,7,True
234,chair,8,False
234,chair,9,True
234,chair,10,True
234,bed,11,True
234,bed,12,True
234,otherfurniture,13,True
234,otherfurniture,14,True
234,otherfurniture,15,False
234,otherfurniture,16,True
234,cabinet,17,False
234,door,18,True
234,door,19,False
234,door,20,True
234,window,21,False
234,picture,22,True
234,picture,23,True
235,table,0,True
235,chair,1,True
235,chair,2,True
235,chair,3,True
235,chair,4,True
235,chair,5,True
235,chair,6,True
235,chair,7,True
235,chair,8,True
235,chair,9,True
235,chair,10,True
235,chair,11,True
235,window,12,True
236,otherfurniture,0,True
236,otherfurniture,1,True
236,otherfurniture,2,True
236,otherfurniture,3,True
236,otherfurniture,4,False
236,otherfurniture,5,True
236,otherfurniture,6,False
236,otherfurniture,7,True
236,desk,8,True
236,desk,9,True
236,bed,10,True
236,bed,11,True
236,chair,12,True
236,chair,13,True
236,door,14,True
236,door,15,False
236,window,16,True
236,window,17,True
237,toilet,0,True
237,toilet,1,True
237,door,2,True
237,door,3,True
237,door,4,True
237,door,5,False
237,door,6,True
237,door,7,True
237,window,8,True
237,otherfurniture,9,True
237,otherfurniture,10,False
237,sink,11,True
237,sink,12,True
238,refrigerator,0,True
238,refrigerator,1,True
238,cabinet,2,True
238,cabinet,3,True
238,cabinet,4,True
238,cabinet,5,False
238,cabinet,6,False
238,cabinet,7,True
238,cabinet,8,True
238,cabinet,9,True
238,cabinet,10,True
238,cabinet,11,True
238,counter,12,True
238,counter,13,True
238,sink,14,True
239,chair,0,True
239,chair,1,True
239,chair,2,True
239,chair,3,True
239,cabinet,4,True
239,cabinet,5,False
239,cabinet,6,False
239,door,7,True
239,table,8,True
239,refrigerator,9,True
239,counter,10,True
240,bed,0,True
240,bed,1,False
240,window,2,True
240,window,3,False
240,otherfurniture,4,True
240,otherfurniture,5,True
240,otherfurniture,6,False
240,picture,7,True
241,sofa,0,True
241,sofa,1,True
241,door,2,True
241,desk,3,False
241,desk,4,True
241,cabinet,5,True
241,cabinet,6,True
241,cabinet,7,True
241,cabinet,8,False
241,chair,9,True
241,chair,10,True
241,window,11,False
241,window,12,True
242,table,0,True
242,table,1,True
242,chair,2,True
242,chair,3,True
242,chair,4,True
242,chair,5,True
242,chair,6,True
242,chair,7,True
242,chair,8,False
242,chair,9,True
242,chair,10,True
242,chair,11,True
242,chair,12,True
242,chair,13,True
242,chair,14,True
242,chair,15,True
242,chair,16,True
242,chair,17,False
242,chair,18,True
242,chair,19,True
242,chair,20,True
242,chair,21,True
242,chair,22,True
242,chair,23,False
242,chair,24,True
242,chair,25,True
242,chair,26,True
242,chair,27,True
242,chair,28,True
242,chair,29,True
242,chair,30,True
242,chair,31,True
242,chair,32,False
242,otherfurniture,33,True
242,otherfurniture,34,False
242,cabinet,35,False
242,cabinet,36,False
242,window,37,True
242,window,38,False
242,window,39,False
242,window,40,True
242,window,41,False
243,chair,0,True
243,chair,1,True
243,chair,2,True
243,chair,3,True
243,cabinet,4,False
243,desk,5,True
243,desk,6,True
243,otherfurniture,7,True
243,door,8,False
243,door,9,True
243,door,10,False
243,door,11,True
243,window,12,True
243,window,13,False
243,window,14,True
244,chair,0,True
244,chair,1,True
244,chair,2,True
244,chair,3,True
244,window,4,True
244,desk,5,True
244,desk,6,True
244,desk,7,True
244,otherfurniture,8,True
244,bookshelf,9,True
244,bookshelf,10,True
244,cabinet,11,True
244,cabinet,12,False
244,door,13,True
245,table,0,True
245,table,1,True
245,table,2,True
245,table,3,True
245,table,4,True
245,table,5,True
245,chair,6,True
245,chair,7,False
246,picture,0,False
246,picture,1,False
246,picture,2,False
246,picture,3,False
246,picture,4,False
246,picture,5,False
246,picture,6,False
246,curtain,7,False
246,curtain,8,True
246,window,9,False
246,table,10,True
246,otherfurniture,11,True
246,otherfurniture,12,True
246,otherfurniture,13,False
246,chair,14,True
247,table,0,True
247,table,1,True
247,table,2,True
247,sofa,3,True
247,chair,4,True
247,chair,5,True
247,chair,6,True
247,curtain,7,True
247,picture,8,False
247,picture,9,False
247,picture,10,False
247,picture,11,False
247,picture,12,False
247,picture,13,False
247,picture,14,False
247,picture,15,False
247,picture,16,False
247,picture,17,False
247,otherfurniture,18,False
247,otherfurniture,19,False
247,otherfurniture,20,True
247,otherfurniture,21,False
247,window,22,True
247,door,23,False
248,chair,0,True
248,chair,1,True
248,chair,2,True
248,chair,3,True
248,chair,4,True
248,chair,5,True
248,chair,6,True
248,chair,7,True
248,chair,8,True
248,chair,9,True
248,chair,10,True
248,chair,11,True
248,chair,12,True
248,chair,13,True
248,chair,14,True
248,chair,15,True
248,chair,16,True
248,chair,17,False
248,chair,18,False
248,chair,19,True
248,chair,20,False
248,chair,21,True
248,chair,22,True
248,chair,23,False
248,chair,24,True
248,table,25,False
248,window,26,True
248,otherfurniture,27,True
248,door,28,True
248,door,29,False
249,chair,0,True
249,chair,1,True
249,chair,2,True
249,chair,3,True
249,sofa,4,True
249,table,5,True
249,table,6,True
249,otherfurniture,7,True
249,otherfurniture,8,True
249,bookshelf,9,True
249,picture,10,False
249,curtain,11,True
250,door,0,True
250,door,1,True
250,sink,2,True
250,toilet,3,True
250,toilet,4,True
250,otherfurniture,5,True
251,otherfurniture,0,True
251,otherfurniture,1,True
251,otherfurniture,2,True
251,otherfurniture,3,True
251,otherfurniture,4,True
251,door,5,False
251,door,6,False
251,showercurtain,7,False
251,toilet,8,True
251,sink,9,True
251,counter,10,True
251,window,11,False
252,sofa,0,True
252,sofa,1,True
252,table,2,True
252,otherfurniture,3,False
252,otherfurniture,4,True
253,cabinet,0,True
253,cabinet,1,False
253,cabinet,2,False
253,cabinet,3,True
253,cabinet,4,True
253,cabinet,5,False
253,chair,6,False
253,chair,7,True
253,chair,8,True
253,chair,9,True
253,chair,10,True
253,chair,11,True
253,chair,12,True
253,chair,13,True
253,window,14,True
253,window,15,True
253,desk,16,True
253,desk,17,True
253,desk,18,False
253,desk,19,True
253,desk,20,True
253,desk,21,True
253,door,22,False
253,otherfurniture,23,True
253,otherfurniture,24,True
254,sofa,0,True
254,sofa,1,True
254,chair,2,True
254,chair,3,True
254,chair,4,True
254,chair,5,True
254,chair,6,True
254,table,7,False
254,desk,8,True
254,cabinet,9,False
254,cabinet,10,True
254,cabinet,11,True
254,cabinet,12,False
254,cabinet,13,False
254,cabinet,14,True
254,cabinet,15,False
254,cabinet,16,True
254,cabinet,17,False
254,cabinet,18,True
254,window,19,True
254,window,20,False
254,window,21,True
254,window,22,True
254,door,23,False
254,door,24,False
254,picture,25,False
254,picture,26,True
254,otherfurniture,27,True
254,otherfurniture,28,False
254,counter,29,False
254,sink,30,False
254,sink,31,False
254,refrigerator,32,True
255,cabinet,0,False
255,cabinet,1,True
255,cabinet,2,True
255,cabinet,3,True
255,cabinet,4,True
255,cabinet,5,False
255,otherfurniture,6,True
255,otherfurniture,7,False
255,otherfurniture,8,False
255,otherfurniture,9,True
255,window,10,True
255,sink,11,True
255,picture,12,False
255,picture,13,False
255,picture,14,False
255,picture,15,False
255,picture,16,False
255,picture,17,False
255,picture,18,True
255,counter,19,True
255,refrigerator,20,True
256,desk,0,True
256,desk,1,True
256,desk,2,True
256,desk,3,True
256,chair,4,True
256,chair,5,True
256,chair,6,True
256,chair,7,True
256,chair,8,True
256,refrigerator,9,True
256,table,10,False
256,door,11,True
256,door,12,True
256,window,13,False
256,otherfurniture,14,True
256,otherfurniture,15,True
256,bookshelf,16,True
257,window,0,True
257,chair,1,True
257,chair,2,False
257,chair,3,True
257,chair,4,False
257,otherfurniture,5,True
257,otherfurniture,6,False
257,otherfurniture,7,False
257,desk,8,True
257,cabinet,9,True
257,door,10,True
258,picture,0,False
258,picture,1,False
258,picture,2,False
258,picture,3,False
258,table,4,True
258,table,5,True
258,table,6,True
258,table,7,True
258,door,8,True
258,door,9,True
258,door,10,True
258,door,11,False
258,door,12,True
258,door,13,False
258,door,14,True
258,door,15,True
258,otherfurniture,16,False
258,otherfurniture,17,False
258,otherfurniture,18,True
258,cabinet,19,False
258,cabinet,20,False
258,chair,21,True
258,chair,22,True
258,chair,23,True
258,chair,24,True
258,sofa,25,True
258,sofa,26,True
259,counter,0,True
259,counter,1,True
259,refrigerator,2,True
259,cabinet,3,False
259,cabinet,4,False
259,cabinet,5,False
259,cabinet,6,True
259,cabinet,7,True
259,cabinet,8,False
259,cabinet,9,False
259,cabinet,10,True
259,cabinet,11,True
259,window,12,True
259,chair,13,False
259,otherfurniture,14,False
259,sink,15,True
259,table,16,False
260,otherfurniture,0,True
260,chair,1,True
260,chair,2,True
260,chair,3,True
260,chair,4,True
260,chair,5,True
260,chair,6,True
260,chair,7,True
260,chair,8,True
260,chair,9,True
260,chair,10,True
260,chair,11,True
260,chair,12,True
260,chair,13,True
260,chair,14,True
260,chair,15,True
260,chair,16,True
260,chair,17,True
260,table,18,True
260,cabinet,19,True
260,window,20,True
261,bookshelf,0,True
261,table,1,True
261,table,2,True
261,chair,3,True
261,chair,4,True
261,chair,5,True
261,chair,6,True
261,chair,7,True
261,chair,8,True
261,window,9,True
261,window,10,False
262,otherfurniture,0,True
262,otherfurniture,1,True
262,cabinet,2,True
262,cabinet,3,False
262,cabinet,4,True
262,counter,5,True
262,door,6,True
263,chair,0,True
263,chair,1,True
263,chair,2,True
263,chair,3,True
263,chair,4,True
263,chair,5,False
263,table,6,True
263,table,7,True
263,window,8,True
263,cabinet,9,True
263,picture,10,False
263,door,11,True
263,counter,12,True
264,window,0,True
264,picture,1,False
264,desk,2,True
264,curtain,3,True
264,bed,4,True
264,chair,5,True
264,chair,6,True
264,otherfurniture,7,True
264,door,8,True
264,door,9,True
264,bookshelf,10,True
264,cabinet,11,True
265,otherfurniture,0,True
265,otherfurniture,1,False
265,otherfurniture,2,True
265,bed,3,False
265,bed,4,True
265,picture,5,True
265,door,6,False
265,window,7,False
266,picture,0,True
266,curtain,1,True
266,curtain,2,False
266,refrigerator,3,True
266,door,4,True
266,desk,5,True
266,otherfurniture,6,True
266,otherfurniture,7,True
266,chair,8,True
266,chair,9,True
266,bed,10,True
266,bed,11,True
267,counter,0,True
267,bed,1,True
267,sofa,2,True
267,otherfurniture,3,True
267,otherfurniture,4,True
267,otherfurniture,5,True
267,door,6,False
267,door,7,False
267,door,8,True
267,window,9,True
267,window,10,True
267,sink,11,False
267,sink,12,True
267,cabinet,13,True
267,cabinet,14,True
267,cabinet,15,False
267,table,16,True
267,table,17,True
267,toilet,18,True
267,bathtub,19,True
267,chair,20,True
267,refrigerator,21,True
267,showercurtain,22,True
268,chair,0,True
268,table,1,True
268,door,2,True
268,door,3,True
268,window,4,False
268,window,5,False
269,otherfurniture,0,True
269,otherfurniture,1,True
269,otherfurniture,2,False
269,desk,3,True
269,chair,4,False
269,cabinet,5,False
269,door,6,False
269,bed,7,True
269,window,8,True
270,sofa,0,True
270,sofa,1,True
270,table,2,True
270,table,3,True
270,table,4,True
270,table,5,True
270,table,6,True
270,table,7,False
270,table,8,True
270,chair,9,True
270,chair,10,True
270,chair,11,True
270,chair,12,True
270,door,13,False
270,door,14,True
270,door,15,False
270,window,16,False
270,window,17,False
271,otherfurniture,0,True
271,otherfurniture,1,False
271,otherfurniture,2,True
271,otherfurniture,3,True
271,otherfurniture,4,True
271,otherfurniture,5,False
271,otherfurniture,6,False
271,otherfurniture,7,False
271,otherfurniture,8,False
271,table,9,False
271,table,10,False
271,table,11,False
271,table,12,False
271,table,13,False
271,door,14,True
271,door,15,True
271,door,16,True
271,sink,17,False
272,otherfurniture,0,True
272,otherfurniture,1,True
272,otherfurniture,2,True
272,chair,3,True
272,window,4,False
273,door,0,False
273,cabinet,1,True
273,otherfurniture,2,False
274,chair,0,True
274,chair,1,True
274,chair,2,True
274,chair,3,True
274,chair,4,True
274,chair,5,True
274,chair,6,False
274,chair,7,True
274,chair,8,True
274,chair,9,True
274,chair,10,True
274,chair,11,True
274,chair,12,True
274,chair,13,True
274,chair,14,True
274,chair,15,True
274,chair,16,True
274,chair,17,True
274,chair,18,True
274,chair,19,True
274,chair,20,True
274,chair,21,False
274,chair,22,True
274,chair,23,True
274,chair,24,False
274,chair,25,True
274,chair,26,True
274,cabinet,27,True
274,picture,28,True
274,otherfurniture,29,False
274,table,30,True
275,window,0,False
275,desk,1,True
275,cabinet,2,True
275,cabinet,3,False
275,door,4,True
275,bed,5,True
275,chair,6,True
275,otherfurniture,7,True
276,chair,0,True
276,chair,1,True
276,chair,2,True
276,chair,3,True
276,chair,4,True
276,chair,5,True
276,chair,6,True
276,chair,7,True
276,chair,8,False
276,chair,9,True
276,chair,10,True
276,chair,11,True
276,chair,12,False
276,chair,13,True
276,chair,14,True
276,chair,15,True
276,cabinet,16,True
276,table,17,True
276,window,18,False
276,window,19,True
276,otherfurniture,20,False
276,door,21,True
277,chair,0,True
277,chair,1,True
277,chair,2,False
277,chair,3,True
277,table,4,True
277,cabinet,5,False
277,otherfurniture,6,False
278,bed,0,True
278,door,1,True
278,door,2,True
278,door,3,True
278,door,4,True
278,chair,5,True
278,otherfurniture,6,True
278,otherfurniture,7,False
278,otherfurniture,8,False
278,otherfurniture,9,False
278,desk,10,True
278,window,11,True
279,otherfurniture,0,True
279,window,1,True
279,chair,2,True
279,chair,3,True
279,chair,4,True
279,chair,5,True
279,door,6,True
279,table,7,True
280,cabinet,0,True
280,door,1,True
280,door,2,True
280,door,3,False
280,refrigerator,4,True
280,otherfurniture,5,True
280,otherfurniture,6,True
281,sofa,0,True
281,sofa,1,True
281,otherfurniture,2,False
281,otherfurniture,3,True
281,table,4,True
281,table,5,False
281,door,6,False
282,chair,0,True
282,chair,1,True
282,chair,2,True
282,chair,3,True
282,chair,4,True
282,chair,5,True
282,chair,6,True
282,chair,7,True
282,chair,8,True
282,chair,9,True
282,otherfurniture,10,True
282,table,11,True
282,door,12,True
282,window,13,False
283,refrigerator,0,True
283,cabinet,1,True
283,cabinet,2,True
283,cabinet,3,False
283,table,4,True
283,table,5,False
283,table,6,False
283,sink,7,True
283,chair,8,True
283,chair,9,True
283,chair,10,True
283,chair,11,True
283,chair,12,True
283,chair,13,True
283,counter,14,True
283,otherfurniture,15,True
283,otherfurniture,16,True
284,door,0,False
284,desk,1,True
284,desk,2,True
284,window,3,True
284,chair,4,True
284,chair,5,True
284,chair,6,True
284,cabinet,7,True
284,cabinet,8,True
284,cabinet,9,False
284,otherfurniture,10,True
284,otherfurniture,11,True
284,picture,12,False
285,bed,0,True
285,desk,1,True
285,chair,2,True
285,cabinet,3,False
285,door,4,False
285,window,5,True
285,otherfurniture,6,True
285,otherfurniture,7,False
285,otherfurniture,8,False
286,cabinet,0,True
286,cabinet,1,False
286,cabinet,2,False
286,table,3,True
286,table,4,True
286,chair,5,True
286,chair,6,True
286,chair,7,True
286,chair,8,True
286,chair,9,True
286,chair,10,True
286,chair,11,True
286,chair,12,True
286,chair,13,True
286,chair,14,True
286,chair,15,True
286,otherfurniture,16,True
286,otherfurniture,17,True
286,refrigerator,18,False
286,refrigerator,19,True
286,window,20,True
286,window,21,True
286,counter,22,False
286,sink,23,True
286,door,24,True
286,door,25,True
287,window,0,True
287,door,1,True
287,door,2,True
287,door,3,True
287,door,4,True
287,bed,5,True
287,desk,6,True
287,chair,7,True
287,otherfurniture,8,False
287,otherfurniture,9,False
287,otherfurniture,10,False
288,window,0,True
288,bookshelf,1,True
288,curtain,2,True
288,chair,3,True
288,bed,4,True
288,table,5,True
288,otherfurniture,6,False
288,door,7,False
288,door,8,False
289,otherfurniture,0,False
289,otherfurniture,1,False
289,otherfurniture,2,True
289,desk,3,True
289,chair,4,True
289,bed,5,False
289,curtain,6,True
289,window,7,True
289,door,8,True
289,door,9,True
290,otherfurniture,0,True
290,door,1,True
290,door,2,True
290,toilet,3,True
290,bathtub,4,True
290,picture,5,False
290,showercurtain,6,True
291,desk,0,True
291,desk,1,True
291,desk,2,False
291,desk,3,True
291,desk,4,True
291,desk,5,True
291,cabinet,6,True
291,cabinet,7,True
291,cabinet,8,True
291,cabinet,9,True
291,cabinet,10,True
291,cabinet,11,False
291,chair,12,True
291,chair,13,True
291,chair,14,True
291,chair,15,True
291,chair,16,True
291,chair,17,True
291,chair,18,True
291,chair,19,True
291,door,20,True
291,door,21,True
291,window,22,False
291,window,23,True
291,window,24,True
291,otherfurniture,25,True
291,otherfurniture,26,True
292,bathtub,0,True
292,showercurtain,1,True
292,cabinet,2,True
292,door,3,True
292,door,4,True
292,toilet,5,True
292,picture,6,False
292,sink,7,True
292,otherfurniture,8,True
293,door,0,False
293,door,1,False
293,chair,2,True
293,chair,3,True
293,chair,4,True
293,desk,5,False
293,bed,6,True
293,otherfurniture,7,False
293,picture,8,False
293,window,9,False
294,door,0,False
294,door,1,False
294,door,2,False
294,door,3,False
294,door,4,False
294,door,5,False
294,sink,6,False
294,sink,7,False
294,otherfurniture,8,True
294,otherfurniture,9,True
294,otherfurniture,10,True
294,otherfurniture,11,True
294,table,12,True
294,window,13,False
294,window,14,True
294,cabinet,15,False
294,cabinet,16,True
294,cabinet,17,True
294,chair,18,True
294,refrigerator,19,True
295,door,0,True
295,door,1,True
295,door,2,True
295,door,3,True
295,door,4,True
295,toilet,5,True
295,cabinet,6,False
295,picture,7,True
295,otherfurniture,8,False
295,sink,9,False
295,window,10,True
295,showercurtain,11,False
295,bathtub,12,True
296,window,0,True
296,window,1,False
296,chair,2,True
296,chair,3,True
296,chair,4,True
296,chair,5,True
296,chair,6,True
296,chair,7,True
296,chair,8,True
296,chair,9,True
296,chair,10,True
296,chair,11,True
296,chair,12,True
296,chair,13,False
296,chair,14,False
296,chair,15,True
296,chair,16,True
296,chair,17,True
296,chair,18,True
296,chair,19,True
296,chair,20,True
296,chair,21,True
296,chair,22,False
296,chair,23,True
296,cabinet,24,True
296,cabinet,25,True
296,otherfurniture,26,True
296,table,27,True
296,door,28,True
296,picture,29,False
297,cabinet,0,True
297,cabinet,1,False
297,cabinet,2,False
297,cabinet,3,False
297,cabinet,4,False
297,cabinet,5,False
297,cabinet,6,True
297,cabinet,7,True
297,cabinet,8,True
297,cabinet,9,False
297,counter,10,True
297,counter,11,True
297,refrigerator,12,True
297,refrigerator,13,True
297,sink,14,True
298,cabinet,0,True
298,cabinet,1,True
298,cabinet,2,True
298,cabinet,3,True
298,refrigerator,4,True
298,chair,5,True
298,chair,6,True
298,chair,7,True
298,chair,8,True
298,counter,9,True
298,sink,10,True
298,sink,11,False
298,otherfurniture,12,True
298,table,13,True
299,chair,0,True
299,chair,1,True
299,chair,2,True
299,chair,3,True
299,chair,4,True
299,chair,5,True
299,chair,6,True
299,chair,7,True
299,chair,8,False
299,chair,9,True
299,table,10,True
299,table,11,True
299,table,12,True
299,table,13,True
299,table,14,True
299,table,15,True
299,otherfurniture,16,True
299,otherfurniture,17,True
299,window,18,False
300,sofa,0,True
300,chair,1,True
300,chair,2,True
300,chair,3,True
300,chair,4,True
300,chair,5,True
300,chair,6,True
300,counter,7,False
300,cabinet,8,True
300,cabinet,9,False
300,cabinet,10,True
300,cabinet,11,False
300,cabinet,12,False
300,cabinet,13,False
300,cabinet,14,False
300,cabinet,15,False
300,cabinet,16,False
300,cabinet,17,False
300,cabinet,18,False
300,cabinet,19,False
300,cabinet,20,False
300,cabinet,21,True
300,cabinet,22,True
300,cabinet,23,True
300,desk,24,True
300,door,25,False
300,door,26,True
300,table,27,False
300,picture,28,False
300,picture,29,True
300,picture,30,False
300,window,31,True
300,window,32,True
300,window,33,False
300,window,34,False
300,otherfurniture,35,False
300,otherfurniture,36,False
300,refrigerator,37,True
300,sink,38,False
301,chair,0,True
301,chair,1,True
301,table,2,True
302,otherfurniture,0,True
302,otherfurniture,1,True
302,otherfurniture,2,True
302,window,3,True
302,table,4,True
302,table,5,True
302,chair,6,True
302,chair,7,True
302,chair,8,True
302,chair,9,True
302,chair,10,True
302,chair,11,True
302,chair,12,True
302,door,13,False
302,door,14,False
302,door,15,False
302,picture,16,False
302,picture,17,True
302,picture,18,False
302,picture,19,True
303,otherfurniture,0,True
303,otherfurniture,1,True
303,cabinet,2,True
303,cabinet,3,False
303,counter,4,True
303,door,5,True
304,sofa,0,True
304,sofa,1,True
304,sofa,2,True
304,table,3,True
304,table,4,True
304,window,5,True
304,window,6,False
304,window,7,False
304,door,8,True
304,picture,9,False
304,curtain,10,False
304,bookshelf,11,True
304,chair,12,False
304,otherfurniture,13,False
305,otherfurniture,0,False
305,otherfurniture,1,True
305,otherfurniture,2,True
305,otherfurniture,3,True
305,otherfurniture,4,True
305,chair,5,True
305,chair,6,True
305,desk,7,True
305,door,8,True
305,door,9,True
305,door,10,False
305,door,11,True
305,door,12,True
305,door,13,True
305,sofa,14,True
306,cabinet,0,True
306,cabinet,1,False
306,cabinet,2,False
306,refrigerator,3,False
306,door,4,False
306,door,5,True
306,door,6,False
306,door,7,False
306,door,8,False
306,door,9,True
306,door,10,False
306,table,11,True
306,chair,12,True
306,window,13,False
306,window,14,False
306,window,15,False
306,sink,16,False
306,sink,17,False
306,otherfurniture,18,True
306,otherfurniture,19,True
306,otherfurniture,20,False
306,otherfurniture,21,True
307,otherfurniture,0,True
307,otherfurniture,1,True
307,cabinet,2,True
307,cabinet,3,True
307,door,4,True
307,counter,5,True
308,refrigerator,0,True
308,cabinet,1,True
308,cabinet,2,False
308,cabinet,3,True
308,cabinet,4,True
308,counter,5,True
308,door,6,True
308,sink,7,True
308,picture,8,True
309,sofa,0,True
309,chair,1,True
309,chair,2,True
309,cabinet,3,True
309,cabinet,4,True
309,cabinet,5,False
309,cabinet,6,True
309,cabinet,7,False
309,desk,8,True
309,desk,9,True
309,door,10,True
309,bookshelf,11,False
309,otherfurniture,12,True
309,window,13,True
310,counter,0,True
310,showercurtain,1,True
310,showercurtain,2,False
310,toilet,3,True
310,otherfurniture,4,True
310,otherfurniture,5,True
310,otherfurniture,6,True
310,otherfurniture,7,True
310,otherfurniture,8,True
310,door,9,True
310,door,10,True
310,sink,11,True
310,window,12,True
311,showercurtain,0,True
311,bathtub,1,True
311,toilet,2,True
311,cabinet,3,True
311,sink,4,False
311,picture,5,True
311,otherfurniture,6,True
311,door,7,True
311,door,8,True
